/*
Navicat MySQL Data Transfer

Source Server         : localhost
Source Server Version : 50732
Source Host           : localhost:3306
Source Database       : vuecms

Target Server Type    : MYSQL
Target Server Version : 50732
File Encoding         : 65001

Date: 2022-08-11 15:29:18
*/

SET FOREIGN_KEY_CHECKS=0;

-- ----------------------------
-- Table structure for cd_admin_user
-- ----------------------------
DROP TABLE IF EXISTS `cd_admin_user`;
CREATE TABLE `cd_admin_user` (
  `user_id` int(11) NOT NULL AUTO_INCREMENT COMMENT '编号',
  `name` varchar(250) DEFAULT NULL COMMENT '真实姓名',
  `user` varchar(250) DEFAULT NULL COMMENT '用户名',
  `pwd` varchar(250) DEFAULT NULL COMMENT '密码',
  `role_id` int(11) DEFAULT NULL COMMENT '所属分组',
  `note` varchar(250) DEFAULT NULL COMMENT '备注',
  `status` tinyint(4) DEFAULT NULL COMMENT '状态',
  `create_time` int(11) DEFAULT NULL COMMENT '创建时间',
  PRIMARY KEY (`user_id`) USING BTREE
) ENGINE=MyISAM AUTO_INCREMENT=30 DEFAULT CHARSET=utf8 ROW_FORMAT=DYNAMIC;

-- ----------------------------
-- Records of cd_admin_user
-- ----------------------------
INSERT INTO `cd_admin_user` VALUES ('1', '寒塘冷月', 'admin', '113a1f3723c8c810eca8dc595284dd44', '1', '超级管理员', '1', '1548558919');

-- ----------------------------
-- Table structure for cd_base_config
-- ----------------------------
DROP TABLE IF EXISTS `cd_base_config`;
CREATE TABLE `cd_base_config` (
  `id` int(11) NOT NULL AUTO_INCREMENT COMMENT '编号',
  `name` varchar(50) NOT NULL,
  `data` text,
  PRIMARY KEY (`id`) USING BTREE
) ENGINE=InnoDB AUTO_INCREMENT=27 DEFAULT CHARSET=utf8 ROW_FORMAT=DYNAMIC;

-- ----------------------------
-- Records of cd_base_config
-- ----------------------------
INSERT INTO `cd_base_config` VALUES ('1', 'site_title', '米苏的博客站');
INSERT INTO `cd_base_config` VALUES ('2', 'logo', 'http://vue.whpj.vip/uploads/admin/202105/60af9200b555c.jpg');
INSERT INTO `cd_base_config` VALUES ('3', 'keyword', '前端,博客');
INSERT INTO `cd_base_config` VALUES ('4', 'descrip', '记录学习笔记');
INSERT INTO `cd_base_config` VALUES ('5', 'copyright', '');
INSERT INTO `cd_base_config` VALUES ('6', 'filesize', '100000');
INSERT INTO `cd_base_config` VALUES ('7', 'filetype', 'gif,png,jpg,jpeg,doc,docx,xls,xlsx,csv,pdf,rar,zip,txt,mp4,flv,wgt');
INSERT INTO `cd_base_config` VALUES ('8', 'water_status', '1');
INSERT INTO `cd_base_config` VALUES ('9', 'water_position', '5');
INSERT INTO `cd_base_config` VALUES ('10', 'domain', '');
INSERT INTO `cd_base_config` VALUES ('18', 'ip_white', '');
INSERT INTO `cd_base_config` VALUES ('20', 'water_alpha', '90');
INSERT INTO `cd_base_config` VALUES ('26', 'tinymce', '<p>ekrjkrjkrejkkj</p>');

-- ----------------------------
-- Table structure for cd_batch
-- ----------------------------
DROP TABLE IF EXISTS `cd_batch`;
CREATE TABLE `cd_batch` (
  `batch_id` int(11) NOT NULL AUTO_INCREMENT,
  `title` varchar(250) DEFAULT NULL COMMENT '标题',
  `sex` smallint(6) DEFAULT NULL COMMENT '性别',
  `status` tinyint(4) DEFAULT NULL COMMENT '状态',
  `amount` varchar(250) DEFAULT NULL COMMENT '金额',
  `sortid` int(11) DEFAULT NULL COMMENT '排序号',
  `wb` text COMMENT '文本域',
  `bq` varchar(250) DEFAULT NULL COMMENT '标签',
  `jsq` decimal(10,2) DEFAULT NULL COMMENT '计数器',
  `file` varchar(250) DEFAULT '' COMMENT '单文件',
  PRIMARY KEY (`batch_id`)
) ENGINE=InnoDB AUTO_INCREMENT=12 DEFAULT CHARSET=utf8;

-- ----------------------------
-- Records of cd_batch
-- ----------------------------
INSERT INTO `cd_batch` VALUES ('1', 'iis 网站下看板娘文件Moc、Mtn文件404解决办法', '1', '1', 'http://www.bpwen.cn/show/2118/9477', '1', '文件拓展名：.moc\nMIME类型（M）: application/x-mocha\n文件拓展名：.mtn\nMIME类型（M）: application/octet-stream', 'iis', null, '');
INSERT INTO `cd_batch` VALUES ('2', '原因:CORS 头缺少 ‘Access-Control-Allow-Origin’ 解决办法', '1', '1', '', '2', 'IIS配置：在iis添加HTTP响应头\n1.Access-Control-Allow-Headers：Content-Type, api_key, Authorization\n2.Access-Control-Allow-Origin：*', 'iis', null, '');
INSERT INTO `cd_batch` VALUES ('3', '生成二维码的网址', '1', '1', 'https://cli.im/url', '3', '', '二维码', null, '');
INSERT INTO `cd_batch` VALUES ('4', '在线压缩图片', '1', '1', 'https://www.bejson.com/ui/compress_img/', '4', '', '压缩图片', null, '');
INSERT INTO `cd_batch` VALUES ('5', 'IIS配置SSL并强制开启https教程', '1', '1', '', '5', '参考文档', 'iis', null, '/uploads/admin/202203/62343add8aae4.docx');
INSERT INTO `cd_batch` VALUES ('6', 'iis下 URL Rewrite组件', '1', '1', 'https://www.iis.net/downloads/microsoft/url-rewrite#additionalDownloads', '6', 'url重写组件，没有的话config里配置的rewrite不生效会报错', 'iis', null, '/uploads/admin/202203/6234a0ff1b153.zip');
INSERT INTO `cd_batch` VALUES ('7', '上传图片文件报错，fopen() expects parameter 1 to be a', '1', '1', '', '7', '给临时目录 C:\\Windows\\Temp 加上 user 读取权限就可以。', 'window', null, '');
INSERT INTO `cd_batch` VALUES ('8', '微软常用运行库合集包v2019.07.20', '1', '1', 'https://www.zdfans.com/html/6826.html', '8', '见链接', 'window', null, '');
INSERT INTO `cd_batch` VALUES ('9', '上传文件过大 413 Request Entity Too Large', '1', '1', 'https://blog.csdn.net/qq_42152033/article/details/108745903', '9', '在webconfig里添加以下代码：\n<security>\n      <requestFiltering>\n        <requestLimits maxAllowedContentLength=\"2147483647\"></requestLimits>\n      </requestFiltering>\n\n</security>', 'iis', null, '');
INSERT INTO `cd_batch` VALUES ('11', '如何弹出QQ临时对话框实现不添加好友在线交谈效果', '1', '1', 'https://shang.qq.com', '11', '用对应的QQ登录复制代码即可实现', 'QQ', null, '');

-- ----------------------------
-- Table structure for cd_catagory
-- ----------------------------
DROP TABLE IF EXISTS `cd_catagory`;
CREATE TABLE `cd_catagory` (
  `class_id` int(10) NOT NULL AUTO_INCREMENT,
  `class_name` varchar(250) DEFAULT NULL,
  `subtitle` varchar(250) DEFAULT NULL COMMENT '副标题',
  `type` tinyint(4) DEFAULT NULL,
  `list_tpl` varchar(250) DEFAULT NULL,
  `detail_tpl` varchar(250) DEFAULT NULL,
  `pic` varchar(250) DEFAULT NULL,
  `keyword` varchar(250) DEFAULT NULL,
  `description` text,
  `jumpurl` varchar(250) DEFAULT NULL,
  `sortid` int(9) DEFAULT NULL,
  `pid` tinyint(4) DEFAULT NULL,
  `status` tinyint(4) DEFAULT '1',
  `filepath` varchar(255) DEFAULT NULL,
  `filename` varchar(32) DEFAULT NULL COMMENT '生成文件名',
  `module_id` smallint(5) DEFAULT NULL,
  `upload_config_id` smallint(6) DEFAULT NULL COMMENT '上传配置',
  PRIMARY KEY (`class_id`),
  UNIQUE KEY `class_id` (`class_id`) USING BTREE,
  KEY `class_name` (`class_name`) USING BTREE
) ENGINE=InnoDB AUTO_INCREMENT=12 DEFAULT CHARSET=utf8;

-- ----------------------------
-- Records of cd_catagory
-- ----------------------------
INSERT INTO `cd_catagory` VALUES ('1', '首页轮播图', null, '1', 'list', 'view', null, '', null, null, '1', '6', '1', null, 'index.html', null, null);
INSERT INTO `cd_catagory` VALUES ('2', '首页导航', null, '2', 'list', 'view', null, '', null, null, '2', '6', '1', null, 'index.html', null, null);
INSERT INTO `cd_catagory` VALUES ('3', '关于我们', '无子栏目', '1', 'about', '', '/uploads/admin/202203/622ab32554293.png', '', null, null, '8', '2', '1', null, 'index.html', '0', null);
INSERT INTO `cd_catagory` VALUES ('4', '网站建设', null, '2', 'list', 'view', null, '', null, null, '4', '2', '1', null, 'index.html', null, null);
INSERT INTO `cd_catagory` VALUES ('5', '模板大全', null, '2', 'list', 'view_templat', null, '', null, null, '5', '4', '1', null, 'index.html', '1055', null);
INSERT INTO `cd_catagory` VALUES ('6', '搜索', null, '2', 'search', 'view', null, '', null, null, '6', null, '1', null, 'index.html', null, null);
INSERT INTO `cd_catagory` VALUES ('7', '成品案例', null, '2', 'list', 'view', null, '', null, null, '7', '4', '1', null, 'index.html', null, null);
INSERT INTO `cd_catagory` VALUES ('8', '技术分享', null, '2', 'list', 'view', null, '', null, null, '6', '2', '1', null, 'index.html', null, null);
INSERT INTO `cd_catagory` VALUES ('11', 'webpack', null, '2', 'list', 'view', null, '', null, null, '11', '8', '1', null, 'index.html', null, null);

-- ----------------------------
-- Table structure for cd_company
-- ----------------------------
DROP TABLE IF EXISTS `cd_company`;
CREATE TABLE `cd_company` (
  `company_id` int(11) NOT NULL AUTO_INCREMENT COMMENT '公司id',
  `company_name` varchar(50) NOT NULL DEFAULT '' COMMENT '公司名称',
  `contacts` varchar(20) NOT NULL COMMENT '联系人',
  `phone` varchar(20) NOT NULL COMMENT '联系电话',
  `description` varchar(255) DEFAULT '' COMMENT '描述',
  PRIMARY KEY (`company_id`) USING BTREE
) ENGINE=InnoDB AUTO_INCREMENT=6 DEFAULT CHARSET=utf8mb4 ROW_FORMAT=DYNAMIC;

-- ----------------------------
-- Records of cd_company
-- ----------------------------
INSERT INTO `cd_company` VALUES ('3', '广西名嘉钢结构工程有限公司', '周培勇', '18077774366', '甲 方：广西名嘉钢结构工程有限公司 电 话：0771-5822535 QQ邮箱： 信用代码：91450100057534943F 开户行：中国银行南宁市明秀东支行   账 号：613260635092 地 址：扶绥县山圩镇广西农垦国有山圩农场场部B21栋2号楼501室（营业执照）');
INSERT INTO `cd_company` VALUES ('4', '广西金瑞工程咨询有限公司（原：大旺）', '冯礼仁', '15977109832', '');
INSERT INTO `cd_company` VALUES ('5', '广东康大控股有限公司', '周小姐', '13750017162', '');

-- ----------------------------
-- Table structure for cd_content
-- ----------------------------
DROP TABLE IF EXISTS `cd_content`;
CREATE TABLE `cd_content` (
  `content_id` int(10) NOT NULL AUTO_INCREMENT,
  `title` varchar(250) DEFAULT NULL,
  `class_id` tinyint(4) DEFAULT NULL,
  `pic` varchar(250) DEFAULT NULL,
  `detail` longtext,
  `status` tinyint(4) DEFAULT NULL,
  `position` varchar(250) DEFAULT NULL,
  `jumpurl` varchar(250) DEFAULT NULL,
  `create_time` int(10) DEFAULT NULL,
  `keyword` varchar(250) DEFAULT NULL,
  `description` text,
  `views` varchar(250) DEFAULT '1',
  `sortid` int(11) DEFAULT NULL,
  `author` varchar(250) DEFAULT NULL,
  PRIMARY KEY (`content_id`),
  KEY `title` (`title`) USING BTREE,
  KEY `class_id` (`class_id`) USING BTREE,
  KEY `create_time` (`create_time`) USING BTREE
) ENGINE=InnoDB AUTO_INCREMENT=28 DEFAULT CHARSET=utf8;

-- ----------------------------
-- Records of cd_content
-- ----------------------------
INSERT INTO `cd_content` VALUES ('1', '一杯茶，一包烟，一个bug改一天', '1', '/uploads/admin/202205/6290896915aed.jpg', '', '1', '', '', '1653639533', '', '', '21', '1', '');
INSERT INTO `cd_content` VALUES ('2', '程序不是年轻的专利，但是，他属于年轻', '1', '/uploads/admin/202205/629093a253772.png', '', '1', '', '', '1653639568', '', '', '5', '2', '');
INSERT INTO `cd_content` VALUES ('3', '一个人静静坐在电脑面前写代码的感觉，那是什么感觉？那是武林高手闭关修炼的感觉', '1', '/uploads/admin/202205/62908a209ef7c.jpg', '', '1', '', '', '1653639713', '', '', '7', '3', '');
INSERT INTO `cd_content` VALUES ('4', '前期追深度，否则会华而不实，后期追广度，否则会坐井观天', '1', '/uploads/admin/202205/629093c103879.jpg', '', '1', '', '', '1653639935', '', '', '24', '4', '');
INSERT INTO `cd_content` VALUES ('5', '【响应式模板】清新果汁', '5', '/uploads/admin/202207/62d0dabdbd387.png', '<p><img src=\"/uploads/admin/202207/62d0dabdbd387.png\" style=\"max-width:100%;\"/></p>', '1', '', '', '1654501270', '', '', '67', '5', '');
INSERT INTO `cd_content` VALUES ('6', '服装商城网站php+mysql', '7', '/uploads/admin/202206/62a985cf33b19.png', '<p data-we-empty-p=\"\" style=\"text-align:left;\">此网站主要是针对毕业设计所实现的，前端利用ajax与php进行交互获取数据，实现各个功能，主要的功能有：登录、注册、加入购物车、下单、个人中心、后台登录、后台会员管理、后台订单管理、后台商品管理等功能，以下为网站展示。</p><p><b><img src=\"/uploads/admin/202206/62a985cf33b19.png\" style=\"max-width:100%;\"/></b></p><p><b><img src=\"/uploads/admin/202206/62a9830e194c1.png\" style=\"max-width:100%;\"/><br/></b></p><p><img src=\"/uploads/admin/202206/62a983254dbb3.png\" style=\"max-width:100%;\"/></p><p><img src=\"/uploads/admin/202206/62a985e37e6ed.png\" style=\"max-width:100%;\"/></p><p><img src=\"/uploads/admin/202206/62a985d95c8f7.png\" style=\"max-width:100%;\"/></p><p><img src=\"/uploads/admin/202206/62a985fe872c2.png\" style=\"max-width:100%;\"/></p><p><img src=\"/uploads/admin/202206/62a986088f5f5.png\" style=\"max-width:100%;\"/></p><p><img src=\"/uploads/admin/202206/62a98614e31fd.png\" style=\"max-width:100%;\"/></p><p><img src=\"/uploads/admin/202206/62a9861f28391.png\" style=\"max-width:100%;\"/></p><p><img src=\"/uploads/admin/202206/62a98627a8073.png\" style=\"max-width:100%;\"/></p><p><br/></p>', '1', '', '', '1655277133', '', '', '36', '6', '呵呵哒');
INSERT INTO `cd_content` VALUES ('9', '创建一个新的项目', '11', '', '<p>① 新建项目空白目录，并且执行 <font color=\"#c24f4a\">npm init -y</font> 命令，初始化包管理配置文件 package.json</p><p>② 新建 <font color=\"#c24f4a\">src</font> 源代码目录</p><p>③ 新建 src -&gt; <font color=\"#c24f4a\">index.html </font>首页</p><p>④ 初始化首页基本结构</p><p>⑤ 运行 <font color=\"#c24f4a\">npm install jquery -s <font color=\"#000000\">命令，安装jq</font></font></p>', '1', '', '', '1657614498', '', '', '2', '20', '');
INSERT INTO `cd_content` VALUES ('10', '在项目中安装webpack', '11', '', '<p>① 运行<font color=\"#c24f4a\"> npm install webpack webpack-cli -D</font> 命令，安装webpack相关的包</p><p>② 在项目根目录中，创建名为<font color=\"#c24f4a\">webpack.config.js</font> 的webpack配置文件</p><p>③ 在webpack的配置文件中，初始化如下基本配置:</p><p><font color=\"#c24f4a\"><span style=\"background-color: rgb(255, 255, 255);\">modle.exports = {</span></font></p><p><font color=\"#c24f4a\"><span style=\"background-color: rgb(255, 255, 255);\">&nbsp;&nbsp;&nbsp; mode:\'development\' //<font>development(开发阶段) | production(发布阶段)<br/></font></span></font></p><p><font color=\"#c24f4a\"><span style=\"background-color: rgb(255, 255, 255);\">}</span></font></p><p>④在package.json配置文件中的scripts节点下，新增dev脚本如下:</p><p><font color=\"#c24f4a\">\"script\":{</font></p><p><font color=\"#c24f4a\">&nbsp;&nbsp;&nbsp; \"dev\":\"webpack\" // script 节点下的脚本，可以通过 npm run 执行<br/></font></p><p><font color=\"#c24f4a\">}</font><br/></p>', '1', '', '', '1657614988', '', '', '10', '19', '');
INSERT INTO `cd_content` VALUES ('11', '配置打包的出口与入口', '11', '', '<p>webpack的4.x版本中默认约定;</p><p>&nbsp;&nbsp;&nbsp;&nbsp;&nbsp; 打包的<font color=\"#c24f4a\">入口文件</font>为 src&nbsp; -&gt; index.js</p><p>&nbsp;&nbsp;&nbsp;&nbsp;&nbsp; 打包的<font color=\"#c24f4a\">输出文件</font>为 dist&nbsp; -&gt; main.js</p><p>如果要修改打包的入口与出口，可以在webpack.config.js中新增如下配置信息; <br/></p><p><font color=\"#c24f4a\">&nbsp;&nbsp;&nbsp;&nbsp;&nbsp; const path = require(\'path\') // 导入node.js 中专门操作路径的模块</font></p><p><font color=\"#c24f4a\">&nbsp;&nbsp;&nbsp;&nbsp;&nbsp; module.exports = {</font></p><p><font color=\"#c24f4a\">&nbsp;&nbsp;&nbsp; &nbsp;&nbsp;&nbsp; &nbsp;&nbsp;&nbsp; entry:path.join(__dirname,\'./src/index.js\'), // 打包入口文件的路径</font></p><p><font color=\"#c24f4a\">&nbsp;&nbsp;&nbsp; &nbsp;&nbsp;&nbsp; &nbsp;&nbsp;&nbsp; output:{</font></p><p><font color=\"#c24f4a\">&nbsp;&nbsp;&nbsp; &nbsp;&nbsp;&nbsp; &nbsp;&nbsp;&nbsp; &nbsp;&nbsp;&nbsp; path:path.join(__dirname,\'./dist\'), // 输出文件错放路径</font></p><p><font color=\"#c24f4a\">&nbsp;&nbsp;&nbsp; &nbsp;&nbsp;&nbsp; &nbsp;&nbsp;&nbsp; &nbsp;&nbsp;&nbsp; filename:\'bundle.js\' // 输出文件的名称<br/></font></p><p><font color=\"#c24f4a\">&nbsp;&nbsp;&nbsp; &nbsp;&nbsp;&nbsp; &nbsp;&nbsp;&nbsp; }<br/></font></p><p><font color=\"#c24f4a\">&nbsp;&nbsp;&nbsp;&nbsp;&nbsp; }</font><br/></p>', '1', '', '', '1657615418', '', '', '5', '18', '');
INSERT INTO `cd_content` VALUES ('12', '配置webpack的自动打包功能', '11', '', '<p>① 运行<font color=\"#c24f4a\">npm install webpack-dev-server -D</font>命令，安装支持项目自动打包的工具</p><p>② 修改package.json -&gt; scripts中的dev命令如下:</p><p><font color=\"#c24f4a\">// package.json中的配置(可以省略 默认localhost)</font></p><p><font color=\"#c24f4a\">// --open 打包完成后自动打开浏览器页面</font></p><p><font color=\"#c24f4a\">// --host 配置ip地址</font></p><p><font color=\"#c24f4a\">//--port 配置端口</font><br/></p><p>&nbsp;<font color=\"#c24f4a\">\"scripts\":{</font></p><p><font color=\"#c24f4a\">&nbsp;&nbsp;&nbsp; &nbsp;&nbsp;&nbsp; \"dev\":\"webpack-dev-server --open --host 127.0.0.1 --port 8888\"&nbsp; // script节点下的脚本，可以通过npm run执行</font></p><p><font color=\"#c24f4a\">&nbsp; }</font></p><p>③ 将src -&gt; index.html中，script脚本的引用路径，修改为\"/buldle.js\"</p><p>④ 运行npm run dev命令，重新进行打包</p><p>⑤ 在浏览器中访问<font color=\"#46acc8\"><u>http://localhost:8080</u></font> 地址,查看自动打包效果</p><p>&nbsp;<font color=\"#c24f4a\">注意：</font><br/></p><p>&nbsp;&nbsp;&nbsp; &nbsp;&nbsp;&nbsp; ① webpack-dev-server会启动一个实时打包的http服务器</p><p>&nbsp;&nbsp;&nbsp; &nbsp;&nbsp;&nbsp; ② webpack-dev-server打包生成的输出文件，默认放到了项目根目录中，而且是虚拟的、看不见的</p><p>&nbsp;&nbsp;&nbsp;<br/></p>', '1', '', '', '1657616432', '', '', '2', '17', '');
INSERT INTO `cd_content` VALUES ('13', '配置html-webpack-plugin生成预览页面', '11', '', '<p>① 运行npm install html-webpack-plugin -D命令，安装生成预览页面的插件</p><p>② 修改webpack.config.js 文件头部区域，添加如下配置信息:</p><p>&nbsp;&nbsp;&nbsp; <font color=\"#c24f4a\">//导入生成预览页面的插件，得到一个构造函数</font></p><p><font color=\"#c24f4a\">&nbsp;&nbsp;&nbsp; const HtmlwebpackPlugin = require ( \'html-webpack-plugin\')</font></p><p><font color=\"#c24f4a\">&nbsp;&nbsp;&nbsp; const htmlPlugin = new HtmlWebpackPlugin ({ // 创建插件的实例对象</font></p><p><font color=\"#c24f4a\">&nbsp;&nbsp;&nbsp; &nbsp;&nbsp;&nbsp; template:\'./src/index.html\', // 指定要用到的模板文件</font></p><p><font color=\"#c24f4a\">&nbsp;&nbsp;&nbsp; &nbsp;&nbsp;&nbsp; filename:\'index.html\' // 指定生成的文件的名称，该文件存在于内存中，在目录中不显示</font></p><p><font color=\"#c24f4a\">&nbsp;&nbsp;&nbsp; })</font></p><p>③ 修改webpack.config.js 文件中向外暴露的配置对象，新增如下配置节点：</p><p>&nbsp;&nbsp;<font color=\"#c24f4a\">&nbsp; module.exports = {</font></p><p><font color=\"#c24f4a\">&nbsp;&nbsp;&nbsp; &nbsp;&nbsp;&nbsp; plugins: [ htmlPlugin ] // plugins数组是webpack 打包期间会用到的一些插件列表</font></p><p><font color=\"#c24f4a\">&nbsp;&nbsp;&nbsp; }</font><br/></p>', '1', '', '', '1657618627', '', '', '2', '16', '');
INSERT INTO `cd_content` VALUES ('14', '通过 loader 打包非 js 模块', '11', '/uploads/admin/202207/62ce225ba0cb5.png', '<p>在实际开发过程中，webpack 默认只能打包处理以.js后缀名结尾的模块，其他<font color=\"#c24f4a\">非.js 后缀名结尾</font></p><p><font color=\"#c24f4a\">的模块</font>，webpack 默认处理不了，<font color=\"#c24f4a\">需要调用loader加载器才可以正常打包</font>，否则会报错!</p><p><br/></p><p>loader加载器可以协助webpack 打包处理特定的文件模块，比如:</p><p>&nbsp;&nbsp;&nbsp; ① less-loader 可以打包处理.less相关的文件</p><p>&nbsp;&nbsp;&nbsp; ② sass-loader 可以打包处理.scss相关的文件</p><p>&nbsp;&nbsp;&nbsp; ③url-loader可以打包处理css 中与ur1路径相关的文件</p><p><br/></p><p>loader的调用过程如下图：</p><p><img src=\"/uploads/admin/202207/62ce225ba0cb5.png\" style=\"max-width:100%;\"/></p><p></p>', '1', '', '', '1657676595', '', '', '2', '15', '');
INSERT INTO `cd_content` VALUES ('15', '打包处理 css 文件', '11', '', '<p>① 运行<font color=\"#c24f4a\">npm i style-loader css-loader -D </font>命令，安装处理css文件的 loader</p><p>② 在webpack.config.js 的 <font color=\"#c24f4a\">module -&gt; rules</font> 数组中，添加loader规则如下：</p><p>&nbsp;&nbsp;&nbsp; &nbsp;&nbsp;&nbsp;<font color=\"#c24f4a\"> //所有第三方文件模块的匹配规则</font></p><p><font color=\"#c24f4a\">&nbsp;&nbsp;&nbsp; &nbsp;&nbsp;&nbsp; module: {</font></p><p><font color=\"#c24f4a\">&nbsp;&nbsp;&nbsp; &nbsp;&nbsp;&nbsp; &nbsp;&nbsp;&nbsp; rules: {</font></p><p><font color=\"#c24f4a\">&nbsp;&nbsp;&nbsp; &nbsp;&nbsp;&nbsp; &nbsp;&nbsp;&nbsp; &nbsp;&nbsp;&nbsp; { test: /\\.css$/,use: [\'style-loader\',\'css-loader\'] }<br/></font></p><p><font color=\"#c24f4a\">&nbsp;&nbsp;&nbsp; &nbsp;&nbsp;&nbsp; &nbsp;&nbsp;&nbsp; }<br/></font></p><p><font color=\"#c24f4a\">&nbsp;&nbsp;&nbsp; &nbsp;&nbsp;&nbsp; }</font></p><p>其中,<font color=\"#4d80bf\">test</font>表示匹配的文件类型。<font color=\"#4d80bf\">use</font>表示对应要调用的loader</p><p><font color=\"#c24f4a\">注意：</font></p><p>&nbsp;&nbsp;&nbsp; use数组中指定的loader顺序是固定的</p><p>&nbsp;&nbsp;&nbsp; 多个loader的调用顺序是<font color=\"#4d80bf\">从后往前</font>调用<br/></p>', '1', '', '', '1657678397', '', '', '0', '14', '');
INSERT INTO `cd_content` VALUES ('16', '打包处理less文件', '11', '', '<p>① 运行<font color=\"#c24f4a\">npm i less-loader less -D</font> 命令</p><p>② 在webpack.config.js 的<font color=\"#c24f4a\">module -&gt; rules</font> 数组中，添加loader规则如下：</p><p>&nbsp;&nbsp;&nbsp; &nbsp;&nbsp;&nbsp;<font> <font color=\"#c24f4a\">//所有第三方文件模块的匹配规则</font></font></p><p><font color=\"#c24f4a\">&nbsp;&nbsp;&nbsp; &nbsp;&nbsp;&nbsp; module: {</font></p><p><font color=\"#c24f4a\">&nbsp;&nbsp;&nbsp; &nbsp;&nbsp;&nbsp; &nbsp;&nbsp;&nbsp; rules: {</font></p><p><font color=\"#c24f4a\">&nbsp;&nbsp;&nbsp; &nbsp;&nbsp;&nbsp; &nbsp;&nbsp;&nbsp; &nbsp;&nbsp;&nbsp; { test: /\\.less$/,use: [\'style-loader\',\'css-loader\',\'less-loader\'] }<br/></font></p><p><font color=\"#c24f4a\">&nbsp;&nbsp;&nbsp; &nbsp;&nbsp;&nbsp; &nbsp;&nbsp;&nbsp; }<br/></font></p><p><font color=\"#c24f4a\">&nbsp;&nbsp;&nbsp; &nbsp;&nbsp;&nbsp; }</font></p>', '1', '', '', '1657678567', '', '', '0', '13', '');
INSERT INTO `cd_content` VALUES ('17', '打包处理 scss 文件', '11', '', '<p>① 运行 <font color=\"#c24f4a\">npm i sass-loader node-sass -D</font> 命令</p><p>② 在webpack.config.js 的<font color=\"#c24f4a\">module -&gt; rules</font> 数组中，添加loader规则如下：</p><p>&nbsp;&nbsp;&nbsp; &nbsp;&nbsp;&nbsp;<font> //所有第三方文件模块的匹配规则</font></p><p><font>&nbsp;&nbsp;&nbsp; &nbsp;&nbsp;&nbsp; module: {</font></p><p><font>&nbsp;&nbsp;&nbsp; &nbsp;&nbsp;&nbsp; &nbsp;&nbsp;&nbsp; rules: {</font></p><p><font>&nbsp;&nbsp;&nbsp; &nbsp;&nbsp;&nbsp; &nbsp;&nbsp;&nbsp; &nbsp;&nbsp;&nbsp; { test: /\\.sass$/,use: [\'style-loader\',\'css-loader\',\'sass-loader\'] }<br/></font></p><p><font>&nbsp;&nbsp;&nbsp; &nbsp;&nbsp;&nbsp; &nbsp;&nbsp;&nbsp; }<br/></font></p><p><font>&nbsp;&nbsp;&nbsp; &nbsp;&nbsp;&nbsp; }</font></p>', '1', '', '', '1657678742', '', '', '1', '12', '');
INSERT INTO `cd_content` VALUES ('18', '配置 postCSS 自动添加 css 的兼容前缀', '11', '', '<p>① 运行<font color=\"#c24f4a\">npm i postcss-loader autoprefixer -D</font>命令</p><p>② 在项目根目录中创建postcss 的配置文件 postcss.config.js，并初始化如下配置:</p><p>&nbsp;&nbsp;&nbsp; &nbsp;&nbsp;<font color=\"#c24f4a\">&nbsp; const autoprefixer = require ( \' autoprefixer\') // 导入自动添加前缀的插件</font></p><p><font color=\"#c24f4a\">&nbsp;&nbsp;&nbsp; &nbsp;&nbsp;&nbsp; module.exports = {</font></p><p><font color=\"#c24f4a\">&nbsp;&nbsp;&nbsp; &nbsp;&nbsp;&nbsp; &nbsp;&nbsp;&nbsp; plugins: { autoprefixer } //挂载插件<br/></font></p><p><font color=\"#c24f4a\">&nbsp;&nbsp;&nbsp; &nbsp;&nbsp;&nbsp; }</font></p><p>③ 在webpack.config.js 的 <font color=\"#c24f4a\">module -&gt; rules</font> 数组中，<font color=\"#c24f4a\">修改</font>css 的 loader 规则如下;</p><p><font>&nbsp;&nbsp;&nbsp; &nbsp;&nbsp;&nbsp; <font color=\"#c24f4a\">module: {</font></font></p><p><font color=\"#c24f4a\">&nbsp;&nbsp;&nbsp; &nbsp;&nbsp;&nbsp; &nbsp;&nbsp;&nbsp; rules: {</font></p><p><font color=\"#c24f4a\">&nbsp;&nbsp;&nbsp; &nbsp;&nbsp;&nbsp; &nbsp;&nbsp;&nbsp; &nbsp;&nbsp;&nbsp; { test: /\\.css$/,use: [\'style-loader\',\'css-loader\',\'postcss-loader\'] }<br/></font></p><p><font color=\"#c24f4a\">&nbsp;&nbsp;&nbsp; &nbsp;&nbsp;&nbsp; &nbsp;&nbsp;&nbsp; }<br/></font></p><p><font color=\"#c24f4a\">&nbsp;&nbsp;&nbsp; &nbsp;&nbsp;&nbsp; }</font></p>', '1', '', '', '1657679118', '', '', '1', '11', '');
INSERT INTO `cd_content` VALUES ('19', '打包样式表中的图片和文字文件', '11', '', '<p>① 运行<font color=\"#c24f4a\">npm i ur1-loader file-loader -D</font>命令</p><p>② 在 webpack.config.js 的<font color=\"#c24f4a\">module -&gt; rules</font> 数组中，添加loader 规则如下:</p><p><font>&nbsp;&nbsp;&nbsp;<font color=\"#c24f4a\">&nbsp;&nbsp;&nbsp; module: {</font></font></p><p><font color=\"#c24f4a\">&nbsp;&nbsp;&nbsp; &nbsp;&nbsp;&nbsp; &nbsp;&nbsp;&nbsp; rules: [<br/></font></p><p><font color=\"#c24f4a\">&nbsp;&nbsp;&nbsp; &nbsp;&nbsp;&nbsp; &nbsp;&nbsp;&nbsp; &nbsp;&nbsp;&nbsp;&nbsp; {</font></p><p><font color=\"#c24f4a\">&nbsp;&nbsp;&nbsp; &nbsp;&nbsp;&nbsp; &nbsp;&nbsp;&nbsp; &nbsp;&nbsp;&nbsp;&nbsp;&nbsp;&nbsp;&nbsp;&nbsp;&nbsp; test: /\\.jpglpnglgif lbmplttf l eot lsvg / wofflwoff2$/ ,</font></p><p><font color=\"#c24f4a\">&nbsp;&nbsp;&nbsp; &nbsp;&nbsp;&nbsp; &nbsp;&nbsp;&nbsp; &nbsp;&nbsp;&nbsp; &nbsp;&nbsp;&nbsp;&nbsp;&nbsp; use:\'url-loader?limit=16940\'<br/></font></p><p><font color=\"#c24f4a\"> &nbsp;&nbsp;&nbsp; &nbsp;&nbsp;&nbsp; &nbsp;&nbsp;&nbsp; &nbsp;&nbsp;&nbsp;&nbsp; }<br/></font></p><p><font color=\"#c24f4a\">&nbsp;&nbsp;&nbsp; &nbsp;&nbsp;&nbsp; &nbsp;&nbsp;&nbsp;&nbsp;&nbsp;&nbsp;&nbsp;&nbsp;&nbsp; &nbsp;]<br/></font></p><p><font color=\"#c24f4a\">&nbsp;&nbsp;&nbsp; &nbsp;&nbsp;&nbsp; &nbsp;&nbsp;&nbsp; }<br/></font></p><p><font color=\"#c24f4a\">&nbsp;&nbsp;&nbsp; &nbsp;&nbsp;&nbsp; }</font></p><p>其中?之后的是 loader 的参数项。</p><p>limit用来指定图片的大小，单位是字节(byte),只有小于1imit 大小的图片，才会被转为 base64图片</p><p><font color=\"#c24f4a\"></font></p>', '1', '', '', '1657679384', '', '', '2', '10', '');
INSERT INTO `cd_content` VALUES ('20', 'webpack 打包发布', '11', '', '<p>上线之前需要通过webpack将应用进行整体打包，可以通过package.json文件配置打包命令:</p><p>&nbsp;&nbsp;&nbsp; <font color=\"#c24f4a\">// 在package.json文件中配置webpack 打包命令</font></p><p><font color=\"#c24f4a\">&nbsp;&nbsp;&nbsp; // 该命令默认加载项目根目录中的webpack.config.js配置文件</font></p><p><font color=\"#c24f4a\">&nbsp;&nbsp;&nbsp; \"script\": {</font></p><p><font color=\"#c24f4a\">&nbsp;&nbsp;&nbsp; &nbsp;&nbsp;&nbsp; // 用于打包的命令</font></p><p><font color=\"#c24f4a\">&nbsp;&nbsp;&nbsp; &nbsp;&nbsp;&nbsp; <font color=\"#46acc8\">\"build\":&nbsp; \"webpack -p\",</font></font></p><p><font color=\"#c24f4a\">&nbsp;&nbsp;&nbsp; &nbsp;&nbsp;&nbsp; // 用于开发调试的命令</font></p><p><font color=\"#c24f4a\">&nbsp;&nbsp;&nbsp; &nbsp;&nbsp;&nbsp; \"dev\" : \"webpack-dev-server --open --host 127.0.0.1 --port 3000\",</font></p><p><font color=\"#c24f4a\">&nbsp;&nbsp;&nbsp; },</font><br/></p><p></p>', '1', '', '', '1657695606', '', '', '1', '9', '');
INSERT INTO `cd_content` VALUES ('21', 'webpack 中配置 vue 组件的加载器', '11', '', '<p>① 运行<font color=\"#c24f4a\">npm i vue-loader vue-template-compiler -D</font> 命令</p><p>② 在webpack.config.js 配置文件中，添加vue-loader 的配置项如下:</p><p>&nbsp;&nbsp;<font color=\"#c24f4a\">&nbsp; const VueLoaderPlugin = require (\'vue-loader/lib/plugin\')</font></p><p><font color=\"#c24f4a\">&nbsp;&nbsp;&nbsp; module.export = {</font></p><p><font color=\"#c24f4a\">&nbsp;&nbsp;&nbsp; &nbsp;&nbsp;&nbsp; module: {</font></p><p><font color=\"#c24f4a\">&nbsp;&nbsp;&nbsp; &nbsp;&nbsp;&nbsp; &nbsp;&nbsp;&nbsp; rules: [<br/></font></p><p><font color=\"#c24f4a\">&nbsp;&nbsp;&nbsp; &nbsp;&nbsp;&nbsp; &nbsp;&nbsp;&nbsp; &nbsp;&nbsp;&nbsp; // ...其他规则</font></p><p><font color=\"#c24f4a\">&nbsp;&nbsp;&nbsp; &nbsp;&nbsp;&nbsp; &nbsp;&nbsp;&nbsp; &nbsp;&nbsp;&nbsp; { test: /\\.vue$/, loader:\'vue-loader\' }<br/></font></p><p><font color=\"#c24f4a\">&nbsp;&nbsp;&nbsp; &nbsp;&nbsp;&nbsp; &nbsp;&nbsp;&nbsp; ]<br/></font></p><p><font color=\"#c24f4a\">&nbsp;&nbsp;&nbsp; &nbsp;&nbsp;&nbsp; },</font></p><p><font color=\"#c24f4a\">&nbsp;&nbsp;&nbsp; &nbsp;&nbsp;&nbsp; plugins: [</font></p><p><font color=\"#c24f4a\">&nbsp;&nbsp;&nbsp; &nbsp;&nbsp;&nbsp; &nbsp;&nbsp;&nbsp; // ...其他插件</font></p><p><font color=\"#c24f4a\">&nbsp;&nbsp;&nbsp; &nbsp;&nbsp;&nbsp; &nbsp;&nbsp;&nbsp; new VueLoaderPlugin() //请确保引入这个插件！<br/></font></p><p><font color=\"#c24f4a\">&nbsp;&nbsp;&nbsp; &nbsp;&nbsp;&nbsp; ]<br/></font></p><p><font color=\"#c24f4a\">&nbsp;&nbsp;&nbsp; }</font></p><p><font color=\"#c24f4a\"><br/></font></p><p><font color=\"#000000\"><br/></font></p><p><font color=\"#c24f4a\"><font color=\"#000000\">③ 导入单文件组件</font><br/></font></p><p>import App from \'./ components/App.vue\'</p>', '1', '', '', '1657698707', '', '', '1', '8', '');
INSERT INTO `cd_content` VALUES ('22', '在 webpack 项目中使用vue', '11', '', '<p>① 运行<font color=\"#c24f4a\"> npm i vue -S </font>安装vue</p><p>② 在src -&gt; index.js 入口文件中，通过<font color=\"#c24f4a\"> import vue from \'vue’</font> 来导入vue构造函数</p><p>③ 创建vue 的实例对象，并指定要控制的el区域</p><p>④ 通过render函数渲染app根组件</p><p><font color=\"#c24f4a\">&nbsp;&nbsp;&nbsp; // 1.导入vue构造函数</font></p><p><font color=\"#c24f4a\">&nbsp;&nbsp;&nbsp; import vue from \"vue\"</font></p><p><font color=\"#c24f4a\">&nbsp;&nbsp;&nbsp; // 2. 导入APP根组件</font></p><p><font color=\"#c24f4a\">&nbsp;&nbsp;&nbsp; import <font color=\"#46acc8\">App</font> from \'./components/App. vue\'</font></p><p><font color=\"#c24f4a\">&nbsp;&nbsp;&nbsp; const vm = new Vue ({</font></p><p><font color=\"#c24f4a\">&nbsp;&nbsp;&nbsp; &nbsp;&nbsp;&nbsp; // 3.指定vm实现要控制的页面区域</font></p><p><font color=\"#c24f4a\">&nbsp;&nbsp;&nbsp; &nbsp;&nbsp;&nbsp; el: \'#app\',</font></p><p><font color=\"#c24f4a\">&nbsp;&nbsp;&nbsp; &nbsp;&nbsp;&nbsp; // 4.通过render函数，把指定的组件渲染到el区域中</font></p><p><font color=\"#c24f4a\">&nbsp;&nbsp;&nbsp; &nbsp;&nbsp;&nbsp; render: h =&gt; h(<font color=\"#46acc8\">App</font>)<br/></font></p><p><font color=\"#c24f4a\">&nbsp;&nbsp;&nbsp; })</font><br/></p>', '1', '', '', '1657699928', '', '', '1', '7', '');
INSERT INTO `cd_content` VALUES ('23', '【响应式模板】清新蔬果', '5', '/uploads/admin/202207/62d0e21216208.png', '<p><img src=\"/uploads/admin/202207/62d0e21216208.png\" style=\"max-width:100%;\"/></p>', '1', '', '', '1657856599', '', '', '2', '23', '');
INSERT INTO `cd_content` VALUES ('24', '【响应式模板】黑色游戏PSP', '5', '/uploads/admin/202207/62d0e37e0162b.png', '<p><img src=\"/uploads/admin/202207/62d0e37e0162b.png\" style=\"max-width:100%;\"/></p>', '1', '', '', '1657856903', '', '', '0', '24', '');
INSERT INTO `cd_content` VALUES ('25', '【响应式模板】鸡尾酒公司', '5', '/uploads/admin/202207/62d0e445015da.png', '<p><img src=\"/uploads/admin/202207/62d0e445015da.png\" style=\"max-width:100%;\"/></p>', '1', '', '', '1657857101', '', '', '1', '25', '');
INSERT INTO `cd_content` VALUES ('26', '【响应式模板】模拟淘宝商城', '5', '/uploads/admin/202207/62d0e54e4dc06.png', '<p><img src=\"/uploads/admin/202207/62d0e54e4dc06.png\" style=\"max-width:100%;\"/></p>', '1', '', '', '1657857366', '', '', '2', '26', '');
INSERT INTO `cd_content` VALUES ('27', '【响应式模板】装修风格', '5', '/uploads/admin/202207/62d0e61d4673c.png', '<p><img src=\"/uploads/admin/202207/62d0e61d4673c.png\" style=\"max-width:100%;\"/></p>', '1', '', '', '1657857573', '', '', '1', '27', '');

-- ----------------------------
-- Table structure for cd_download
-- ----------------------------
DROP TABLE IF EXISTS `cd_download`;
CREATE TABLE `cd_download` (
  `download_id` int(11) NOT NULL AUTO_INCREMENT,
  `title` varchar(250) DEFAULT NULL COMMENT '标题',
  `status` tinyint(4) DEFAULT NULL COMMENT '状态',
  `sortid` int(11) DEFAULT NULL COMMENT '排序号',
  `bq` varchar(250) DEFAULT NULL COMMENT '标签',
  `file` varchar(250) DEFAULT '' COMMENT '单文件',
  PRIMARY KEY (`download_id`)
) ENGINE=InnoDB AUTO_INCREMENT=35 DEFAULT CHARSET=utf8;

-- ----------------------------
-- Records of cd_download
-- ----------------------------
INSERT INTO `cd_download` VALUES ('3', '3D发光的立方体CSS3特效', '1', '3', '脚本', '/uploads/admin/202204/6254e397cf68b.rar');
INSERT INTO `cd_download` VALUES ('4', '3D翻页', '1', '4', '脚本', '/uploads/admin/202204/6254e626c9b31.rar');
INSERT INTO `cd_download` VALUES ('5', '3d时钟', '1', '5', '脚本', '/uploads/admin/202204/6254e63c50f43.rar');
INSERT INTO `cd_download` VALUES ('6', '3D旋转+SVG路径动画特效', '1', '6', '脚本', '/uploads/admin/202204/6254e65fa2f07.zip');
INSERT INTO `cd_download` VALUES ('7', '8款网站顶部导航栏样式特效', '1', '7', '脚本', '/uploads/admin/202204/6254e6bb9e039.rar');
INSERT INTO `cd_download` VALUES ('8', '12种风格的CSS3垂直导航菜单栏', '1', '8', '脚本', '/uploads/admin/202204/6254e6d63d68a.rar');
INSERT INTO `cd_download` VALUES ('9', '12种鼠标悬停遮罩文字效果', '1', '9', '脚本', '/uploads/admin/202204/6254e6e463dcd.rar');
INSERT INTO `cd_download` VALUES ('10', '12种网站图片展示带悬停效果', '1', '10', '脚本', '/uploads/admin/202204/6254e6f20b503.rar');
INSERT INTO `cd_download` VALUES ('11', '15款CSS3无边框加载图标特效', '1', '11', '脚本', '/uploads/admin/202204/6254e75f4a3db.rar');
INSERT INTO `cd_download` VALUES ('12', '17款不同类型的jQuery弹窗', '1', '12', '脚本', '/uploads/admin/202204/6254e77c914be.rar');
INSERT INTO `cd_download` VALUES ('13', '20款鼠标悬停图像显示按钮特效', '1', '13', '脚本', '/uploads/admin/202204/6254e78a97822.rar');
INSERT INTO `cd_download` VALUES ('14', 'CSS3 3D魔方旋转图片切换查看特效', '1', '14', '脚本', '/uploads/admin/202204/6254e79bd56e2.rar');
INSERT INTO `cd_download` VALUES ('15', 'CSS3 Loading加载动画合集下载', '1', '15', '脚本', '/uploads/admin/202204/6254e7a9e977a.rar');
INSERT INTO `cd_download` VALUES ('16', 'CSS3+WEBP夜晚云层动画特效', '1', '16', '脚本', '/uploads/admin/202204/6254e7bcd7257.rar');
INSERT INTO `cd_download` VALUES ('17', 'CSS3深色模式加载动画特效', '1', '17', '脚本', '/uploads/admin/202204/6254e7c9c2923.rar');
INSERT INTO `cd_download` VALUES ('18', 'HTML5传送带视差图片展示特效', '1', '18', '脚本', '/uploads/admin/202204/6254e829e1983.rar');
INSERT INTO `cd_download` VALUES ('19', 'HTML5仿超级玛丽小游戏源码下载', '1', '19', '游戏脚本', '/uploads/admin/202204/6254e83a6a01a.rar');
INSERT INTO `cd_download` VALUES ('20', 'HTML5杆子跨越悬崖小游戏代码', '1', '20', '游戏脚本', '/uploads/admin/202204/6254e848c4f6b.rar');
INSERT INTO `cd_download` VALUES ('21', 'HTML5经典坦克大战游戏代码', '1', '21', '游戏脚本', '/uploads/admin/202204/6254e8573c050.rar');
INSERT INTO `cd_download` VALUES ('22', 'HTML5切积木益智游戏源码', '1', '22', '游戏脚本', '/uploads/admin/202204/6254e867467dd.rar');
INSERT INTO `cd_download` VALUES ('23', 'HTML5手机端2048小游戏源码', '1', '23', '游戏脚本', '/uploads/admin/202204/6254e875aa51f.rar');
INSERT INTO `cd_download` VALUES ('24', 'html5制作吃豆人游戏源码下载', '1', '24', '游戏脚本', '/uploads/admin/202204/6254e88751f1f.rar');
INSERT INTO `cd_download` VALUES ('26', 'jQuery网站侧边栏分享按钮特效', '1', '26', '脚本', '/uploads/admin/202204/6254e8b2ecd84.rar');
INSERT INTO `cd_download` VALUES ('27', 'jQuery网站首页宽屏导航轮播图', '1', '27', '脚本', '/uploads/admin/202204/6254e8cc0546e.rar');
INSERT INTO `cd_download` VALUES ('28', 'jQuery文字列表拖拽滚动代码', '1', '28', '脚本', '/uploads/admin/202204/6254e8e16ea47.rar');
INSERT INTO `cd_download` VALUES ('29', 'JS网页版3D地球旋转特效', '1', '29', '脚本', '/uploads/admin/202204/6254e8ff97ce7.rar');
INSERT INTO `cd_download` VALUES ('30', 'JS响应式缩略图幻灯片特效', '1', '30', '脚本', '/uploads/admin/202204/6254e9177457b.rar');
INSERT INTO `cd_download` VALUES ('31', '方块消除游戏', '1', '31', '游戏脚本', '/uploads/admin/202204/6254e93bea1cd.zip');
INSERT INTO `cd_download` VALUES ('32', '维京战争手机HTML5游戏', '1', '32', '游戏脚本', '/uploads/admin/202204/6254e94ab13ed.rar');
INSERT INTO `cd_download` VALUES ('33', '幸运大转盘抽奖jQuery特效', '1', '33', '脚本', '/uploads/admin/202204/6254e95b04250.rar');
INSERT INTO `cd_download` VALUES ('34', '富文本编辑器(带word导入)', '1', '34', 'tinymce', '/uploads/admin/202205/6285de8a77aef.zip');

-- ----------------------------
-- Table structure for cd_editor
-- ----------------------------
DROP TABLE IF EXISTS `cd_editor`;
CREATE TABLE `cd_editor` (
  `editor_id` int(11) NOT NULL AUTO_INCREMENT,
  `title` varchar(250) DEFAULT NULL COMMENT '标题',
  `wangeditor` text COMMENT 'wangeditor编辑器',
  `tinymce` longtext COMMENT 'tinymce编辑器',
  `markdown` text COMMENT 'markdown编辑器',
  `ueditor` longtext COMMENT 'tinymce编辑器',
  PRIMARY KEY (`editor_id`) USING BTREE
) ENGINE=InnoDB AUTO_INCREMENT=2 DEFAULT CHARSET=utf8 ROW_FORMAT=DYNAMIC;

-- ----------------------------
-- Records of cd_editor
-- ----------------------------
INSERT INTO `cd_editor` VALUES ('1', '这是系统生成的编辑器组件', '<p>测试<img src=\"http://vue.whpj.vip/uploads/admin/202105/60af9043e29d0.jpg\" style=\"max-width: 100%;\"/></p>', '<p>在测试<img src=\"http://vue.whpj.vip/uploads/admin/202105/60af904d14069.jpg\" alt=\"\" width=\"200\" height=\"200\" /></p>', '![Deion](http://vue.whpj.vip/uploads/admin/202105/60af906eb84d6.jpg)', '<p><img src=\"http://vue.whpj.vip/uploads/admin/202105/60af9200b555c.jpg\" alt=\"\" width=\"200\" height=\"200\" />测试额呢</p>');

-- ----------------------------
-- Table structure for cd_field
-- ----------------------------
DROP TABLE IF EXISTS `cd_field`;
CREATE TABLE `cd_field` (
  `id` int(11) NOT NULL AUTO_INCREMENT,
  `menu_id` int(9) NOT NULL COMMENT '模块ID',
  `title` varchar(64) NOT NULL COMMENT '字段名称',
  `field` varchar(32) NOT NULL,
  `type` smallint(4) NOT NULL COMMENT '表单类型1输入框 2下拉框 3单选框 4多选框 5上传图片 6编辑器 7时间',
  `list_show` tinyint(4) DEFAULT NULL COMMENT '列表显示',
  `search_type` tinyint(4) DEFAULT NULL COMMENT '1精确匹配 2模糊搜索',
  `post_status` tinyint(4) DEFAULT NULL COMMENT '是否前台录入',
  `create_table_field` tinyint(4) DEFAULT NULL,
  `validate` varchar(32) DEFAULT NULL COMMENT '验证方式',
  `rule` mediumtext COMMENT '验证规则',
  `sortid` mediumint(9) DEFAULT '0' COMMENT '排序号',
  `sql` varchar(255) DEFAULT NULL COMMENT '字段配置数据源sql',
  `default_value` varchar(255) DEFAULT NULL,
  `datatype` varchar(32) DEFAULT NULL COMMENT '字段数据类型',
  `length` varchar(5) DEFAULT NULL COMMENT '字段长度',
  `indexdata` varchar(20) DEFAULT NULL COMMENT '索引',
  `show_condition` varchar(250) DEFAULT NULL,
  `item_config` text,
  `width` varchar(255) DEFAULT NULL COMMENT '单元格宽度',
  `datetime_config` varchar(250) DEFAULT NULL COMMENT '其他配置',
  `other_config` text,
  `belong_table` varchar(255) DEFAULT NULL COMMENT '虚拟字段所属表 用户多表关联',
  PRIMARY KEY (`id`) USING BTREE,
  KEY `menu_id` (`menu_id`) USING BTREE
) ENGINE=MyISAM AUTO_INCREMENT=4499 DEFAULT CHARSET=utf8 ROW_FORMAT=DYNAMIC;

-- ----------------------------
-- Records of cd_field
-- ----------------------------
INSERT INTO `cd_field` VALUES ('4495', '1055', '腾讯地图', 'txdt', '28', '0', '0', '1', '1', '', null, '4495', null, '', 'text', '0', null, null, '', null, null, '[]', '');
INSERT INTO `cd_field` VALUES ('4496', '1055', 'wangeditor', 'wangeditor', '25', '0', '0', '1', '1', '', null, '4496', null, '', 'text', '0', null, null, '', null, null, '[]', '');
INSERT INTO `cd_field` VALUES ('4497', '1055', 'tinymce', 'tinymce', '26', '0', '0', '1', '1', '', null, '4497', null, '', 'longtext', '0', null, null, '', null, null, '[]', '');
INSERT INTO `cd_field` VALUES ('4498', '1055', '多图', 'images', '14', '0', '0', '1', '1', '', null, '4485', null, '', 'text', '0', null, null, '', null, null, '{\"address_type\":\"1\"}', '');
INSERT INTO `cd_field` VALUES ('4493', '1055', '百度地图', 'dddt', '23', '0', '0', '1', '1', '', null, '4493', null, '', 'text', '0', null, null, '', null, null, '[]', '');
INSERT INTO `cd_field` VALUES ('4494', '1055', '高德地图', 'gddt', '24', '0', '0', '1', '1', '', null, '4494', null, '', 'text', '0', null, null, '', null, null, '[]', '');
INSERT INTO `cd_field` VALUES ('4489', '1055', '滑块', 'hk', '19', '0', '0', '1', '1', '', null, '4489', null, '', 'smallint', '6', null, null, '', null, null, '[]', '');
INSERT INTO `cd_field` VALUES ('4490', '1055', '颜色选择器', 'color', '20', '0', '0', '1', '1', '', null, '4490', null, '', 'varchar', '250', null, null, '', null, null, '[]', '');
INSERT INTO `cd_field` VALUES ('4491', '1055', '键值对', 'jzd', '21', '0', '0', '1', '1', '', null, '4491', null, '', 'text', '0', null, null, '', null, null, '[]', '');
INSERT INTO `cd_field` VALUES ('4492', '1055', '省市区', 'ssq', '22', '0', '0', '1', '1', '', null, '4492', null, '', 'varchar', '250', null, null, '', null, null, '[]', '');
INSERT INTO `cd_field` VALUES ('4487', '1055', '计数器', 'jsq', '17', '0', '0', '1', '1', '', null, '4487', null, '', 'decimal', '10,2', null, null, '', null, null, '[]', '');
INSERT INTO `cd_field` VALUES ('4488', '1055', '标签', 'bq', '18', '0', '1', '1', '1', '', null, '4488', null, '', 'varchar', '250', null, null, '', null, null, '[]', '');
INSERT INTO `cd_field` VALUES ('4486', '1055', '多文件', 'files', '16', '0', '0', '1', '1', '', null, '4486', null, '', 'text', '0', null, null, '', null, null, '[]', '');
INSERT INTO `cd_field` VALUES ('4481', '1055', '日期框', 'rqk', '9', '0', '0', '1', '1', '', null, '4481', null, '', 'int', '11', null, null, '', null, 'datetime', '[]', '');
INSERT INTO `cd_field` VALUES ('4482', '1055', '日期范围', 'rqfw', '10', '0', '0', '1', '1', '', null, '4482', null, '', 'varchar', '250', null, null, '', null, null, '[]', '');
INSERT INTO `cd_field` VALUES ('4483', '1055', '单图上传', 'dt', '13', '0', '0', '1', '1', '', null, '4483', null, '', 'varchar', '250', null, null, '', null, null, '{\"upload_type\":\"1\"}', '');
INSERT INTO `cd_field` VALUES ('4484', '1055', '单图2', 'dt2', '13', '0', '0', '1', '1', '', null, '4484', null, '', 'varchar', '250', null, null, '', null, null, '{\"upload_type\":\"2\"}', '');
INSERT INTO `cd_field` VALUES ('4485', '1055', '单文件', 'file', '15', '2', '0', '1', '1', '', null, '4485', null, '', 'varchar', '250', null, null, '', null, null, '[]', '');
INSERT INTO `cd_field` VALUES ('4479', '1055', '开关按钮', 'kg', '6', '0', '1', '1', '1', '', null, '4479', null, '', 'tinyint', '4', null, null, '[{\"key\":\"开启\",\"val\":\"1\"},{\"key\":\"关闭\",\"val\":\"0\"}]', null, null, '[]', '');
INSERT INTO `cd_field` VALUES ('4480', '1055', '文本域', 'wby', '8', '0', '1', '1', '1', '', null, '4480', null, '', 'text', '0', null, null, '', null, null, '[]', '');
INSERT INTO `cd_field` VALUES ('4477', '1055', '单选框', 'dxk', '4', '0', '1', '1', '1', '', null, '4477', null, '', 'smallint', '6', null, null, '[{\"key\":\"男\",\"val\":\"1\",\"label_color\":\"primary\"},{\"key\":\"女\",\"val\":\"2\",\"label_color\":\"warning\"}]', null, null, '[]', '');
INSERT INTO `cd_field` VALUES ('4478', '1055', '多选框', 'dxka', '5', '0', '1', '1', '1', '', null, '4478', null, '', 'varchar', '250', null, null, '[{\"key\":\"男\",\"val\":\"1\",\"label_color\":\"primary\"},{\"key\":\"女\",\"val\":\"2\",\"label_color\":\"warning\"}]', null, null, '[]', '');
INSERT INTO `cd_field` VALUES ('4474', '1055', '文本框', 'wbk', '1', '0', '1', '1', '1', '', null, '4474', null, '', 'varchar', '250', null, null, '', null, null, '{\"address_type\":\"1\"}', '');
INSERT INTO `cd_field` VALUES ('4475', '1055', '下拉框', 'xlk', '2', '0', '1', '1', '1', '', null, '4475', null, '', 'smallint', '6', null, null, '[{\"key\":\"男\",\"val\":\"1\",\"label_color\":\"primary\"},{\"key\":\"女\",\"val\":\"2\",\"label_color\":\"warning\"}]', null, null, '[]', '');
INSERT INTO `cd_field` VALUES ('4476', '1055', '下拉多选', 'xldx', '3', '0', '1', '1', '1', '', null, '4476', null, '', 'varchar', '250', null, null, '[{\"key\":\"男\",\"val\":\"1\",\"label_color\":\"primary\"},{\"key\":\"女\",\"val\":\"2\",\"label_color\":\"warning\"}]', null, null, '[]', '');

-- ----------------------------
-- Table structure for cd_file
-- ----------------------------
DROP TABLE IF EXISTS `cd_file`;
CREATE TABLE `cd_file` (
  `id` int(11) NOT NULL AUTO_INCREMENT,
  `filepath` varchar(255) DEFAULT NULL COMMENT '图片路径',
  `hash` varchar(32) DEFAULT NULL COMMENT '文件hash值',
  `create_time` int(10) DEFAULT NULL COMMENT '创建时间',
  `member_id` int(11) DEFAULT NULL COMMENT '用户id',
  PRIMARY KEY (`id`) USING BTREE,
  KEY `hash` (`hash`) USING BTREE
) ENGINE=MyISAM AUTO_INCREMENT=383 DEFAULT CHARSET=utf8 ROW_FORMAT=DYNAMIC;

-- ----------------------------
-- Records of cd_file
-- ----------------------------
INSERT INTO `cd_file` VALUES ('284', 'http://vue.whpj.vip/uploads/admin/202105/60af8d752fe38.jpg', '9b6adf5c5f23ff87b3d9873809052831', '1622117749', null);
INSERT INTO `cd_file` VALUES ('285', 'http://vue.whpj.vip/uploads/admin/202105/60af8d7d47a10.jpg', '3c00f0f466522fbd0ef442917a71f55f', '1622117757', null);
INSERT INTO `cd_file` VALUES ('286', 'http://vue.whpj.vip/uploads/admin/202105/60af8d85f101d.jpg', '4523359ec4ba32f807b1de8f213cf188', '1622117765', null);
INSERT INTO `cd_file` VALUES ('287', 'http://vue.whpj.vip/uploads/admin/202105/60af8d8de9d0f.jpg', '4990787de11666d9d94edbc718ddf071', '1622117773', null);
INSERT INTO `cd_file` VALUES ('299', 'http://vue.whpj.vip/uploads/admin/202105/60afbe5f64890.jpg', 'f9f491385463e7ffa95af8f8c17aea2a', '1622130271', null);
INSERT INTO `cd_file` VALUES ('289', 'http://vue.whpj.vip/uploads/admin/202105/60af9043e29d0.jpg', '22508d7389277290584be5a09c16853e', '1622118467', null);
INSERT INTO `cd_file` VALUES ('290', 'http://vue.whpj.vip/uploads/admin/202105/60af904d14069.jpg', 'bd835163b61fa2dd11579b2de70023fc', '1622118477', null);
INSERT INTO `cd_file` VALUES ('298', 'http://vue.whpj.vip/uploads/admin/202105/60afb66d3ae5a.jpg', '43c338754928ee7ed34b33b9e7c82dff', '1622128237', null);
INSERT INTO `cd_file` VALUES ('297', 'http://vue.whpj.vip/uploads/admin/202105/60af94bfae6d2.jpg', 'c435098ccf06e4248d918f91ed0992c8', '1622119615', null);
INSERT INTO `cd_file` VALUES ('293', 'http://vue.whpj.vip/uploads/admin/202105/60af91ffbd6f8.jpg', '9053bb860fb23722497df4bc2c25eaa3', '1622118911', null);
INSERT INTO `cd_file` VALUES ('296', 'http://vue.whpj.vip/uploads/admin/202105/60af94abc6d3a.jpg', 'c7f148b2a45d68e1f2baba730dca2c78', '1622119595', null);
INSERT INTO `cd_file` VALUES ('295', 'http://vue.whpj.vip/uploads/admin/202105/60af9200b555c.jpg', 'cc608c637bec9117018cef0e4cc9c6dd', '1622118912', null);
INSERT INTO `cd_file` VALUES ('318', '/uploads/admin/202110/61627c797917c.png', '246d9da289a46afd91bbb2d862d60641', '1633844345', null);
INSERT INTO `cd_file` VALUES ('319', '/uploads/admin/202110/61711f28cc755.jpg', 'fe2441f957f709687414c12382f88209', '1634803496', null);
INSERT INTO `cd_file` VALUES ('320', '/uploads/admin/202110/61711f3fd4789.jpg', 'c810a337cfb41b21e756015279b14bc9', '1634803519', null);
INSERT INTO `cd_file` VALUES ('321', '/uploads/admin/202110/617125c9dc3be.jpg', 'a290fa61758e03ad1ebae92f63a7880f', '1634805193', null);
INSERT INTO `cd_file` VALUES ('322', '/uploads/admin/202110/617125d78c10d.jpg', 'bb298672db0201eb04ecafb04ab21b88', '1634805207', null);
INSERT INTO `cd_file` VALUES ('323', '/uploads/admin/202110/617125dd86b5f.jpg', '21fa612a25dcbdc13b0553cf8263c677', '1634805213', null);
INSERT INTO `cd_file` VALUES ('324', '/uploads/admin/202110/617125e3d6b57.jpg', '59da1e40bb5bc5a1ab1c3ade41bfa0a3', '1634805219', null);
INSERT INTO `cd_file` VALUES ('325', '/uploads/admin/202110/617125ec3fa76.jpg', '5bf66471d16f5ade4a2f7ad0ea0c9bc4', '1634805228', null);
INSERT INTO `cd_file` VALUES ('326', '/uploads/admin/202110/617125fed958d.jpg', '4a06e33e292f2cd1d737c776487ef9c1', '1634805246', null);
INSERT INTO `cd_file` VALUES ('327', '/uploads/admin/202110/6171260615257.jpg', 'a4679ae38070b33763fc4d233e299753', '1634805254', null);
INSERT INTO `cd_file` VALUES ('328', '/uploads/admin/202110/6171260da550e.jpg', '2f206a97dac94cc4c130326518a31b5e', '1634805261', null);
INSERT INTO `cd_file` VALUES ('329', '/uploads/admin/202110/61712623f27a7.jpg', 'e5bea01f693ee1d96c1aa758eab22110', '1634805283', null);
INSERT INTO `cd_file` VALUES ('330', '/uploads/admin/202110/6171262a6c418.jpg', '8c0465437a90c30df73cfc723792d30d', '1634805290', null);
INSERT INTO `cd_file` VALUES ('331', '/uploads/admin/202110/617126559c0b1.jpg', '7f8e12a92130a366ef7d6be95f4ff027', '1634805333', null);
INSERT INTO `cd_file` VALUES ('332', '/uploads/admin/202110/6171265ee846b.jpg', '52e793094ee4f330eb1090853e01fc79', '1634805342', null);
INSERT INTO `cd_file` VALUES ('333', '/uploads/admin/202201/61dea5035beb6.jpg', 'f3d02be3a06a078e8a2c908cbeed2457', '1641981187', null);
INSERT INTO `cd_file` VALUES ('334', '/uploads/admin/202203/6227227db07af.jpg', 'e4cdaa07a9af9695a2f8ffc88431fbf6', '1646731901', null);
INSERT INTO `cd_file` VALUES ('335', '/uploads/admin/202203/62272282577bf.png', '7fa8a874ef22de2c3fc7f18b92d5eb88', '1646731906', null);
INSERT INTO `cd_file` VALUES ('336', '/uploads/admin/202203/622ab153e1776.png', '2efc9d4852f0f7b57d4004684fb4037a', '1646965075', null);
INSERT INTO `cd_file` VALUES ('337', '/uploads/admin/202203/622ab15dd20fa.jpg', '05fd62468cb11ed022d93ec1b7cd083a', '1646965085', null);
INSERT INTO `cd_file` VALUES ('338', '/uploads/admin/202203/622ab22e1daf8.jpg', 'c95a4bb67a61b7dc8a4487c020169347', '1646965294', null);
INSERT INTO `cd_file` VALUES ('339', '/uploads/admin/202203/622ab32554293.png', '7950bb28952eb8303be8593c5567d5f7', '1646965541', null);
INSERT INTO `cd_file` VALUES ('340', '/uploads/admin/202203/62344d9021057.jpg', '7d2675170bd74dce398a3cbe58c8d191', '1647594896', null);
INSERT INTO `cd_file` VALUES ('341', '/uploads/admin/202204/6256512d47b0d.mp4', '9dd08c58e60c89f4c53056957d32dafd', '1649824045', null);
INSERT INTO `cd_file` VALUES ('342', '/uploads/admin/202204/625d274e295e5.jpg', 'efc6a9fd55fd643dda5c266d1c73eb0a', '1650272078', null);
INSERT INTO `cd_file` VALUES ('343', '/uploads/admin/202205/628b0c6108fe5.jpg', 'ae8c16c32df1d5f4d35d46e451e70112', '1653279841', null);
INSERT INTO `cd_file` VALUES ('344', '/uploads/admin/202205/628b0c6fb2ffe.jpg', '8e945c0a7c5fe199b6c22bd5cf788eb6', '1653279855', null);
INSERT INTO `cd_file` VALUES ('345', '/uploads/admin/202205/629081a48ee22.jpg', '6ff15c35b866c792417253a272748ca0', '1653637540', null);
INSERT INTO `cd_file` VALUES ('346', '/uploads/admin/202205/629081e7afce5.png', '1e6ccddb1c94e23b62a000f556cc91c6', '1653637607', null);
INSERT INTO `cd_file` VALUES ('347', '/uploads/admin/202205/629082ccebb54.png', 'd730be3c152c385c68bbab4624902d55', '1653637836', null);
INSERT INTO `cd_file` VALUES ('348', '/uploads/admin/202205/629087d6e00ad.png', 'e26f5a511d332f0ad8881daf3656566e', '1653639126', null);
INSERT INTO `cd_file` VALUES ('349', '/uploads/admin/202205/62908922b44e4.jpg', 'e61e9630960f5d6ac08c57443b29af8f', '1653639458', null);
INSERT INTO `cd_file` VALUES ('350', '/uploads/admin/202205/62908929abd26.jpg', '53989a22d09a24c025c3944b40dff7e7', '1653639465', null);
INSERT INTO `cd_file` VALUES ('351', '/uploads/admin/202205/6290896915aed.jpg', '19fdf2658dc9e635ea1166836c81afeb', '1653639529', null);
INSERT INTO `cd_file` VALUES ('352', '/uploads/admin/202205/6290898ddf043.png', '381da835388e328a60b94373a4e4deba', '1653639565', null);
INSERT INTO `cd_file` VALUES ('353', '/uploads/admin/202205/62908a209ef7c.jpg', 'bccbe77430000d624b819bf74c6825fd', '1653639712', null);
INSERT INTO `cd_file` VALUES ('354', '/uploads/admin/202205/62908b412e827.jpg', 'e060f4ebecbcc06e4af19934a9a5979a', '1653640001', null);
INSERT INTO `cd_file` VALUES ('355', '/uploads/admin/202205/62908bb7cf913.jpg', '4864d42d2b1debe0ee6362d3408d64bc', '1653640119', null);
INSERT INTO `cd_file` VALUES ('356', '/uploads/admin/202205/629093a253772.png', 'fc9473b152d9100e62893aac0d09228b', '1653642146', null);
INSERT INTO `cd_file` VALUES ('357', '/uploads/admin/202205/629093c103879.jpg', '0bf95b9203fe45ab8d5e7266647fa3f9', '1653642177', null);
INSERT INTO `cd_file` VALUES ('358', '/uploads/admin/202206/62a94a0796a0c.jpg', '27917a04bde4507fb4ef003dbf970f9f', '1655261703', null);
INSERT INTO `cd_file` VALUES ('359', '/uploads/admin/202206/62a981e7230b6.png', '0e2b0f6544058a4a4809b967211632a4', '1655276007', null);
INSERT INTO `cd_file` VALUES ('360', '/uploads/admin/202206/62a981ef88516.png', '652c0f8d08c17ca2067f857431a888da', '1655276015', null);
INSERT INTO `cd_file` VALUES ('361', '/uploads/admin/202206/62a9830e194c1.png', '471eec92661e985ffc8f7a02b0fdc540', '1655276302', null);
INSERT INTO `cd_file` VALUES ('362', '/uploads/admin/202206/62a983254dbb3.png', 'bd10f40491b363133c2e573fd3c0593e', '1655276325', null);
INSERT INTO `cd_file` VALUES ('363', '/uploads/admin/202206/62a985cf33b19.png', '50591d446a516a803fae2006c4826f84', '1655277007', null);
INSERT INTO `cd_file` VALUES ('364', '/uploads/admin/202206/62a985d95c8f7.png', '177fa38f35946e19d8bad7a2ff2e923c', '1655277017', null);
INSERT INTO `cd_file` VALUES ('365', '/uploads/admin/202206/62a985e37e6ed.png', '542c132a3c0f7e0f83153d4d835b51cd', '1655277027', null);
INSERT INTO `cd_file` VALUES ('366', '/uploads/admin/202206/62a985fe872c2.png', '2dcce0800aff22aebd9e734f1a57726f', '1655277054', null);
INSERT INTO `cd_file` VALUES ('367', '/uploads/admin/202206/62a986088f5f5.png', 'e05eb071e0815bf3c0e20a0846f72433', '1655277064', null);
INSERT INTO `cd_file` VALUES ('368', '/uploads/admin/202206/62a98614e31fd.png', '6651a6358a968467e81e2d71fde295d4', '1655277076', null);
INSERT INTO `cd_file` VALUES ('369', '/uploads/admin/202206/62a9861f28391.png', 'af4a23b2d61bffd003971f0f436e6b89', '1655277087', null);
INSERT INTO `cd_file` VALUES ('370', '/uploads/admin/202206/62a98627a8073.png', '9bea24b1bd0f2820a59cce2185e3ef91', '1655277095', null);
INSERT INTO `cd_file` VALUES ('371', '/uploads/admin/202206/62baa6edcdefc.jpg', 'a824d90372740650246e89ed8fae75ea', '1656399597', null);
INSERT INTO `cd_file` VALUES ('372', '/uploads/admin/202206/62baa705d6242.jpg', '22c3377d3781687a110ac8bb6158f580', '1656399621', null);
INSERT INTO `cd_file` VALUES ('373', '/uploads/admin/202206/62baad8f5e187.jpg', '0bb80d422bef1360191921923011b916', '1656401295', null);
INSERT INTO `cd_file` VALUES ('374', '/uploads/admin/202206/62baad99198d8.jpg', '87e47aa34b99276858145c3e43def65f', '1656401305', null);
INSERT INTO `cd_file` VALUES ('375', '/uploads/admin/202206/62bab4a89e6e8.jpg', '56d1e7dfc557bdbf3bc37cf00a3aa0ee', '1656403112', null);
INSERT INTO `cd_file` VALUES ('376', '/uploads/admin/202207/62ce225ba0cb5.png', '6837b67b8724e2c04b7ac623fc7deac1', '1657676379', null);
INSERT INTO `cd_file` VALUES ('377', '/uploads/admin/202207/62d0dabdbd387.png', '587a5dac6dd4b83c3fa6f235ba1355c0', '1657854653', null);
INSERT INTO `cd_file` VALUES ('378', '/uploads/admin/202207/62d0e21216208.png', '445dd59c94f7e089e38e64b4c214feb2', '1657856530', null);
INSERT INTO `cd_file` VALUES ('379', '/uploads/admin/202207/62d0e37e0162b.png', 'a965adcedd1716617efff82dab68a322', '1657856894', null);
INSERT INTO `cd_file` VALUES ('380', '/uploads/admin/202207/62d0e445015da.png', '836cacecf643966c04c9b6e0300fbe41', '1657857093', null);
INSERT INTO `cd_file` VALUES ('381', '/uploads/admin/202207/62d0e54e4dc06.png', '8890d98d2452e5cf5671dc32c13cc4b5', '1657857358', null);
INSERT INTO `cd_file` VALUES ('382', '/uploads/admin/202207/62d0e61d4673c.png', '543ae24841886c32194b333d52069d5e', '1657857565', null);

-- ----------------------------
-- Table structure for cd_frament
-- ----------------------------
DROP TABLE IF EXISTS `cd_frament`;
CREATE TABLE `cd_frament` (
  `frament_id` int(10) NOT NULL AUTO_INCREMENT,
  `title` varchar(250) DEFAULT NULL,
  `pic` varchar(250) DEFAULT NULL,
  `content` text,
  PRIMARY KEY (`frament_id`) USING BTREE
) ENGINE=InnoDB AUTO_INCREMENT=4 DEFAULT CHARSET=utf8 ROW_FORMAT=DYNAMIC;

-- ----------------------------
-- Records of cd_frament
-- ----------------------------
INSERT INTO `cd_frament` VALUES ('1', '首页简介', null, '<p>深圳市XXXX电子有限公司办公室地址位于中国个经济特区，鹏城深圳，深圳深圳市福田区福虹路华强花园11栋602，于2014年03月03日在深圳市市场监督管理局注册...<a href=\"http://www.szykfx.com/html/gongsijianjie\">详细&gt;&gt;</a><br/></p>');
INSERT INTO `cd_frament` VALUES ('2', '底部版权', null, '<p>Copyright 2005-2021 深圳XXX飞讯电子有限公司&nbsp; All rights reserved&nbsp;<a href=\"/admin\" target=\"_blank\">后台管理</a><br/></p>');
INSERT INTO `cd_frament` VALUES ('3', '首页联系我们', null, '<p>深圳市XXX电子有限公司</p><p>地址：深圳市福田区深南中路南光捷佳大厦</p><p>电话：0755-8394383</p><p>传真：0755-8300099</p><p>邮箱：40529079@qq.com</p>');

-- ----------------------------
-- Table structure for cd_goods
-- ----------------------------
DROP TABLE IF EXISTS `cd_goods`;
CREATE TABLE `cd_goods` (
  `goods_id` int(11) NOT NULL AUTO_INCREMENT,
  `goods_name` varchar(250) DEFAULT NULL COMMENT '商品名称',
  `class_id` smallint(6) DEFAULT NULL COMMENT '所属分类',
  `pic` varchar(250) DEFAULT NULL COMMENT '封面图',
  `sale_price` decimal(10,2) DEFAULT NULL COMMENT '销售价',
  `images` text COMMENT '图集',
  `status` tinyint(4) DEFAULT NULL COMMENT '状态',
  `cd` varchar(250) DEFAULT NULL COMMENT '产地',
  `store` int(11) DEFAULT NULL COMMENT '库存',
  `sortid` int(11) DEFAULT NULL COMMENT '排序',
  `create_time` int(11) DEFAULT NULL COMMENT '发布时间',
  `detail` text COMMENT '内容详情',
  `supplier_id` smallint(6) DEFAULT NULL COMMENT '供应商',
  `user_id` int(11) DEFAULT NULL COMMENT '用户id',
  PRIMARY KEY (`goods_id`) USING BTREE
) ENGINE=InnoDB AUTO_INCREMENT=6 DEFAULT CHARSET=utf8 ROW_FORMAT=DYNAMIC;

-- ----------------------------
-- Records of cd_goods
-- ----------------------------
INSERT INTO `cd_goods` VALUES ('1', '黑鲨游戏手机2 8GB+128GB 暗龙855 Magic', '2', 'http://vue.whpj.vip/uploads/admin/202105/60af8d752fe38.jpg', '210.00', '[{\"url\":\"http:\\/\\/vue.whpj.vip\\/uploads\\/admin\\/202105\\/60af8d7d47a10.jpg\",\"name\":\"60af8d7d47a10.jpg\"},{\"url\":\"http:\\/\\/vue.whpj.vip\\/uploads\\/admin\\/202105\\/60af8d8de9d0f.jpg\",\"name\":\"60af8d8de9d0f.jpg\"},{\"url\":\"http:\\/\\/vue.whpj.vip\\/uploads\\/admin\\/202105\\/60af9043e29d0.jpg\",\"name\":\"60af9043e29d0.jpg\"}]', '1', '湖北', '999', '1', '1620044343', '<p>详细内容<img src=\"http://vue.whpj.vip/uploads/admin/202105/60af91ffbd6f8.jpg\" style=\"max-width: 100%;\"/></p>', '1', '1');
INSERT INTO `cd_goods` VALUES ('2', '华为 HUAWEI 畅享10 极4800万超清夜景', '3', 'http://vue.whpj.vip/uploads/admin/202105/60af904d14069.jpg', '2345.00', '[{\"url\":\"http:\\/\\/vue.whpj.vip\\/uploads\\/admin\\/202105\\/60af8d7d47a10.jpg\",\"name\":\"60af8d7d47a10.jpg\"},{\"url\":\"http:\\/\\/vue.whpj.vip\\/uploads\\/admin\\/202105\\/60af8d752fe38.jpg\",\"name\":\"60af8d752fe38.jpg\"},{\"url\":\"http:\\/\\/vue.whpj.vip\\/uploads\\/admin\\/202105\\/60af9043e29d0.jpg\",\"name\":\"60af9043e29d0.jpg\"}]', '1', '中国', '111', '2', '1620044702', '<p>测试刚刚好</p>', '2', null);
INSERT INTO `cd_goods` VALUES ('3', 'ivo U1 3GB+32GB夜水滴全面屏 AI拍照手机	', '5', 'http://vue.whpj.vip/uploads/admin/202105/60af9200b555c.jpg', '4554.00', '[{\"url\":\"http:\\/\\/vue.whpj.vip\\/uploads\\/admin\\/202105\\/60af8d7d47a10.jpg\",\"name\":\"60af8d7d47a10.jpg\"},{\"url\":\"http:\\/\\/vue.whpj.vip\\/uploads\\/admin\\/202105\\/60af8d8de9d0f.jpg\",\"name\":\"60af8d8de9d0f.jpg\"}]', '1', '武汉', '999', '100', '1620044929', '<p>测试跪求</p>', '1', '1');
INSERT INTO `cd_goods` VALUES ('4', '这是三张表关联测试信息，列表方法多表配置查看如何配置的', '2', 'http://vue.whpj.vip/uploads/admin/202105/60af9200b555c.jpg', '2234.00', '[{\"url\":\"http:\\/\\/vue.whpj.vip\\/uploads\\/admin\\/202105\\/60af8d85f101d.jpg\",\"name\":\"60af8d85f101d.jpg\"},{\"url\":\"http:\\/\\/vue.whpj.vip\\/uploads\\/admin\\/202105\\/60af8d7d47a10.jpg\",\"name\":\"60af8d7d47a10.jpg\"},{\"url\":\"http:\\/\\/vue.whpj.vip\\/uploads\\/admin\\/202105\\/60af8d8de9d0f.jpg\",\"name\":\"60af8d8de9d0f.jpg\"}]', '1', '', '0', '23', '1622120983', '<p>测试内哦让</p>', '1', '1');
INSERT INTO `cd_goods` VALUES ('5', '九牧 JOMOO 不锈钢上水头编织软管 花洒喷头耐热防爆淋浴软管 H2BE2', '2', '/uploads/admin/202203/622ab22e1daf8.jpg', '445.00', '[{\"url\":\"http:\\/\\/vue.whpj.vip\\/uploads\\/admin\\/202105\\/60af9200b555c.jpg\",\"name\":\"5ff40b8d7fbd2.jpg\"},{\"url\":\"\\/uploads\\/admin\\/202110\\/61627c797917c.png\",\"name\":\"5ff5dfbd5b60a.png\"}]', '1', '', '0', '5', '1633853113', '<p>fdfdfdfdfdfd</p>', '1', '1');

-- ----------------------------
-- Table structure for cd_goods_cata
-- ----------------------------
DROP TABLE IF EXISTS `cd_goods_cata`;
CREATE TABLE `cd_goods_cata` (
  `class_id` int(11) NOT NULL AUTO_INCREMENT COMMENT '编号',
  `class_name` varchar(250) DEFAULT NULL COMMENT '分类名称',
  `pid` smallint(6) DEFAULT NULL COMMENT '所属父类',
  `status` tinyint(4) DEFAULT NULL COMMENT '状态',
  `sortid` int(11) DEFAULT NULL COMMENT '排序',
  PRIMARY KEY (`class_id`) USING BTREE
) ENGINE=InnoDB AUTO_INCREMENT=13 DEFAULT CHARSET=utf8 ROW_FORMAT=DYNAMIC;

-- ----------------------------
-- Records of cd_goods_cata
-- ----------------------------
INSERT INTO `cd_goods_cata` VALUES ('1', '手机', null, '1', '1');
INSERT INTO `cd_goods_cata` VALUES ('2', '小米', '1', '1', '2');
INSERT INTO `cd_goods_cata` VALUES ('3', '华为', '1', '1', '3');
INSERT INTO `cd_goods_cata` VALUES ('4', '苹果', '1', '1', '4');
INSERT INTO `cd_goods_cata` VALUES ('5', '三星', '1', '1', '5');
INSERT INTO `cd_goods_cata` VALUES ('6', '电视', null, '1', '6');
INSERT INTO `cd_goods_cata` VALUES ('7', '小米', '6', '1', '7');
INSERT INTO `cd_goods_cata` VALUES ('8', 'htc', '6', '1', '8');
INSERT INTO `cd_goods_cata` VALUES ('9', 'LG', '6', '1', '9');
INSERT INTO `cd_goods_cata` VALUES ('10', '海信', '6', '1', '10');
INSERT INTO `cd_goods_cata` VALUES ('11', '三星', '1', '1', '11');
INSERT INTO `cd_goods_cata` VALUES ('12', '索尼', '6', '1', '12');

-- ----------------------------
-- Table structure for cd_hotel_orders
-- ----------------------------
DROP TABLE IF EXISTS `cd_hotel_orders`;
CREATE TABLE `cd_hotel_orders` (
  `id` int(10) unsigned NOT NULL AUTO_INCREMENT,
  `roomid` int(11) NOT NULL COMMENT '房间id',
  `uid` varchar(255) NOT NULL COMMENT '操作员',
  `start_time` date NOT NULL COMMENT '入住时间',
  `end_time` date NOT NULL COMMENT '退房时间',
  `from_type` int(10) unsigned DEFAULT '0' COMMENT '来源分类，默认值0为散客，1渠道2公司3网络4团体房',
  `order_id` varchar(50) NOT NULL DEFAULT '' COMMENT '订单ID',
  `price` decimal(10,2) NOT NULL DEFAULT '0.00' COMMENT '订单总金额',
  `people` varchar(255) DEFAULT '' COMMENT '预定人',
  `people_mobile` char(11) NOT NULL DEFAULT '' COMMENT '预订人手机号码',
  `mycome` date DEFAULT NULL COMMENT '到达时间',
  `content` varchar(500) DEFAULT '' COMMENT '备注',
  `deposit_price` decimal(10,2) DEFAULT '0.00' COMMENT '押金',
  `confirm_price` decimal(10,2) DEFAULT '0.00' COMMENT '退房实收金额',
  `status` tinyint(1) NOT NULL DEFAULT '2' COMMENT '订单状态，1已入住2未入住3取消订单4退房',
  `price_extras` decimal(10,2) DEFAULT '0.00' COMMENT '额外消费',
  `pay_uname` varchar(60) DEFAULT '' COMMENT '付款人',
  `pay_type` tinyint(1) DEFAULT '1' COMMENT '支付方式：1微信，2支付宝，3，现金',
  `pay_status` tinyint(1) DEFAULT '0' COMMENT '支付状态，0未支付，1已支付',
  `eat_type` tinyint(1) DEFAULT '0' COMMENT '是否含早餐：0不含，1包含',
  `pay_id` varchar(255) DEFAULT NULL COMMENT '微信支付订单号，退款使用',
  `pay_money` int(11) DEFAULT '0' COMMENT '微信支付总金额，用于退款',
  `refund_status` int(11) DEFAULT '0' COMMENT '退款状态',
  `createdAt` date DEFAULT NULL COMMENT '创建时间',
  `createdBy` varchar(255) DEFAULT NULL COMMENT '创建者',
  `updatedAt` date DEFAULT NULL COMMENT '更新时间',
  `updatedBy` varchar(255) DEFAULT NULL COMMENT '更新者',
  PRIMARY KEY (`id`),
  KEY `order_id` (`order_id`) USING BTREE,
  KEY `roomid` (`roomid`)
) ENGINE=InnoDB AUTO_INCREMENT=11 DEFAULT CHARSET=utf8 COMMENT='订单表';

-- ----------------------------
-- Records of cd_hotel_orders
-- ----------------------------
INSERT INTO `cd_hotel_orders` VALUES ('1', '14', 'olXiw5KZUebMUb-b4DAiHSGUujxs', '2022-07-07', '2022-07-08', '3', '2022070765325', '564.00', '132', '13977964836', null, '22', '0.00', '0.00', '2', '0.00', '', '1', '0', '0', null, '0', '0', '2022-07-07', null, null, null);
INSERT INTO `cd_hotel_orders` VALUES ('2', '16', 'olXiw5KZUebMUb-b4DAiHSGUujxs', '2022-07-07', '2022-07-08', '3', '2022070755307', '188.00', 'ss', '13977964836', null, '123', '0.00', '0.00', '2', '0.00', '', '1', '0', '0', null, '0', '0', '2022-07-07', null, null, null);
INSERT INTO `cd_hotel_orders` VALUES ('3', '18', 'olXiw5KZUebMUb-b4DAiHSGUujxs', '2022-07-07', '2022-07-08', '3', '2022070716736', '188.00', 'ss', '13977964836', null, '22', '0.00', '0.00', '2', '0.00', '', '1', '0', '0', null, '0', '0', '2022-07-07', null, null, null);
INSERT INTO `cd_hotel_orders` VALUES ('4', '20', 'olXiw5KZUebMUb-b4DAiHSGUujxs', '2022-07-07', '2022-07-08', '3', '2022070772022', '188.00', '1', '13977964836', null, '5', '0.00', '0.00', '2', '0.00', '', '1', '0', '0', null, '0', '0', '2022-07-07', null, null, null);
INSERT INTO `cd_hotel_orders` VALUES ('5', '17', 'olXiw5KZUebMUb-b4DAiHSGUujxs', '2022-07-07', '2022-07-08', '3', '2022070780490', '166.00', '123', '13977964836', null, '2', '0.00', '0.00', '2', '0.00', '', '1', '0', '0', null, '0', '0', '2022-07-07', null, null, null);
INSERT INTO `cd_hotel_orders` VALUES ('6', '21', 'olXiw5KZUebMUb-b4DAiHSGUujxs', '2022-07-07', '2022-07-08', '3', '2022070774612', '188.00', '22', '13977964836', null, '55', '0.00', '0.00', '2', '0.00', '', '1', '0', '0', null, '0', '0', '2022-07-07', null, null, null);
INSERT INTO `cd_hotel_orders` VALUES ('7', '24', 'olXiw5KZUebMUb-b4DAiHSGUujxs', '2022-07-07', '2022-07-08', '3', '2022070712721', '188.00', '321', '13977964836', null, '55', '0.00', '0.00', '2', '0.00', '', '1', '0', '0', null, '0', '0', '2022-07-07', null, null, null);
INSERT INTO `cd_hotel_orders` VALUES ('8', '26', 'olXiw5KZUebMUb-b4DAiHSGUujxs', '2022-07-07', '2022-07-08', '3', '2022070728270', '188.00', '1312', '13977964836', null, '55', '0.00', '0.00', '2', '0.00', '', '1', '0', '0', null, '0', '0', '2022-07-07', null, null, null);
INSERT INTO `cd_hotel_orders` VALUES ('9', '26', 'olXiw5KZUebMUb-b4DAiHSGUujxs', '2022-07-07', '2022-07-08', '3', '2022070752651', '188.00', '1312', '13977964836', null, '55', '0.00', '0.00', '4', '0.00', '', '1', '0', '0', null, '0', '0', '2022-07-07', null, null, null);
INSERT INTO `cd_hotel_orders` VALUES ('10', '26', 'olXiw5KZUebMUb-b4DAiHSGUujxs', '2022-07-07', '2022-07-08', '3', '2022070772604', '188.00', '1312', '13977964836', null, '55', '0.00', '0.00', '2', '0.00', '', '1', '0', '0', null, '0', '0', '2022-07-07', null, null, null);

-- ----------------------------
-- Table structure for cd_hotel_rooms
-- ----------------------------
DROP TABLE IF EXISTS `cd_hotel_rooms`;
CREATE TABLE `cd_hotel_rooms` (
  `id` smallint(11) NOT NULL AUTO_INCREMENT,
  `floor_id` int(11) NOT NULL DEFAULT '0' COMMENT '所属楼层id',
  `room_type_id` int(11) NOT NULL DEFAULT '0' COMMENT '房型id',
  `name` varchar(20) NOT NULL DEFAULT '' COMMENT '房号',
  `status` tinyint(1) DEFAULT '1' COMMENT '房间入住状态，1空闲，2预订，3在住，4故障，5打扫',
  `createdAt` datetime DEFAULT NULL COMMENT '创建时间',
  `createdBy` varchar(255) DEFAULT NULL COMMENT '创建者',
  `updatedAt` datetime DEFAULT NULL COMMENT '更新时间',
  `updatedBy` varchar(255) DEFAULT NULL COMMENT '更新者',
  `info` text NOT NULL COMMENT '备注',
  PRIMARY KEY (`id`),
  KEY `hotel_id` (`room_type_id`)
) ENGINE=InnoDB AUTO_INCREMENT=34 DEFAULT CHARSET=utf8 COMMENT='酒店房间列表';

-- ----------------------------
-- Records of cd_hotel_rooms
-- ----------------------------
INSERT INTO `cd_hotel_rooms` VALUES ('12', '1', '8', '101', '1', '2021-04-02 22:35:46', 'admin', '2021-05-13 17:40:18', 'admin', '');
INSERT INTO `cd_hotel_rooms` VALUES ('13', '1', '8', '102', '1', '2021-04-02 22:35:58', 'admin', null, null, '');
INSERT INTO `cd_hotel_rooms` VALUES ('14', '1', '7', '103', '2', '2021-04-02 22:36:10', 'admin', null, null, '');
INSERT INTO `cd_hotel_rooms` VALUES ('15', '1', '8', '104', '1', '2021-04-02 22:36:27', 'admin', '2021-05-13 17:41:57', 'admin', '');
INSERT INTO `cd_hotel_rooms` VALUES ('16', '1', '7', '105', '2', '2021-04-02 22:36:45', 'admin', '2021-05-14 17:18:57', 'admin', '');
INSERT INTO `cd_hotel_rooms` VALUES ('17', '2', '8', '201', '2', '2021-04-02 22:42:36', 'admin', '2021-05-13 17:41:28', 'admin', '');
INSERT INTO `cd_hotel_rooms` VALUES ('18', '2', '7', '202', '2', '2021-04-02 22:42:49', 'admin', '2021-05-14 17:18:51', 'admin', '');
INSERT INTO `cd_hotel_rooms` VALUES ('19', '2', '8', '203', '1', '2021-04-02 22:43:00', 'admin', '2021-05-13 17:42:02', 'admin', '');
INSERT INTO `cd_hotel_rooms` VALUES ('20', '2', '7', '204', '2', '2021-04-02 22:43:10', 'admin', '2021-05-13 17:40:59', 'admin', '');
INSERT INTO `cd_hotel_rooms` VALUES ('21', '2', '7', '205', '2', '2021-04-02 22:43:24', 'admin', '2021-05-13 17:40:53', 'admin', '');
INSERT INTO `cd_hotel_rooms` VALUES ('22', '2', '8', '206', '1', '2021-04-02 22:43:41', 'admin', '2021-05-13 17:40:36', 'admin', '');
INSERT INTO `cd_hotel_rooms` VALUES ('23', '3', '8', '301', '2', '2021-04-02 22:44:08', 'admin', '2021-05-14 17:18:42', 'admin', '');
INSERT INTO `cd_hotel_rooms` VALUES ('24', '3', '7', '302', '2', '2021-04-02 22:44:21', 'admin', '2021-05-13 17:40:44', 'admin', '');
INSERT INTO `cd_hotel_rooms` VALUES ('25', '3', '8', '303', '1', '2021-04-02 22:44:36', 'admin', '2021-05-14 17:18:35', 'admin', '');
INSERT INTO `cd_hotel_rooms` VALUES ('26', '3', '7', '304', '2', '2021-04-02 22:44:50', 'admin', '2021-05-14 17:18:28', 'admin', '');
INSERT INTO `cd_hotel_rooms` VALUES ('27', '3', '8', '305', '1', '2021-04-02 22:45:01', 'admin', null, null, '');
INSERT INTO `cd_hotel_rooms` VALUES ('28', '3', '7', '306', '2', '2021-04-02 22:45:13', 'admin', '2021-05-13 17:41:10', 'admin', '');
INSERT INTO `cd_hotel_rooms` VALUES ('29', '1', '8', '106', '1', '2021-04-02 22:45:28', 'admin', null, null, '');
INSERT INTO `cd_hotel_rooms` VALUES ('32', '1', '8', '107', '1', '2021-04-29 16:56:20', 'admin', null, null, '');
INSERT INTO `cd_hotel_rooms` VALUES ('33', '1', '7', '108', '1', '2021-04-29 16:56:30', 'admin', null, null, '');

-- ----------------------------
-- Table structure for cd_hotel_room_types
-- ----------------------------
DROP TABLE IF EXISTS `cd_hotel_room_types`;
CREATE TABLE `cd_hotel_room_types` (
  `id` int(11) NOT NULL AUTO_INCREMENT,
  `name` varchar(50) NOT NULL DEFAULT '' COMMENT '房型名称',
  `isTop` int(11) DEFAULT '0' COMMENT '推荐首页',
  `price` smallint(6) DEFAULT '0' COMMENT '价格',
  `vip_price` smallint(6) DEFAULT '0' COMMENT 'vip价',
  `rank` int(11) NOT NULL DEFAULT '0' COMMENT '排序',
  `group_price` smallint(5) DEFAULT '0' COMMENT '团体价',
  `area` smallint(6) DEFAULT '0' COMMENT '面积',
  `window` int(11) NOT NULL DEFAULT '0' COMMENT '窗户：0无，1有',
  `wifi` varchar(255) DEFAULT '' COMMENT '网络',
  `floor` varchar(255) DEFAULT '' COMMENT '楼层',
  `people_num` smallint(6) DEFAULT '0' COMMENT '可住几人',
  `smoking` varchar(255) DEFAULT '' COMMENT '吸烟',
  `bed_type` varchar(255) DEFAULT '' COMMENT '床型',
  `meals` varchar(255) DEFAULT '' COMMENT '餐食',
  `photo` varchar(255) DEFAULT '' COMMENT '封面',
  `photo_s` varchar(255) DEFAULT '' COMMENT '图片',
  `support` varchar(500) DEFAULT '' COMMENT '便利设施',
  `bathroom` varchar(500) DEFAULT '' COMMENT '浴室',
  `food` varchar(500) DEFAULT '' COMMENT '食品饮料',
  `media` varchar(500) DEFAULT '' COMMENT '媒体科技',
  `landscape` varchar(500) DEFAULT '' COMMENT '室外景观',
  `facilities` varchar(500) DEFAULT '' COMMENT '其它设施',
  `instructions` varchar(500) DEFAULT '' COMMENT '预定须知',
  `cancel_rules` varchar(500) DEFAULT '' COMMENT '取消规则',
  `createdAt` datetime DEFAULT NULL COMMENT '创建时间',
  `createdBy` varchar(255) DEFAULT NULL COMMENT '创建者',
  `updatedAt` datetime DEFAULT NULL COMMENT '更新时间',
  `updatedBy` varchar(255) DEFAULT NULL COMMENT '更新者',
  PRIMARY KEY (`id`)
) ENGINE=InnoDB AUTO_INCREMENT=9 DEFAULT CHARSET=utf8 COMMENT='客房分类';

-- ----------------------------
-- Records of cd_hotel_room_types
-- ----------------------------
INSERT INTO `cd_hotel_room_types` VALUES ('7', '高级双床房', '1', '188', '0', '0', '0', '40', '1', '免费wifi', '1F，2F，3F', '2', '部分区域禁烟', '2张单人床 (1.2米)', '无餐食', '/uploads/admin/202206/shuangren.jpg', '/uploads/admin/202206/shuangren.jpg,/uploads/admin/202206/shuangren.jpg', '客房WIFI（免费）\n房间内高速上网\n空调（免费）\n沙发\n遮光窗帘\n手动窗帘\n衣柜／衣橱\n书桌\n开夜床\n床具:鸭绒被\n床具：毯子或被子\n备用床具\n房内保险箱\n电子秤\n闹钟\n针线包\n多种规格电源插座\n110V电压插座\n220V电压插座\n雨伞', '独立淋浴间\n独立卫生间\n吹风机\n浴室化妆放大镜\n洗浴用品\n浴衣\n24小时热水', '瓶装水（免费）\n电热水壶\n迷你吧', '液晶电视机\n智能门锁\n国内长途电话\n国际长途电话\n有线频道\n卫星频道\n音响\nDVD播放机', '\n海景\n花园景\n露台\n阳台', '欢迎礼品', '订单确认后30分钟内可免费取消修改，若未入住或过时取消修改担保费用将不予退还。携程会根据您的担保方式，预授权或暂扣RMB 549用于担保。订单需等酒店或供应商确认后生效，订单确认结果以携程短信、邮件或app通知为准。', '订单确认后30分钟内可免费取消修改，若未入住或过时取消修改担保费用将不予退还。携程会根据您的担保方式，预授权或暂扣RMB 549用于担保。订单需等酒店或供应商确认后生效，订单确认结果以携程短信、邮件或app通知为准。', '2021-04-01 14:11:40', 'admin', '2021-04-26 17:42:11', 'admin');
INSERT INTO `cd_hotel_room_types` VALUES ('8', '雅致景观大床房', '1', '166', '0', '0', '0', '40', '1', '免费wifi', '1F，2F，3F', '2', '部分区域禁烟', '1张大床', '无餐食', '/uploads/admin/202206/dachuang.jpg', '/uploads/admin/202206/dachuang.jpg', '客房WIFI（免费）\n房间内高速上网\n空调（免费）\n沙发\n遮光窗帘\n手动窗帘\n衣柜／衣橱\n书桌\n开夜床\n床具:鸭绒被\n床具：毯子或被子\n备用床具\n房内保险箱\n电子秤\n闹钟\n针线包\n多种规格电源插座\n110V电压插座\n220V电压插座\n雨伞', '独立淋浴间\n独立卫生间\n吹风机\n浴室化妆放大镜\n洗浴用品\n浴衣\n24小时热水', '瓶装水（免费）\n电热水壶\n迷你吧', '液晶电视机\n智能门锁\n国内长途电话\n国际长途电话\n有线频道\n卫星频道\n音响\nDVD播放机', '山景', '欢迎礼品', '订单确认后30分钟内可免费取消修改，若未入住或过时取消修改担保费用将不予退还。携程会根据您的担保方式，预授权或暂扣RMB 410用于担保。订单需等酒店或供应商确认后生效，订单确认结果以携程短信、邮件或app通知为准。', '订单确认后30分钟内可免费取消修改，若未入住或过时取消修改担保费用将不予退还。携程会根据您的担保方式，预授权或暂扣RMB 410用于担保。订单需等酒店或供应商确认后生效，订单确认结果以携程短信、邮件或app通知为准。', '2021-04-01 14:17:17', 'admin', '2021-04-26 17:42:04', 'admin');

-- ----------------------------
-- Table structure for cd_liandong
-- ----------------------------
DROP TABLE IF EXISTS `cd_liandong`;
CREATE TABLE `cd_liandong` (
  `liandong_id` int(11) NOT NULL AUTO_INCREMENT COMMENT '编号',
  `name` varchar(50) NOT NULL,
  `data` text NOT NULL,
  PRIMARY KEY (`liandong_id`) USING BTREE
) ENGINE=InnoDB AUTO_INCREMENT=6 DEFAULT CHARSET=utf8 ROW_FORMAT=DYNAMIC;

-- ----------------------------
-- Records of cd_liandong
-- ----------------------------
INSERT INTO `cd_liandong` VALUES ('1', 'oss_type', '1');
INSERT INTO `cd_liandong` VALUES ('2', 'keyid', 'T0g7eZLYoe');
INSERT INTO `cd_liandong` VALUES ('3', 'secret', 'Wy5isYVqtT0g7eZLYoePK6m2QjZ8Dc ');
INSERT INTO `cd_liandong` VALUES ('4', 'endpoint', 'http://i.whpj.vip dd');
INSERT INTO `cd_liandong` VALUES ('5', 'bucket', 'xhadmin333 ');

-- ----------------------------
-- Table structure for cd_link
-- ----------------------------
DROP TABLE IF EXISTS `cd_link`;
CREATE TABLE `cd_link` (
  `link_id` int(11) NOT NULL AUTO_INCREMENT COMMENT '编号',
  `title` varchar(250) DEFAULT NULL COMMENT '链接名称',
  `url` text COMMENT '链接地址',
  `logo` varchar(250) DEFAULT NULL COMMENT 'logo',
  `status` tinyint(4) DEFAULT NULL COMMENT '状态',
  `sortid` int(11) DEFAULT NULL COMMENT '排序',
  `create_time` int(11) DEFAULT NULL COMMENT '创建时间',
  `linkcata_id` smallint(6) DEFAULT NULL COMMENT '所属分类',
  PRIMARY KEY (`link_id`)
) ENGINE=InnoDB AUTO_INCREMENT=21 DEFAULT CHARSET=utf8;

-- ----------------------------
-- Records of cd_link
-- ----------------------------
INSERT INTO `cd_link` VALUES ('1', 'web三大标准', '结构(html)、表现(css)、行为(javascript)', '', '1', '1', '1648134275', '1');
INSERT INTO `cd_link` VALUES ('2', '<html lang=\"zh-CN\">', '<html lang=\"zh-CN\">中文\n<html lang=\"en\">英文', '', '1', '2', '1648134305', '1');
INSERT INTO `cd_link` VALUES ('3', '字符集 编码', '<meta charset=\"UTF-8\">', '', '1', '3', '1648134323', '1');
INSERT INTO `cd_link` VALUES ('4', '将网页里的所有a链接都改成跳转新页面', '<head>\n   <base traget=\"_blank\">\n</head>', '', '1', '4', '1648134358', '1');
INSERT INTO `cd_link` VALUES ('5', '表格标题 在表格上方居中', '<table>\n         <caption>22</caption>\n</table>', '', '1', '5', '1648134381', '1');
INSERT INTO `cd_link` VALUES ('6', '光标点击文字会定位到表单里 for是索引', '<lable for=\"username\">名字</lable><input type = \"text\" id=\"username\" name=\"username\">', '', '1', '6', '1648134409', '1');
INSERT INTO `cd_link` VALUES ('7', '<style></style>技巧', '有h5的声明可以省略<style>中的type = css', '', '1', '7', '1648134481', '2');
INSERT INTO `cd_link` VALUES ('8', '*通配符选择器', '*通配符选择器 会匹配所有的元素（不建议随便使用 会降低页面响应速度）\n例如：*{margin:0;padding:0;}', '', '1', '8', '1648134523', '2');
INSERT INTO `cd_link` VALUES ('9', '子元素选择器', '.header>h3{color:red;}', '', '1', '9', '1648134538', '2');
INSERT INTO `cd_link` VALUES ('10', 'a标签', 'a:link 未访问的链接\na:visited 已访问的链接\na:hover 产鼠标移动到链接上\na:active 选定的链接\n注意：要按照顺序写 否则不生效 lvha', '', '1', '10', '1648134566', '2');
INSERT INTO `cd_link` VALUES ('11', '块元素和行内元素', 'HTML标签—般分为块标签和行内标签两种类型，它们也称块元素和行内元素。\n·行内元素的特点:\n(1)相邻行内元素在一行上，一行可以显示多个。\n(2)高、宽直接设置是无效的。\n(3）默认宽度就是它本身内容的宽度。\n(4）行内元素只能容纳文本或则其他行内元素。\n\n·行内块元素的特点（inline-block）:\n(1）和相邻行内元素(行内块）在一行上,但是之间会有空白缝隙。一行可以显示多个\n(2）默认宽度就是它本身内容的宽度。\n(3）高度，行高、外边距以及内边距都可以控制。', '', '1', '11', '1648134620', '2');
INSERT INTO `cd_link` VALUES ('12', '文本垂直居中', '行高等于高度可以让单行文本垂直居中（line-height）', '', '1', '12', '1648134660', '2');
INSERT INTO `cd_link` VALUES ('13', ' background-postion', 'background-postion:x坐标 y坐标；（xy可以写方位名词也可以写px，如果只指定了一个方位名词，另一个值默认居中对齐）\n超大背景图片一般background-postion:center top;\n', '', '1', '13', '1648134683', '2');
INSERT INTO `cd_link` VALUES ('14', 'background-attachment', 'background-attachment:scoll | fixed 背景附着 滚动或固定 不会随着滚动条的滚动而滚动', '', '1', '14', '1648134697', '2');
INSERT INTO `cd_link` VALUES ('15', 'JS的组成', '1.ECMAscript（JavaScript语法）\n2.DOM（页面文档对象模型）\n3.BOM（浏览器对象模型）', '', '1', '15', '1648134823', '3');
INSERT INTO `cd_link` VALUES ('16', '关键字不能作为变量名、方法名', '包括: break、case、catch、continue、default、delete、do、else、finally、for、function、if、in.instanceof.new、return、switch、this、throw、try、typeof、var、void、while、with等。', '', '1', '16', '1648135540', '3');
INSERT INTO `cd_link` VALUES ('17', 'arguments的用法', '在函数里特有的方法，可以获取对方调用函数时传过来的参数，没有设置形参时可以使用', '', '1', '17', '1648287632', '3');
INSERT INTO `cd_link` VALUES ('18', '从执行效率来看全局变量和局部变量', '(1）全局变量只有浏览器关闭的时候才会销毁，比较占内存资源\n(2）局部变量当我们程序执行完毕就会销毁，比较节约内存资源\n', '', '1', '18', '1648288209', '3');
INSERT INTO `cd_link` VALUES ('19', '预解析', '在当前作用域下, JS 代码执行之前，浏览器会默认把带有 var 和 function 声明（匿名函数没有function声明，所以不会提升）的变量在内存中进行提前声明或者定义。\n\n代码执行： 从上到下执行JS语句。\n预解析会把变量和函数的声明在代码执行之前执行完成。', '', '1', '19', '1648288698', '3');
INSERT INTO `cd_link` VALUES ('20', 'CSS3盒子模型', 'box-sizing:border-box;\n有了这句话 padding与border就不会再撑大盒子了\n一般适用于移动端开发', '', '1', '20', '1655364498', '2');

-- ----------------------------
-- Table structure for cd_linkcata
-- ----------------------------
DROP TABLE IF EXISTS `cd_linkcata`;
CREATE TABLE `cd_linkcata` (
  `linkcata_id` int(11) NOT NULL AUTO_INCREMENT COMMENT '编号',
  `class_name` varchar(250) DEFAULT NULL COMMENT '分类名称',
  `status` tinyint(4) DEFAULT NULL COMMENT '状态',
  `jdt` smallint(6) DEFAULT NULL COMMENT '进度条',
  PRIMARY KEY (`linkcata_id`) USING BTREE
) ENGINE=InnoDB AUTO_INCREMENT=4 DEFAULT CHARSET=utf8 ROW_FORMAT=DYNAMIC;

-- ----------------------------
-- Records of cd_linkcata
-- ----------------------------
INSERT INTO `cd_linkcata` VALUES ('1', 'HTML', '1', null);
INSERT INTO `cd_linkcata` VALUES ('2', 'CSS', '1', null);
INSERT INTO `cd_linkcata` VALUES ('3', 'JavaScript', '1', '0');

-- ----------------------------
-- Table structure for cd_log
-- ----------------------------
DROP TABLE IF EXISTS `cd_log`;
CREATE TABLE `cd_log` (
  `id` int(11) NOT NULL AUTO_INCREMENT,
  `application_name` varchar(50) DEFAULT NULL COMMENT '应用名称',
  `username` varchar(250) DEFAULT NULL COMMENT '操作用户',
  `url` varchar(250) DEFAULT NULL COMMENT '请求url',
  `ip` varchar(250) DEFAULT NULL COMMENT 'ip',
  `useragent` varchar(250) DEFAULT NULL COMMENT 'useragent',
  `content` text COMMENT '请求内容',
  `errmsg` varchar(250) DEFAULT NULL COMMENT '异常信息',
  `create_time` int(11) DEFAULT NULL COMMENT '创建时间',
  `type` smallint(6) DEFAULT NULL COMMENT '类型',
  `times` int(11) DEFAULT NULL COMMENT '日期',
  PRIMARY KEY (`id`) USING BTREE
) ENGINE=InnoDB AUTO_INCREMENT=310286 DEFAULT CHARSET=utf8 ROW_FORMAT=DYNAMIC;

-- ----------------------------
-- Records of cd_log
-- ----------------------------
INSERT INTO `cd_log` VALUES ('309425', 'admin', 'admin', 'http://vue2.whpj.vip/admin/Login/index.html', '171.113.10.235', 'Mozilla/5.0 (Windows NT 10.0; Win64; x64) AppleWebKit/537.36 (KHTML, like Gecko) Chrome/92.0.4515.131 Safari/537.36', null, null, '1633856537', '1', null);
INSERT INTO `cd_log` VALUES ('309426', 'admin', null, 'http://vue2.whpj.vip/admin/Extjob/index', '171.113.10.235', 'Mozilla/5.0 (Windows NT 10.0; Win64; x64) AppleWebKit/537.36 (KHTML, like Gecko) Chrome/92.0.4515.131 Safari/537.36', '{\"limit\":20,\"page\":1}', 'SQLSTATE[HY000] [1045] Access denied for user \'root\'@\'localhost\' (using password: YES)', '1633856544', '3', null);
INSERT INTO `cd_log` VALUES ('309427', 'admin', 'admin', 'http://vue2.whpj.vip/admin/Login/index.html', '171.113.10.235', 'Mozilla/5.0 (Windows NT 10.0; Win64; x64) AppleWebKit/537.36 (KHTML, like Gecko) Chrome/92.0.4515.131 Safari/537.36', null, null, '1633856698', '1', null);
INSERT INTO `cd_log` VALUES ('309428', 'admin', 'admin', 'http://vue2.whpj.vip/admin/Login/index.html', '111.196.210.26', 'Mozilla/5.0 (Macintosh; Intel Mac OS X 10.13; rv:93.0) Gecko/20100101 Firefox/93.0', null, null, '1633856793', '1', null);
INSERT INTO `cd_log` VALUES ('309429', 'supplier', 'qianji', 'http://vue2.whpj.vip/supplier/Login/index.html', '171.113.10.235', 'Mozilla/5.0 (Windows NT 10.0; Win64; x64) AppleWebKit/537.36 (KHTML, like Gecko) Chrome/92.0.4515.131 Safari/537.36', null, null, '1633856837', '1', null);
INSERT INTO `cd_log` VALUES ('309430', 'supplier', 'qianji', 'http://vue2.whpj.vip/supplier/Login/index.html', '171.113.10.235', 'Mozilla/5.0 (Windows NT 10.0; Win64; x64) AppleWebKit/537.36 (KHTML, like Gecko) Chrome/92.0.4515.131 Safari/537.36', null, null, '1633856903', '1', null);
INSERT INTO `cd_log` VALUES ('309431', 'admin', 'admin', 'http://vue2.whpj.vip/admin/Test/add', '171.113.10.235', 'Mozilla/5.0 (Windows NT 10.0; Win64; x64) AppleWebKit/537.36 (KHTML, like Gecko) Chrome/92.0.4515.131 Safari/537.36', '{\"title\":\"测试内容\",\"status\":1}', null, '1633857194', '2', null);
INSERT INTO `cd_log` VALUES ('309432', 'admin', 'admin', 'http://vue2.whpj.vip/admin/Test/add', '171.113.10.235', 'Mozilla/5.0 (Windows NT 10.0; Win64; x64) AppleWebKit/537.36 (KHTML, like Gecko) Chrome/92.0.4515.131 Safari/537.36', '{\"title\":\"在测试\",\"status\":1}', null, '1633857199', '2', null);
INSERT INTO `cd_log` VALUES ('309433', 'admin', 'admin', 'http://vue2.whpj.vip/admin/Login/index.html', '171.113.10.235', 'Mozilla/5.0 (Windows NT 10.0; Win64; x64) AppleWebKit/537.36 (KHTML, like Gecko) Chrome/92.0.4515.131 Safari/537.36', null, null, '1633857469', '1', null);
INSERT INTO `cd_log` VALUES ('309434', 'admin', 'admin', 'http://vue2.whpj.vip/admin/Membe/update', '171.113.10.235', 'Mozilla/5.0 (Windows NT 10.0; Win64; x64) AppleWebKit/537.36 (KHTML, like Gecko) Chrome/92.0.4515.131 Safari/537.36', '{\"membe_id\":30,\"username\":\"赵莎莎\",\"sex\":2,\"mobile\":\"13546985741\",\"pic\":\"\\/uploads\\/admin\\/202110\\/61627c797917c.png\",\"email\":\"784411414@qq.com\",\"status\":1,\"amount\":\"90.00\",\"ssq\":[\"天津市\",\"市辖区\",\"河东区\"],\"create_time\":\"2021-10-07 10:23:32\"}', null, '1633857473', '2', null);
INSERT INTO `cd_log` VALUES ('309435', 'admin', 'admin', 'http://vue2.whpj.vip/admin/Login/index.html', '1.206.11.147', 'Mozilla/5.0 (Linux; Android 9; SM-G9550 Build/PPR1.180610.011; wv) AppleWebKit/537.36 (KHTML, like Gecko) Version/4.0 Chrome/89.0.4389.72 MQQBrowser/6.2 TBS/045814 Mobile Safari/537.36 V1_AND_SQ_8.8.33_2150_YYB_D A_8083300 QQ/8.8.33.6300 NetType/WIFI', null, null, '1633857783', '1', null);
INSERT INTO `cd_log` VALUES ('309436', 'admin', 'admin', 'http://vue2.whpj.vip/admin/Login/index.html', '123.14.230.91', 'Mozilla/5.0 (Linux; Android 11; Redmi K30 Build/RKQ1.200826.002; wv) AppleWebKit/537.36 (KHTML, like Gecko) Version/4.0 Chrome/89.0.4389.72 MQQBrowser/6.2 TBS/045814 Mobile Safari/537.36 V1_AND_SQ_8.8.33_2150_YYB_D A_8083300 QQ/8.8.33.6300 NetType/WI', null, null, '1633857788', '1', null);
INSERT INTO `cd_log` VALUES ('309437', 'admin', 'admin', 'http://vue2.whpj.vip/admin/Login/index.html', '171.113.10.235', 'Mozilla/5.0 (Windows NT 10.0; Win64; x64) AppleWebKit/537.36 (KHTML, like Gecko) Chrome/92.0.4515.131 Safari/537.36', null, null, '1633857808', '1', null);
INSERT INTO `cd_log` VALUES ('309438', 'admin', 'admin', 'http://vue2.whpj.vip/admin/Login/index.html', '123.14.230.91', 'Mozilla/5.0 (Linux; Android 11; Redmi K30 Build/RKQ1.200826.002; wv) AppleWebKit/537.36 (KHTML, like Gecko) Version/4.0 Chrome/89.0.4389.72 MQQBrowser/6.2 TBS/045814 Mobile Safari/537.36 V1_AND_SQ_8.8.33_2150_YYB_D A_8083300 QQ/8.8.33.6300 NetType/WI', null, null, '1633857819', '1', null);
INSERT INTO `cd_log` VALUES ('309439', 'admin', 'admin', 'http://vue2.whpj.vip/admin/Login/index.html', '120.239.55.97', 'Mozilla/5.0 (Windows NT 10.0; Win64; x64) AppleWebKit/537.36 (KHTML, like Gecko) Chrome/94.0.4606.81 Safari/537.36', null, null, '1633857972', '1', null);
INSERT INTO `cd_log` VALUES ('309440', 'admin', 'admin', 'http://vue2.whpj.vip/admin/Login/index.html', '175.190.120.51', 'Mozilla/5.0 (Linux; Android 11; JLH-AN00 Build/HONORJLH-AN00; wv) AppleWebKit/537.36 (KHTML, like Gecko) Version/4.0 Chrome/89.0.4389.72 MQQBrowser/6.2 TBS/045814 Mobile Safari/537.36 V1_AND_SQ_8.8.33_2150_YYB_D A_8083300 QQ/8.8.33.6300 NetType/WIFI ', null, null, '1633857975', '1', null);
INSERT INTO `cd_log` VALUES ('309441', 'admin', 'admin', 'http://vue2.whpj.vip/admin/Login/index.html', '118.113.201.105', 'Mozilla/5.0 (Linux; Android 10; EVR-AL00 Build/HUAWEIEVR-AL00; wv) AppleWebKit/537.36 (KHTML, like Gecko) Version/4.0 Chrome/89.0.4389.72 MQQBrowser/6.2 TBS/045814 Mobile Safari/537.36 V1_AND_SQ_8.8.33_2150_YYB_D A_8083300 QQ/8.8.33.6300 NetType/WIFI', null, null, '1633857983', '1', null);
INSERT INTO `cd_log` VALUES ('309442', 'admin', 'admin', 'http://vue2.whpj.vip/admin/Login/index.html', '118.113.201.105', 'Mozilla/5.0 (Linux; Android 10; EVR-AL00 Build/HUAWEIEVR-AL00; wv) AppleWebKit/537.36 (KHTML, like Gecko) Version/4.0 Chrome/89.0.4389.72 MQQBrowser/6.2 TBS/045814 Mobile Safari/537.36 V1_AND_SQ_8.8.33_2150_YYB_D A_8083300 QQ/8.8.33.6300 NetType/WIFI', null, null, '1633857997', '1', null);
INSERT INTO `cd_log` VALUES ('309443', 'admin', 'admin', 'http://vue2.whpj.vip/admin/Login/index.html', '219.155.115.135', 'Mozilla/5.0 (Linux; Android 10; VOG-AL10 Build/HUAWEIVOG-AL10; wv) AppleWebKit/537.36 (KHTML, like Gecko) Version/4.0 Chrome/89.0.4389.72 MQQBrowser/6.2 TBS/045814 Mobile Safari/537.36 V1_AND_SQ_8.8.33_2150_YYB_D A_8083300 QQ/8.8.33.6300 NetType/WIFI', null, null, '1633858258', '1', null);
INSERT INTO `cd_log` VALUES ('309444', 'admin', 'admin', 'http://vue2.whpj.vip/admin/Login/index.html', '171.113.10.235', 'Mozilla/5.0 (Linux; Android 10; HarmonyOS; BMH-AN20; HMSCore 6.1.0.314) AppleWebKit/537.36 (KHTML, like Gecko) Chrome/88.0.4324.93 HuaweiBrowser/11.1.5.310 Mobile Safari/537.36', null, null, '1633858276', '1', null);
INSERT INTO `cd_log` VALUES ('309445', 'admin', 'admin', 'http://vue2.whpj.vip/admin/Login/index.html', '121.31.246.25', 'Mozilla/5.0 (Linux; Android 10; NOH-AN00 Build/HUAWEINOH-AN00; wv) AppleWebKit/537.36 (KHTML, like Gecko) Version/4.0 Chrome/89.0.4389.72 MQQBrowser/6.2 TBS/045810 Mobile Safari/537.36 V1_AND_SQ_8.8.12_1900_YYB_D A_8080500 QQ/8.8.12.5675 NetType/4G W', null, null, '1633859261', '1', null);
INSERT INTO `cd_log` VALUES ('309446', 'admin', 'admin', 'http://vue2.whpj.vip/admin/Login/index.html', '222.168.59.4', 'Mozilla/5.0 (Windows NT 10.0; Win64; x64) AppleWebKit/537.36 (KHTML, like Gecko) Chrome/94.0.4606.71 Safari/537.36', null, null, '1633859950', '1', null);
INSERT INTO `cd_log` VALUES ('309447', 'admin', 'admin', 'http://vue2.whpj.vip/admin/Login/index.html', '113.75.188.224', 'Mozilla/5.0 (Windows NT 10.0; WOW64) AppleWebKit/537.36 (KHTML, like Gecko) Chrome/70.0.3538.25 Safari/537.36 Core/1.70.3877.400 QQBrowser/10.8.4506.400', null, null, '1633860171', '1', null);
INSERT INTO `cd_log` VALUES ('309448', 'admin', 'admin', 'http://vue2.whpj.vip/admin/Login/index.html', '120.201.0.252', 'Mozilla/5.0 (Macintosh; Intel Mac OS X -1_0_0) AppleWebKit/537.36 (KHTML, like Gecko) Chrome/78.0.3904.108 Safari/537.36', null, null, '1633860645', '1', null);
INSERT INTO `cd_log` VALUES ('309449', 'supplier', 'qianji', 'http://vue2.whpj.vip/supplier/Login/index.html', '120.201.0.252', 'Mozilla/5.0 (Macintosh; Intel Mac OS X -1_0_0) AppleWebKit/537.36 (KHTML, like Gecko) Chrome/78.0.3904.108 Safari/537.36', null, null, '1633860673', '1', null);
INSERT INTO `cd_log` VALUES ('309450', 'admin', 'admin', 'http://vue2.whpj.vip/admin/Login/index.html', '106.39.151.101', 'Mozilla/5.0 (Windows NT 10.0; Win64; x64) AppleWebKit/537.36 (KHTML, like Gecko) Chrome/92.0.4515.159 Safari/537.36', null, null, '1633861160', '1', null);
INSERT INTO `cd_log` VALUES ('309451', 'admin', 'admin', 'http://vue2.whpj.vip/admin/Login/index.html', '115.51.115.150', 'Mozilla/5.0 (Windows NT 10.0; Win64; x64) AppleWebKit/537.36 (KHTML, like Gecko) Chrome/94.0.4606.81 Safari/537.36', null, null, '1633863076', '1', null);
INSERT INTO `cd_log` VALUES ('309452', 'admin', 'admin', 'http://vue2.whpj.vip/admin/Login/index.html', '171.36.16.43', 'Mozilla/5.0 (Linux; Android 11; M2011K2C Build/RKQ1.200928.002; wv) AppleWebKit/537.36 (KHTML, like Gecko) Version/4.0 Chrome/89.0.4389.72 MQQBrowser/6.2 TBS/045814 Mobile Safari/537.36 V1_AND_SQ_8.8.33_2150_YYB_D A_8083300 QQ/8.8.33.6300 NetType/WIF', null, null, '1633863615', '1', null);
INSERT INTO `cd_log` VALUES ('309453', 'supplier', 'qianji', 'http://vue2.whpj.vip/supplier/Login/index.html', '171.113.10.235', 'Mozilla/5.0 (Windows NT 10.0; Win64; x64) AppleWebKit/537.36 (KHTML, like Gecko) Chrome/92.0.4515.131 Safari/537.36', null, null, '1633863692', '1', null);
INSERT INTO `cd_log` VALUES ('309454', 'admin', 'admin', 'http://vue2.whpj.vip/admin/Login/index.html', '49.114.177.32', 'Mozilla/5.0 (iPhone; CPU iPhone OS 14_8 like Mac OS X) AppleWebKit/605.1.15 (KHTML, like Gecko) Mobile/18H17 QQ/8.8.33.634 V1_IPH_SQ_8.8.33_1_APP_A Pixel/1080 MiniAppEnable SimpleUISwitch/0 StudyMode/0 CurrentMode/0 CurrentFontScale/1.000000 QQTheme/', null, null, '1633863697', '1', null);
INSERT INTO `cd_log` VALUES ('309455', 'admin', 'admin', 'http://vue2.whpj.vip/admin/Login/index.html', '112.254.179.131', 'Mozilla/5.0 (Windows NT 10.0; WOW64) AppleWebKit/537.36 (KHTML, like Gecko) Chrome/80.0.3987.87 Safari/537.36 SE 2.X MetaSr 1.0', null, null, '1633869045', '1', null);
INSERT INTO `cd_log` VALUES ('309456', 'supplier', 'qianji', 'http://vue2.whpj.vip/supplier/Login/index.html', '171.113.10.235', 'Mozilla/5.0 (Windows NT 10.0; Win64; x64) AppleWebKit/537.36 (KHTML, like Gecko) Chrome/92.0.4515.131 Safari/537.36', null, null, '1633869372', '1', null);
INSERT INTO `cd_log` VALUES ('309457', 'admin', 'admin', 'http://vue2.whpj.vip/admin/Login/index.html', '59.42.110.17', 'Mozilla/5.0 (Windows NT 10.0; WOW64) AppleWebKit/537.36 (KHTML, like Gecko) Chrome/70.0.3538.25 Safari/537.36 Core/1.70.3877.400 QQBrowser/10.8.4506.400', null, null, '1633870288', '1', null);
INSERT INTO `cd_log` VALUES ('309458', 'admin', 'admin', 'http://vue2.whpj.vip/admin/Login/index.html', '61.144.101.217', 'Mozilla/5.0 (Windows NT 10.0; WOW64) AppleWebKit/537.36 (KHTML, like Gecko) Chrome/70.0.3538.25 Safari/537.36 Core/1.70.3877.400 QQBrowser/10.8.4506.400', null, null, '1633871035', '1', null);
INSERT INTO `cd_log` VALUES ('309459', 'admin', 'admin', 'http://vue2.whpj.vip/admin/Login/index.html', '222.220.251.147', 'Mozilla/5.0 (Windows NT 10.0; Win64; x64) AppleWebKit/537.36 (KHTML, like Gecko) Chrome/94.0.4606.71 Safari/537.36', null, null, '1633874439', '1', null);
INSERT INTO `cd_log` VALUES ('309460', 'admin', 'admin', 'http://vue2.whpj.vip/admin/Login/index.html', '119.131.39.27', 'Mozilla/5.0 (Windows NT 10.0; Win64; x64; rv:93.0) Gecko/20100101 Firefox/93.0', null, null, '1633874837', '1', null);
INSERT INTO `cd_log` VALUES ('309461', 'admin', 'admin', 'http://vue2.whpj.vip/admin/Login/index.html', '139.205.61.15', 'Mozilla/5.0 (Linux; Android 11; M2012K11AC Build/RKQ1.200826.002; wv) AppleWebKit/537.36 (KHTML, like Gecko) Version/4.0 Chrome/89.0.4389.72 MQQBrowser/6.2 TBS/045814 Mobile Safari/537.36 V1_AND_SQ_8.8.33_2150_YYB_D A_8083300 QQ/8.8.33.6300 NetType/W', null, null, '1633875631', '1', null);
INSERT INTO `cd_log` VALUES ('309462', 'admin', 'admin', 'http://vue2.whpj.vip/admin/Login/index.html', '27.189.43.143', 'Mozilla/5.0 (Windows NT 10.0; Win64; x64) AppleWebKit/537.36 (KHTML, like Gecko) Chrome/94.0.4606.81 Safari/537.36', null, null, '1633876086', '1', null);
INSERT INTO `cd_log` VALUES ('309463', 'admin', 'admin', 'http://vue2.whpj.vip/admin/Login/index.html', '120.32.105.9', 'Mozilla/5.0 (Windows NT 10.0; WOW64) AppleWebKit/537.36 (KHTML, like Gecko) Chrome/70.0.3538.25 Safari/537.36 Core/1.70.3877.400 QQBrowser/10.8.4506.400', null, null, '1633876124', '1', null);
INSERT INTO `cd_log` VALUES ('309464', 'admin', 'admin', 'http://vue2.whpj.vip/admin/Login/index.html', '117.189.161.227', 'Mozilla/5.0 (Windows NT 10.0; WOW64) AppleWebKit/537.36 (KHTML, like Gecko) Chrome/86.0.4240.198 Safari/537.36', null, null, '1633876257', '1', null);
INSERT INTO `cd_log` VALUES ('309465', 'admin', 'admin', 'http://vue2.whpj.vip/admin/Login/index.html', '49.119.180.72', 'Mozilla/5.0 (Windows NT 10.0; WOW64) AppleWebKit/537.36 (KHTML, like Gecko) Chrome/86.0.4240.198 Safari/537.36', null, null, '1633880001', '1', null);
INSERT INTO `cd_log` VALUES ('309466', 'admin', 'admin', 'http://vue2.whpj.vip/admin/Login/index.html', '121.226.159.208', 'Mozilla/5.0 (Linux; Android 11; SM-N9760 Build/RP1A.200720.012; wv) AppleWebKit/537.36 (KHTML, like Gecko) Version/4.0 Chrome/89.0.4389.72 MQQBrowser/6.2 TBS/045814 Mobile Safari/537.36 V1_AND_SQ_8.8.33_2150_YYB_D A_8083300 QQ/8.8.33.6300 NetType/WIF', null, null, '1633908862', '1', null);
INSERT INTO `cd_log` VALUES ('309467', 'admin', 'admin', 'http://vue2.whpj.vip/admin/Login/index.html', '218.90.150.217', 'Mozilla/5.0 (Windows NT 10.0; Win64; x64) AppleWebKit/537.36 (KHTML, like Gecko) Chrome/94.0.4606.71 Safari/537.36 Edg/94.0.992.38', null, null, '1633912843', '1', null);
INSERT INTO `cd_log` VALUES ('309468', 'admin', 'admin', 'http://vue2.whpj.vip/admin/Login/index.html', '116.20.67.98', 'Mozilla/5.0 (Windows NT 6.1) AppleWebKit/537.36 (KHTML, like Gecko) Chrome/86.0.4240.198 Safari/537.36', null, null, '1633912933', '1', null);
INSERT INTO `cd_log` VALUES ('309469', 'admin', 'admin', 'http://vue2.whpj.vip/admin/Login/index.html', '14.28.20.229', 'Mozilla/5.0 (Linux; U; Android 11; zh-cn; RMX3366 Build/RKQ1.201105.002) AppleWebKit/537.36 (KHTML, like Gecko) Version/4.0 Chrome/70.0.3538.80 Mobile Safari/537.36 HeyTapBrowser/40.7.22.9', null, null, '1633914343', '1', null);
INSERT INTO `cd_log` VALUES ('309470', 'admin', 'admin', 'http://vue2.whpj.vip/admin/Login/index.html', '111.25.36.3', 'Mozilla/5.0 (Macintosh; Intel Mac OS X 10_15_7) AppleWebKit/537.36 (KHTML, like Gecko) Chrome/94.0.4606.71 Safari/537.36', null, null, '1633914571', '1', null);
INSERT INTO `cd_log` VALUES ('309471', 'admin', 'admin', 'http://vue2.whpj.vip/admin/Login/index.html', '42.234.83.214', 'Mozilla/5.0 (Windows NT 6.1; WOW64) AppleWebKit/537.36 (KHTML, like Gecko) Chrome/91.0.4472.164 Safari/537.36', null, null, '1633914982', '1', null);
INSERT INTO `cd_log` VALUES ('309472', 'admin', 'admin', 'http://vue2.whpj.vip/admin/Login/index.html', '221.232.16.2', 'Mozilla/5.0 (Windows NT 10.0; Win64; x64) AppleWebKit/537.36 (KHTML, like Gecko) Chrome/92.0.4515.107 Safari/537.36', null, null, '1633915284', '1', null);
INSERT INTO `cd_log` VALUES ('309473', 'supplier', 'qianji', 'http://vue2.whpj.vip/supplier/Login/index.html', '116.20.67.98', 'Mozilla/5.0 (Windows NT 6.1) AppleWebKit/537.36 (KHTML, like Gecko) Chrome/86.0.4240.198 Safari/537.36', null, null, '1633915354', '1', null);
INSERT INTO `cd_log` VALUES ('309474', 'admin', 'admin', 'http://vue2.whpj.vip/admin/Login/index.html', '123.161.202.44', 'Mozilla/5.0 (Windows NT 10.0; Win64; x64) AppleWebKit/537.36 (KHTML, like Gecko) Chrome/94.0.4606.54 Safari/537.36', null, null, '1633915637', '1', null);
INSERT INTO `cd_log` VALUES ('309475', 'admin', 'admin', 'http://vue2.whpj.vip/admin/Login/index.html', '219.135.206.83', 'Mozilla/5.0 (Windows NT 10.0; Win64; x64) AppleWebKit/537.36 (KHTML, like Gecko) Chrome/92.0.4515.159 Safari/537.36 Edg/92.0.902.84', null, null, '1633915826', '1', null);
INSERT INTO `cd_log` VALUES ('309476', 'admin', 'admin', 'http://vue2.whpj.vip/admin/Login/index.html', '59.46.159.74', 'Mozilla/5.0 (Windows NT 10.0; Win64; x64; rv:93.0) Gecko/20100101 Firefox/93.0', null, null, '1633916824', '1', null);
INSERT INTO `cd_log` VALUES ('309477', 'admin', 'admin', 'http://vue2.whpj.vip/admin/Login/index.html', '124.126.139.62', 'Mozilla/5.0 (Windows NT 10.0; Win64; x64; rv:83.0) Gecko/20100101 Firefox/83.0', null, null, '1633918252', '1', null);
INSERT INTO `cd_log` VALUES ('309478', 'admin', 'admin', 'http://vue2.whpj.vip/admin/Login/index.html', '220.173.27.27', 'Mozilla/5.0 (Windows NT 10.0; WOW64) AppleWebKit/537.36 (KHTML, like Gecko) Chrome/86.0.4240.198 Safari/537.36', null, null, '1633918527', '1', null);
INSERT INTO `cd_log` VALUES ('309479', 'admin', 'admin', 'http://vue2.whpj.vip/admin/Login/index.html', '111.207.82.186', 'Mozilla/5.0 (Windows NT 10.0; Win64; x64) AppleWebKit/537.36 (KHTML, like Gecko) Chrome/94.0.4606.54 Safari/537.36', null, null, '1633919275', '1', null);
INSERT INTO `cd_log` VALUES ('309480', 'admin', 'admin', 'http://vue2.whpj.vip/admin/Login/index.html', '121.231.14.48', 'Mozilla/5.0 (Windows NT 6.1; Win64; x64) AppleWebKit/537.36 (KHTML, like Gecko) Chrome/91.0.4472.124 Safari/537.36', null, null, '1633920024', '1', null);
INSERT INTO `cd_log` VALUES ('309481', 'admin', 'admin', 'http://vue2.whpj.vip/admin/Login/index.html', '119.98.225.208', 'Mozilla/5.0 (Windows NT 10.0; Win64; x64) AppleWebKit/537.36 (KHTML, like Gecko) Chrome/92.0.4515.107 Safari/537.36', null, null, '1633920158', '1', null);
INSERT INTO `cd_log` VALUES ('309482', 'admin', 'admin', 'http://vue2.whpj.vip/admin/Login/index.html', '116.7.98.135', 'Mozilla/5.0 (Windows NT 6.1; WOW64) AppleWebKit/537.36 (KHTML, like Gecko) Chrome/81.0.4044.138 Safari/537.36 NetType/WIFI MicroMessenger/7.0.20.1781(0x6700143B) WindowsWechat(0x63030532)', null, null, '1633920952', '1', null);
INSERT INTO `cd_log` VALUES ('309483', 'admin', 'admin', 'http://vue2.whpj.vip/admin/Login/index.html', '112.233.119.25', 'Mozilla/5.0 (Windows NT 10.0; WOW64) AppleWebKit/537.36 (KHTML, like Gecko) Chrome/70.0.3538.25 Safari/537.36 Core/1.70.3877.400 QQBrowser/10.8.4506.400', null, null, '1633921069', '1', null);
INSERT INTO `cd_log` VALUES ('309484', 'admin', 'admin', 'http://vue2.whpj.vip/admin/Login/index.html', '182.200.21.95', 'Mozilla/5.0 (Windows NT 6.1; WOW64) AppleWebKit/537.36 (KHTML, like Gecko) Chrome/81.0.4044.138 Safari/537.36 NetType/WIFI MicroMessenger/7.0.20.1781(0x6700143B) WindowsWechat(0x6304001f)', null, null, '1633921429', '1', null);
INSERT INTO `cd_log` VALUES ('309485', 'admin', 'admin', 'http://vue2.whpj.vip/admin/Login/index.html', '160.16.150.217', 'Mozilla/5.0 (Windows NT 10.0; Win64; x64) AppleWebKit/537.36 (KHTML, like Gecko) Chrome/94.0.4606.71 Safari/537.36', null, null, '1633921754', '1', null);
INSERT INTO `cd_log` VALUES ('309486', 'admin', 'admin', 'http://vue2.whpj.vip/admin/Login/index.html', '221.205.161.194', 'Mozilla/5.0 (Windows NT 10.0; Win64; x64) AppleWebKit/537.36 (KHTML, like Gecko) Chrome/94.0.4606.61 Safari/537.36', null, null, '1633921970', '1', null);
INSERT INTO `cd_log` VALUES ('309487', 'admin', 'admin', 'http://vue2.whpj.vip/admin/Login/index.html', '123.149.20.244', 'Mozilla/5.0 (Windows NT 10.0; WOW64) AppleWebKit/537.36 (KHTML, like Gecko) Chrome/86.0.4240.198 Safari/537.36', null, null, '1633922078', '1', null);
INSERT INTO `cd_log` VALUES ('309488', 'admin', 'admin', 'http://vue2.whpj.vip/admin/Login/index.html', '1.87.247.125', 'Mozilla/5.0 (Windows NT 10.0; Win64; x64) AppleWebKit/537.36 (KHTML, like Gecko) Chrome/93.0.4577.82 Safari/537.36', null, null, '1633922874', '1', null);
INSERT INTO `cd_log` VALUES ('309489', 'admin', 'admin', 'http://vue2.whpj.vip/admin/Login/index.html', '175.0.192.8', 'Mozilla/5.0 (Linux; Android 10; OCE-AN10 Build/HUAWEIOCE-AN10; wv) AppleWebKit/537.36 (KHTML, like Gecko) Version/4.0 Chrome/89.0.4389.72 MQQBrowser/6.2 TBS/045814 Mobile Safari/537.36 V1_AND_SQ_8.8.33_2150_YYB_D A_8083300 QQ/8.8.33.6300 NetType/WIFI', null, null, '1633923195', '1', null);
INSERT INTO `cd_log` VALUES ('309490', 'admin', 'admin', 'http://vue2.whpj.vip/admin/Login/index.html', '221.232.16.2', 'Mozilla/5.0 (Windows NT 10.0; Win64; x64) AppleWebKit/537.36 (KHTML, like Gecko) Chrome/92.0.4515.107 Safari/537.36', null, null, '1633923875', '1', null);
INSERT INTO `cd_log` VALUES ('309491', 'admin', 'admin', 'http://vue2.whpj.vip/admin/Login/index.html', '113.57.117.50', 'Mozilla/5.0 (Windows NT 10.0; Win64; x64) AppleWebKit/537.36 (KHTML, like Gecko) Chrome/94.0.4606.71 Safari/537.36', null, null, '1633924985', '1', null);
INSERT INTO `cd_log` VALUES ('309492', 'admin', 'admin', 'http://vue2.whpj.vip/admin/Login/index.html', '117.22.111.16', 'Mozilla/5.0 (Windows NT 10.0; Win64; x64) AppleWebKit/537.36 (KHTML, like Gecko) Chrome/72.0.3626.121 Safari/537.36', null, null, '1633925419', '1', null);
INSERT INTO `cd_log` VALUES ('309493', 'admin', 'admin', 'http://vue2.whpj.vip/admin/Login/index.html', '123.163.219.59', 'Mozilla/5.0 (Windows NT 10.0; Win64; x64) AppleWebKit/537.36 (KHTML, like Gecko) Chrome/94.0.4606.71 Safari/537.36 Edg/94.0.992.38', null, null, '1633925438', '1', null);
INSERT INTO `cd_log` VALUES ('309494', 'admin', 'admin', 'http://vue2.whpj.vip/admin/Login/index.html', '119.137.55.125', 'Mozilla/5.0 (Windows NT 10.0; Win64; x64) AppleWebKit/537.36 (KHTML, like Gecko) Chrome/94.0.4606.71 Safari/537.36', null, null, '1633933580', '1', null);
INSERT INTO `cd_log` VALUES ('309495', 'admin', 'admin', 'http://vue2.whpj.vip/admin/Login/index.html', '115.60.186.108', 'Mozilla/5.0 (Linux; Android 11; M2007J17C Build/RKQ1.200826.002; wv) AppleWebKit/537.36 (KHTML, like Gecko) Version/4.0 Chrome/89.0.4389.72 MQQBrowser/6.2 TBS/045814 Mobile Safari/537.36 V1_AND_SQ_8.8.33_2150_YYB_D A_8083300 QQ/8.8.33.6300 NetType/WI', null, null, '1633935669', '1', null);
INSERT INTO `cd_log` VALUES ('309496', 'admin', 'admin', 'http://vue2.whpj.vip/admin/Login/index.html', '115.60.186.108', 'Mozilla/5.0 (Windows NT 10.0; Win64; x64) AppleWebKit/537.36 (KHTML, like Gecko) Chrome/94.0.4606.81 Safari/537.36', null, null, '1633935733', '1', null);
INSERT INTO `cd_log` VALUES ('309497', 'admin', 'admin', 'http://vue2.whpj.vip/admin/Login/index.html', '115.224.75.191', 'Mozilla/5.0 (Macintosh; Intel Mac OS X 10_15_7) AppleWebKit/537.36 (KHTML, like Gecko) Chrome/94.0.4606.71 Safari/537.36', null, null, '1633936158', '1', null);
INSERT INTO `cd_log` VALUES ('309498', 'admin', 'admin', 'http://vue2.whpj.vip/admin/Login/index.html', '110.185.17.103', 'Mozilla/5.0 (Windows NT 6.1; Win64; x64) AppleWebKit/537.36 (KHTML, like Gecko) Chrome/93.0.4577.63 Safari/537.36', null, null, '1633936209', '1', null);
INSERT INTO `cd_log` VALUES ('309499', 'admin', 'admin', 'http://vue2.whpj.vip/admin/Login/index.html', '1.80.117.247', 'Mozilla/5.0 (Macintosh; Intel Mac OS X 10_15_7) AppleWebKit/537.36 (KHTML, like Gecko) Chrome/93.0.4577.18 Safari/537.36 Edg/93.0.961.11', null, null, '1633936228', '1', null);
INSERT INTO `cd_log` VALUES ('309500', 'admin', 'admin', 'http://vue2.whpj.vip/admin/Login/index.html', '219.133.64.131', 'Mozilla/5.0 (Windows NT 10.0; Win64; x64) AppleWebKit/537.36 (KHTML, like Gecko) Chrome/94.0.4606.81 Safari/537.36', null, null, '1633936277', '1', null);
INSERT INTO `cd_log` VALUES ('309501', 'admin', 'admin', 'http://vue2.whpj.vip/admin/Login/index.html', '106.124.35.153', 'Mozilla/5.0 (Windows NT 10.0; WOW64) AppleWebKit/537.36 (KHTML, like Gecko) Chrome/70.0.3538.25 Safari/537.36 Core/1.70.3877.400 QQBrowser/10.8.4506.400', null, null, '1633936467', '1', null);
INSERT INTO `cd_log` VALUES ('309502', 'admin', 'admin', 'http://vue2.whpj.vip/admin/Login/index.html', '183.141.126.127', 'Mozilla/5.0 (Macintosh; Intel Mac OS X 10_15_7) AppleWebKit/537.36 (KHTML, like Gecko) Chrome/94.0.4606.81 Safari/537.36', null, null, '1633937070', '1', null);
INSERT INTO `cd_log` VALUES ('309503', 'admin', 'admin', 'http://vue2.whpj.vip/admin/Login/index.html', '116.52.123.51', 'Mozilla/5.0 (Windows NT 10.0; Win64; x64) AppleWebKit/537.36 (KHTML, like Gecko) Chrome/94.0.4606.71 Safari/537.36', null, null, '1633937335', '1', null);
INSERT INTO `cd_log` VALUES ('309504', 'admin', 'admin', 'http://vue2.whpj.vip/admin/Login/index.html', '118.250.89.165', 'Mozilla/5.0 (Windows NT 10.0; Win64; x64; rv:93.0) Gecko/20100101 Firefox/93.0', null, null, '1633937472', '1', null);
INSERT INTO `cd_log` VALUES ('309505', 'admin', 'admin', 'http://vue2.whpj.vip/admin/Login/index.html', '171.94.95.173', 'Mozilla/5.0 (Windows NT 10.0; Win64; x64) AppleWebKit/537.36 (KHTML, like Gecko) Chrome/93.0.4577.82 Safari/537.36', null, null, '1633937750', '1', null);
INSERT INTO `cd_log` VALUES ('309506', 'admin', 'admin', 'http://vue2.whpj.vip/admin/Login/index.html', '39.144.95.70', 'Mozilla/5.0 (iPhone; CPU iPhone OS 15_0_1 like Mac OS X) AppleWebKit/605.1.15 (KHTML, like Gecko) Mobile/15E148 MicroMessenger/8.0.14(0x18000e2a) NetType/4G Language/zh_CN', null, null, '1633937848', '1', null);
INSERT INTO `cd_log` VALUES ('309507', 'admin', 'admin', 'http://vue2.whpj.vip/admin/Login/index.html', '221.238.138.234', 'Mozilla/5.0 (Windows NT 6.1; WOW64) AppleWebKit/537.36 (KHTML, like Gecko) Chrome/81.0.4044.138 Safari/537.36 NetType/WIFI MicroMessenger/7.0.20.1781(0x6700143B) WindowsWechat(0x63030532)', null, null, '1633938875', '1', null);
INSERT INTO `cd_log` VALUES ('309508', 'admin', 'admin', 'http://vue2.whpj.vip/admin/Login/index.html', '221.238.138.234', 'Mozilla/5.0 (Windows NT 6.1; WOW64) AppleWebKit/537.36 (KHTML, like Gecko) Chrome/86.0.4240.198 Safari/537.36', null, null, '1633938945', '1', null);
INSERT INTO `cd_log` VALUES ('309509', 'admin', 'admin', 'http://vue2.whpj.vip/admin/Login/index.html', '116.20.27.46', 'Mozilla/5.0 (Windows NT 10.0; Win64; x64) AppleWebKit/537.36 (KHTML, like Gecko) Chrome/96.0.4662.6 Safari/537.36', null, null, '1633940841', '1', null);
INSERT INTO `cd_log` VALUES ('309510', 'admin', 'admin', 'http://vue2.whpj.vip/admin/Login/index.html', '1.27.51.125', 'Mozilla/5.0 (Windows NT 10.0; Win64; x64) AppleWebKit/537.36 (KHTML, like Gecko) Chrome/92.0.4515.131 Safari/537.36', null, null, '1633941363', '1', null);
INSERT INTO `cd_log` VALUES ('309511', 'admin', 'admin', 'http://vue2.whpj.vip/admin/Login/index.html', '115.60.187.10', 'Mozilla/5.0 (Windows NT 10.0; WOW64) AppleWebKit/537.36 (KHTML, like Gecko) Chrome/70.0.3538.25 Safari/537.36 Core/1.70.3870.400 QQBrowser/10.8.4405.400', null, null, '1633941438', '1', null);
INSERT INTO `cd_log` VALUES ('309512', 'admin', 'admin', 'http://vue2.whpj.vip/admin/Login/index.html', '116.131.143.154', 'Mozilla/5.0 (Windows NT 6.1; Win64; x64; rv:93.0) Gecko/20100101 Firefox/93.0', null, null, '1633942332', '1', null);
INSERT INTO `cd_log` VALUES ('309513', 'admin', 'admin', 'http://vue2.whpj.vip/admin/Login/index.html', '1.89.247.44', 'Mozilla/5.0 (Windows NT 10.0; Win64; x64) AppleWebKit/537.36 (KHTML, like Gecko) Chrome/94.0.4606.71 Safari/537.36', null, null, '1633950275', '1', null);
INSERT INTO `cd_log` VALUES ('309514', 'admin', 'admin', 'http://vue2.whpj.vip/admin/Login/index.html', '112.224.69.182', 'Mozilla/5.0 (iPhone; CPU iPhone OS 14_7_1 like Mac OS X) AppleWebKit/605.1.15 (KHTML, like Gecko) Mobile/15E148 QQ/8.7.8.635 V1_IPH_SQ_8.7.8_1_APP_A Pixel/1170 MiniAppEnable SimpleUISwitch/0 StudyMode/0 QQTheme/1102 Core/WKWebView Device/Apple(iPhone', null, null, '1633950639', '1', null);
INSERT INTO `cd_log` VALUES ('309515', 'admin', 'admin', 'http://vue2.whpj.vip/admin/Login/index.html', '171.113.10.235', 'Mozilla/5.0 (Windows NT 10.0; Win64; x64) AppleWebKit/537.36 (KHTML, like Gecko) Chrome/92.0.4515.131 Safari/537.36', null, null, '1633954867', '1', null);
INSERT INTO `cd_log` VALUES ('309516', 'admin', 'admin', 'http://vue2.whpj.vip/admin/Login/index.html', '115.51.116.201', 'Mozilla/5.0 (Windows NT 10.0; Win64; x64) AppleWebKit/537.36 (KHTML, like Gecko) Chrome/94.0.4606.81 Safari/537.36', null, null, '1633958402', '1', null);
INSERT INTO `cd_log` VALUES ('309517', 'supplier', 'qianji', 'http://vue2.whpj.vip/supplier/Login/index.html', '115.51.116.201', 'Mozilla/5.0 (Windows NT 10.0; Win64; x64) AppleWebKit/537.36 (KHTML, like Gecko) Chrome/94.0.4606.81 Safari/537.36', null, null, '1633958436', '1', null);
INSERT INTO `cd_log` VALUES ('309518', 'admin', 'admin', 'http://vue2.whpj.vip/admin/Login/index.html', '222.137.201.20', 'Mozilla/5.0 (iPhone; CPU iPhone OS 15_0_1 like Mac OS X) AppleWebKit/605.1.15 (KHTML, like Gecko) Mobile/19A348 QQ/103.3 TIM/3.3.8.604 V1_IPH_SQ_8.4.8_338_TIM_D Pixel/1170 MiniAppEnable SimpleUISwitch/1 QQTheme/1015712 Core/WKWebView Device/Apple(iPh', null, null, '1633970186', '1', null);
INSERT INTO `cd_log` VALUES ('309519', 'admin', 'admin', 'http://vue2.whpj.vip/admin/Login/index.html', '123.163.219.59', 'Mozilla/5.0 (Windows NT 10.0; Win64; x64) AppleWebKit/537.36 (KHTML, like Gecko) Chrome/94.0.4606.71 Safari/537.36 Edg/94.0.992.38', null, null, '1633970616', '1', null);
INSERT INTO `cd_log` VALUES ('309520', 'admin', 'admin', 'http://vue2.whpj.vip/admin/Login/index.html', '27.149.108.195', 'Mozilla/5.0 (Linux; Android 10; TAS-AN00 Build/HUAWEITAS-AN00; wv) AppleWebKit/537.36 (KHTML, like Gecko) Version/4.0 Chrome/89.0.4389.72 MQQBrowser/6.2 TBS/045814 Mobile Safari/537.36 V1_AND_SQ_8.8.33_2150_YYB_D A_8083300 QQ/8.8.33.6300 NetType/4G W', null, null, '1633972033', '1', null);
INSERT INTO `cd_log` VALUES ('309521', 'admin', 'admin', 'http://vue2.whpj.vip/admin/Login/index.html', '117.22.98.62', 'Mozilla/5.0 (Windows NT 10.0; Win64; x64) AppleWebKit/537.36 (KHTML, like Gecko) Chrome/72.0.3626.121 Safari/537.36', null, null, '1633998936', '1', null);
INSERT INTO `cd_log` VALUES ('309522', 'admin', 'admin', 'http://vue2.whpj.vip/admin/Login/index.html', '111.207.82.186', 'Mozilla/5.0 (Windows NT 10.0; Win64; x64) AppleWebKit/537.36 (KHTML, like Gecko) Chrome/94.0.4606.54 Safari/537.36', null, null, '1634001713', '1', null);
INSERT INTO `cd_log` VALUES ('309523', 'admin', 'admin', 'http://vue2.whpj.vip/admin/Login/index.html', '221.232.16.2', 'Mozilla/5.0 (Windows NT 10.0; Win64; x64) AppleWebKit/537.36 (KHTML, like Gecko) Chrome/92.0.4515.107 Safari/537.36', null, null, '1634003121', '1', null);
INSERT INTO `cd_log` VALUES ('309524', 'admin', 'admin', 'http://vue2.whpj.vip/admin/Login/index.html', '123.163.219.59', 'Mozilla/5.0 (Windows NT 10.0; Win64; x64) AppleWebKit/537.36 (KHTML, like Gecko) Chrome/94.0.4606.71 Safari/537.36 Edg/94.0.992.38', null, null, '1634004477', '1', null);
INSERT INTO `cd_log` VALUES ('309525', 'admin', 'admin', 'http://vue2.whpj.vip/admin/Login/index.html', '222.137.201.20', 'Mozilla/5.0 (Macintosh; Intel Mac OS X 10_15_7) AppleWebKit/537.36 (KHTML, like Gecko) Chrome/94.0.4606.71 Safari/537.36', null, null, '1634005613', '1', null);
INSERT INTO `cd_log` VALUES ('309526', 'admin', 'admin', 'http://vue2.whpj.vip/admin/Login/index.html', '124.126.139.62', 'Mozilla/5.0 (Windows NT 10.0; Win64; x64; rv:83.0) Gecko/20100101 Firefox/83.0', null, null, '1634005621', '1', null);
INSERT INTO `cd_log` VALUES ('309527', 'admin', 'admin', 'http://vue2.whpj.vip/admin/Login/index.html', '112.93.0.154', 'Opera/9.80 (Windows NT 6.0) Presto/2.12.388 Version/12.14', null, null, '1634009871', '1', null);
INSERT INTO `cd_log` VALUES ('309528', 'admin', 'admin', 'http://vue2.whpj.vip/admin/Login/index.html', '113.89.208.107', 'Mozilla/5.0 (Windows NT 6.1; WOW64) AppleWebKit/537.36 (KHTML, like Gecko) Chrome/86.0.4240.198 Safari/537.36', null, null, '1634016773', '1', null);
INSERT INTO `cd_log` VALUES ('309529', 'admin', 'admin', 'http://vue2.whpj.vip/admin/Login/index.html', '120.36.249.213', 'Mozilla/5.0 (Windows NT 6.1; Win64; x64) AppleWebKit/537.36 (KHTML, like Gecko) Chrome/92.0.4515.131 Safari/537.36', null, null, '1634017598', '1', null);
INSERT INTO `cd_log` VALUES ('309530', 'admin', 'admin', 'http://vue2.whpj.vip/admin/Login/index.html', '59.57.155.227', 'Mozilla/5.0 (Windows NT 10.0; WOW64) AppleWebKit/537.36 (KHTML, like Gecko) Chrome/75.0.3770.100 Safari/537.36', null, null, '1634019116', '1', null);
INSERT INTO `cd_log` VALUES ('309531', 'admin', 'admin', 'http://vue2.whpj.vip/admin/Login/index.html', '175.31.255.3', 'Mozilla/5.0 (Windows NT 10.0; WOW64) AppleWebKit/537.36 (KHTML, like Gecko) Chrome/86.0.4240.198 Safari/537.36', null, null, '1634020739', '1', null);
INSERT INTO `cd_log` VALUES ('309532', 'admin', 'admin', 'http://vue2.whpj.vip/admin/Login/index.html', '125.86.184.72', 'Mozilla/5.0 (Windows NT 10.0; Win64; x64) AppleWebKit/537.36 (KHTML, like Gecko) Chrome/94.0.4606.81 Safari/537.36 Edg/94.0.992.47', null, null, '1634022127', '1', null);
INSERT INTO `cd_log` VALUES ('309533', 'admin', 'admin', 'http://vue2.whpj.vip/admin/Login/index.html', '222.80.67.229', 'Mozilla/5.0 (Windows NT 10.0; WOW64) AppleWebKit/537.36 (KHTML, like Gecko) Chrome/78.0.3904.108 Safari/537.36', null, null, '1634023634', '1', null);
INSERT INTO `cd_log` VALUES ('309534', 'admin', 'admin', 'http://vue2.whpj.vip/admin/Login/index.html', '117.136.79.92', 'Mozilla/5.0 (Linux; Android 10; vivo NEX S Build/QP1A.190711.020; wv) AppleWebKit/537.36 (KHTML, like Gecko) Version/4.0 Chrome/89.0.4389.72 MQQBrowser/6.2 TBS/045814 Mobile Safari/537.36 V1_AND_SQ_8.8.28_2092_YYB_D A_8082800 QQ/8.8.28.6155 NetType/4', null, null, '1634025664', '1', null);
INSERT INTO `cd_log` VALUES ('309535', 'admin', 'admin', 'http://vue2.whpj.vip/admin/Login/index.html', '39.152.203.146', 'Mozilla/5.0 (Macintosh; Intel Mac OS X -1_0_0) AppleWebKit/537.36 (KHTML, like Gecko) Chrome/78.0.3904.108 Safari/537.36', null, null, '1634028888', '1', null);
INSERT INTO `cd_log` VALUES ('309536', 'admin', 'admin', 'http://vue2.whpj.vip/admin/Login/index.html', '171.113.10.235', 'Mozilla/5.0 (Windows NT 10.0; Win64; x64) AppleWebKit/537.36 (KHTML, like Gecko) Chrome/92.0.4515.131 Safari/537.36', null, null, '1634040292', '1', null);
INSERT INTO `cd_log` VALUES ('309537', 'admin', 'admin', 'http://vue2.whpj.vip/admin/Login/index.html', '171.113.10.235', 'Mozilla/5.0 (Windows NT 10.0; Win64; x64) AppleWebKit/537.36 (KHTML, like Gecko) Chrome/92.0.4515.131 Safari/537.36', null, null, '1634049069', '1', null);
INSERT INTO `cd_log` VALUES ('309538', 'admin', 'admin', 'http://vue2.whpj.vip/admin/Login/index.html', '59.40.142.56', 'Mozilla/5.0 (Windows NT 10.0; Win64; x64) AppleWebKit/537.36 (KHTML, like Gecko) Chrome/92.0.4515.107 Safari/537.36', null, null, '1634088762', '1', null);
INSERT INTO `cd_log` VALUES ('309539', 'admin', 'admin', 'http://vue2.whpj.vip/admin/Login/index.html', '171.113.187.167', 'Mozilla/5.0 (Windows NT 10.0; Win64; x64) AppleWebKit/537.36 (KHTML, like Gecko) Chrome/92.0.4515.107 Safari/537.36', null, null, '1634089247', '1', null);
INSERT INTO `cd_log` VALUES ('309540', 'admin', 'admin', 'http://vue2.whpj.vip/admin/Login/index.html', '219.157.147.186', 'Mozilla/5.0 (Windows NT 10.0; Win64; x64; rv:93.0) Gecko/20100101 Firefox/93.0', null, null, '1634089442', '1', null);
INSERT INTO `cd_log` VALUES ('309541', 'admin', 'admin', 'http://vue2.whpj.vip/admin/Login/index.html', '117.62.227.32', 'Mozilla/5.0 (Windows NT 10.0; WOW64) AppleWebKit/537.36 (KHTML, like Gecko) Chrome/70.0.3538.25 Safari/537.36 Core/1.70.3877.400 QQBrowser/10.8.4506.400', null, null, '1634093231', '1', null);
INSERT INTO `cd_log` VALUES ('309542', 'admin', 'admin', 'http://vue2.whpj.vip/admin/Login/index.html', '120.41.247.67', 'Mozilla/5.0 (Windows NT 10.0; Win64; x64) AppleWebKit/537.36 (KHTML, like Gecko) Chrome/94.0.4606.81 Safari/537.36', null, null, '1634096309', '1', null);
INSERT INTO `cd_log` VALUES ('309543', 'admin', 'admin', 'http://vue2.whpj.vip/admin/Login/index.html', '211.97.7.197', 'Mozilla/5.0 (Windows NT 10.0; Win64; x64) AppleWebKit/537.36 (KHTML, like Gecko) Chrome/94.0.4606.71 Safari/537.36', null, null, '1634097082', '1', null);
INSERT INTO `cd_log` VALUES ('309544', 'admin', 'admin', 'http://vue2.whpj.vip/admin/Login/index.html', '110.82.126.57', 'Mozilla/5.0 (Linux; Android 10; VOG-AL00 Build/HUAWEIVOG-AL00; wv) AppleWebKit/537.36 (KHTML, like Gecko) Version/4.0 Chrome/89.0.4389.72 MQQBrowser/6.2 TBS/045814 Mobile Safari/537.36 V1_AND_SQ_8.8.33_2150_YYB_D A_8083300 QQ/8.8.33.6300 NetType/WIFI', null, null, '1634100374', '1', null);
INSERT INTO `cd_log` VALUES ('309545', 'admin', 'admin', 'http://vue2.whpj.vip/admin/Login/index.html', '60.173.201.27', 'Mozilla/5.0 (Linux; Android 11; GM1910 Build/RKQ1.201022.002; wv) AppleWebKit/537.36 (KHTML, like Gecko) Version/4.0 Chrome/89.0.4389.72 MQQBrowser/6.2 TBS/045814 Mobile Safari/537.36 V1_AND_SQ_8.8.33_2150_YYB_D A_8083300 QQ/8.8.33.6300 NetType/WIFI ', null, null, '1634102148', '1', null);
INSERT INTO `cd_log` VALUES ('309546', 'admin', 'admin', 'http://vue2.whpj.vip/admin/Login/index.html', '36.96.67.183', 'Mozilla/5.0 (Linux; U; Android 9; zh-cn; VKY-AL00 Build/HUAWEIVKY-AL00) AppleWebKit/537.36 (KHTML, like Gecko) Version/4.0 Chrome/89.0.4389.72 MQQBrowser/12.0 Mobile Safari/537.36 COVC/045817', null, null, '1634105459', '1', null);
INSERT INTO `cd_log` VALUES ('309547', 'admin', 'admin', 'http://vue2.whpj.vip/admin/Login/index.html', '123.14.231.142', 'Mozilla/5.0 (Windows NT 10.0; Win64; x64; rv:93.0) Gecko/20100101 Firefox/93.0', null, null, '1634111991', '1', null);
INSERT INTO `cd_log` VALUES ('309548', 'admin', 'admin', 'http://vue2.whpj.vip/admin/Login/index.html', '123.14.231.142', 'Mozilla/5.0 (Linux; Android 11; Redmi K30 Build/RKQ1.200826.002; wv) AppleWebKit/537.36 (KHTML, like Gecko) Version/4.0 Chrome/89.0.4389.72 MQQBrowser/6.2 TBS/045814 Mobile Safari/537.36 V1_AND_SQ_8.8.33_2150_YYB_D A_8083300 QQ/8.8.33.6300 NetType/WI', null, null, '1634112077', '1', null);
INSERT INTO `cd_log` VALUES ('309549', 'admin', 'admin', 'http://vue2.whpj.vip/admin/Login/index.html', '123.14.231.142', 'Mozilla/5.0 (Linux; Android 11; Redmi K30 Build/RKQ1.200826.002; wv) AppleWebKit/537.36 (KHTML, like Gecko) Version/4.0 Chrome/89.0.4389.72 MQQBrowser/6.2 TBS/045814 Mobile Safari/537.36 V1_AND_SQ_8.8.33_2150_YYB_D A_8083300 QQ/8.8.33.6300 NetType/WI', null, null, '1634112089', '1', null);
INSERT INTO `cd_log` VALUES ('309550', 'admin', 'admin', 'http://vue2.whpj.vip/admin/Login/index.html', '183.202.132.155', 'Mozilla/5.0 (Linux; Android 10; AKA-AL10 Build/HONORAKA-AL10; wv) AppleWebKit/537.36 (KHTML, like Gecko) Version/4.0 Chrome/77.0.3865.120 MQQBrowser/6.2 TBS/045410 Mobile Safari/537.36 V1_AND_SQ_8.0.8_9_RDM_B QQ/8.0.8.1075 NetType/WIFI WebP/0.3.0 Pix', null, null, '1634113958', '1', null);
INSERT INTO `cd_log` VALUES ('309551', 'admin', 'admin', 'http://vue2.whpj.vip/admin/Login/index.html', '183.236.29.109', 'Mozilla/5.0 (Windows NT 10.0; Win64; x64) AppleWebKit/537.36 (KHTML, like Gecko) Chrome/94.0.4606.71 Safari/537.36 Edg/94.0.992.38', null, null, '1634114226', '1', null);
INSERT INTO `cd_log` VALUES ('309552', 'admin', 'admin', 'http://vue2.whpj.vip/admin/Login/index.html', '111.85.17.114', 'Mozilla/5.0 (iPhone; CPU iPhone OS 14_7_1 like Mac OS X) AppleWebKit/605.1.15 (KHTML, like Gecko) Mobile/18G82 QQ/8.8.33.634 V1_IPH_SQ_8.8.33_1_APP_A Pixel/828 MiniAppEnable SimpleUISwitch/0 StudyMode/0 CurrentMode/0 CurrentFontScale/1.000000 QQTheme', null, null, '1634114828', '1', null);
INSERT INTO `cd_log` VALUES ('309553', 'admin', 'admin', 'http://vue2.whpj.vip/admin/Login/index.html', '60.13.131.22', 'Mozilla/5.0 (Macintosh; Intel Mac OS X 10_15_7) AppleWebKit/537.36 (KHTML, like Gecko) Chrome/94.0.4606.81 Safari/537.36', null, null, '1634124928', '1', null);
INSERT INTO `cd_log` VALUES ('309554', 'supplier', 'qianji', 'http://vue2.whpj.vip/supplier/Login/index.html', '60.13.131.22', 'Mozilla/5.0 (Macintosh; Intel Mac OS X 10_15_7) AppleWebKit/537.36 (KHTML, like Gecko) Chrome/94.0.4606.81 Safari/537.36', null, null, '1634124986', '1', null);
INSERT INTO `cd_log` VALUES ('309555', 'admin', 'admin', 'http://vue2.whpj.vip/admin/Login/index.html', '111.196.210.26', 'Mozilla/5.0 (Macintosh; Intel Mac OS X 10.13; rv:93.0) Gecko/20100101 Firefox/93.0', null, null, '1634127495', '1', null);
INSERT INTO `cd_log` VALUES ('309556', 'admin', 'admin', 'http://vue2.whpj.vip/admin/Login/index.html', '171.113.10.235', 'Mozilla/5.0 (Windows NT 10.0; Win64; x64) AppleWebKit/537.36 (KHTML, like Gecko) Chrome/92.0.4515.131 Safari/537.36', null, null, '1634136530', '1', null);
INSERT INTO `cd_log` VALUES ('309557', 'admin', 'admin', 'http://vue2.whpj.vip/admin/Login/index.html', '117.22.109.165', 'Mozilla/5.0 (Windows NT 10.0; Win64; x64) AppleWebKit/537.36 (KHTML, like Gecko) Chrome/72.0.3626.121 Safari/537.36', null, null, '1634171435', '1', null);
INSERT INTO `cd_log` VALUES ('309558', 'admin', 'admin', 'http://vue2.whpj.vip/admin/Login/index.html', '222.129.36.5', 'Mozilla/5.0 (Windows NT 10.0; Win64; x64) AppleWebKit/537.36 (KHTML, like Gecko) Chrome/94.0.4606.81 Safari/537.36 Edg/94.0.992.47', null, null, '1634171621', '1', null);
INSERT INTO `cd_log` VALUES ('309559', 'admin', 'admin', 'http://vue2.whpj.vip/admin/Login/index.html', '171.214.164.243', 'Mozilla/5.0 (Windows NT 10.0; WOW64) AppleWebKit/537.36 (KHTML, like Gecko) Chrome/80.0.3987.87 Safari/537.36 SE 2.X MetaSr 1.0', null, null, '1634173594', '1', null);
INSERT INTO `cd_log` VALUES ('309560', 'admin', 'admin', 'http://vue2.whpj.vip/admin/Login/index.html', '111.175.86.134', 'Mozilla/5.0 (Windows NT 10.0; Win64; x64) AppleWebKit/537.36 (KHTML, like Gecko) Chrome/92.0.4515.107 Safari/537.36', null, null, '1634175195', '1', null);
INSERT INTO `cd_log` VALUES ('309561', 'admin', 'admin', 'http://vue2.whpj.vip/admin/Login/index.html', '115.225.16.43', 'Mozilla/5.0 (Macintosh; Intel Mac OS X 10_15_7) AppleWebKit/537.36 (KHTML, like Gecko) Chrome/94.0.4606.81 Safari/537.36', null, null, '1634178854', '1', null);
INSERT INTO `cd_log` VALUES ('309562', 'admin', 'admin', 'http://vue2.whpj.vip/admin/Login/index.html', '221.4.169.34', 'Mozilla/5.0 (Windows NT 10.0; Win64; x64) AppleWebKit/537.36 (KHTML, like Gecko) Chrome/94.0.4606.81 Safari/537.36 Edg/94.0.992.47', null, null, '1634180529', '1', null);
INSERT INTO `cd_log` VALUES ('309563', 'admin', 'admin', 'http://vue2.whpj.vip/admin/Login/index.html', '220.173.38.60', 'Mozilla/5.0 (Windows NT 10.0; Win64; x64) AppleWebKit/537.36 (KHTML, like Gecko) Chrome/94.0.4606.71 Safari/537.36 Edg/94.0.992.38', null, null, '1634182818', '1', null);
INSERT INTO `cd_log` VALUES ('309564', 'admin', 'admin', 'http://vue2.whpj.vip/admin/Login/index.html', '185.212.59.71', 'Mozilla/5.0 (Windows NT 10.0; Win64; x64) AppleWebKit/537.36 (KHTML, like Gecko) Chrome/94.0.4606.81 Safari/537.36 Edg/94.0.992.47', null, null, '1634184253', '1', null);
INSERT INTO `cd_log` VALUES ('309565', 'admin', 'admin', 'http://vue2.whpj.vip/admin/Login/index.html', '58.215.219.118', 'Mozilla/5.0 (Windows NT 10.0; WOW64) AppleWebKit/537.36 (KHTML, like Gecko) Chrome/72.0.3626.121 Safari/537.36', null, null, '1634190465', '1', null);
INSERT INTO `cd_log` VALUES ('309566', 'admin', 'admin', 'http://vue2.whpj.vip/admin/Login/index.html', '140.207.154.14', 'Mozilla/5.0 (Macintosh; Intel Mac OS X 10_14_4) AppleWebKit/537.36 (KHTML, like Gecko) Chrome/94.0.4606.81 Safari/537.36', null, null, '1634193671', '1', null);
INSERT INTO `cd_log` VALUES ('309567', 'admin', 'admin', 'http://vue2.whpj.vip/admin/Login/index.html', '183.48.20.10', 'Mozilla/5.0 (Windows NT 10.0; Win64; x64) AppleWebKit/537.36 (KHTML, like Gecko) Chrome/94.0.4606.81 Safari/537.36', null, null, '1634205622', '1', null);
INSERT INTO `cd_log` VALUES ('309568', 'admin', 'admin', 'http://vue2.whpj.vip/admin/Login/index.html', '223.104.20.100', 'Mozilla/5.0 (Linux; Android 10; BMH-AN20 Build/HUAWEIBMH-AN20; wv) AppleWebKit/537.36 (KHTML, like Gecko) Version/4.0 Chrome/77.0.3865.120 MQQBrowser/6.2 TBS/045710 Mobile Safari/537.36 V1_AND_SQ_8.3.9_341_TIM_D QQ/3.4.1.3028 NetType/4G WebP/0.3.0 Pi', null, null, '1634205625', '1', null);
INSERT INTO `cd_log` VALUES ('309569', 'admin', 'admin', 'http://vue2.whpj.vip/admin/Login/index.html', '171.36.17.251', 'Mozilla/5.0 (Linux; Android 11; M2011K2C Build/RKQ1.200928.002; wv) AppleWebKit/537.36 (KHTML, like Gecko) Version/4.0 Chrome/89.0.4389.72 MQQBrowser/6.2 TBS/045814 Mobile Safari/537.36 V1_AND_SQ_8.8.33_2150_YYB_D A_8083300 QQ/8.8.33.6300 NetType/WIF', null, null, '1634206203', '1', null);
INSERT INTO `cd_log` VALUES ('309570', 'admin', 'admin', 'http://vue2.whpj.vip/admin/Login/index.html', '61.242.58.162', 'Mozilla/5.0 (Linux; Android 10; EML-AL00 Build/HUAWEIEML-AL00; wv) AppleWebKit/537.36 (KHTML, like Gecko) Version/4.0 Chrome/89.0.4389.72 MQQBrowser/6.2 TBS/045814 Mobile Safari/537.36 V1_AND_SQ_8.8.33_2150_YYB_D A_8083300 QQ/8.8.33.6300 NetType/WIFI', null, null, '1634206278', '1', null);
INSERT INTO `cd_log` VALUES ('309571', 'admin', 'admin', 'http://vue2.whpj.vip/admin/Login/index.html', '117.86.105.158', 'Mozilla/5.0 (Windows NT 10.0; Win64; x64) AppleWebKit/537.36 (KHTML, like Gecko) Chrome/89.0.4389.90 Safari/537.36', null, null, '1634206316', '1', null);
INSERT INTO `cd_log` VALUES ('309572', 'admin', 'admin', 'http://vue2.whpj.vip/admin/Login/index.html', '175.190.120.51', 'Mozilla/5.0 (Linux; Android 11; JLH-AN00 Build/HONORJLH-AN00; wv) AppleWebKit/537.36 (KHTML, like Gecko) Version/4.0 Chrome/89.0.4389.72 MQQBrowser/6.2 TBS/045814 Mobile Safari/537.36 V1_AND_SQ_8.8.33_2150_YYB_D A_8083300 QQ/8.8.33.6300 NetType/WIFI ', null, null, '1634206526', '1', null);
INSERT INTO `cd_log` VALUES ('309573', 'admin', 'admin', 'http://vue2.whpj.vip/admin/Login/index.html', '175.190.120.51', 'Mozilla/5.0 (Linux; Android 11; JLH-AN00 Build/HONORJLH-AN00; wv) AppleWebKit/537.36 (KHTML, like Gecko) Version/4.0 Chrome/89.0.4389.72 MQQBrowser/6.2 TBS/045814 Mobile Safari/537.36 V1_AND_SQ_8.8.33_2150_YYB_D A_8083300 QQ/8.8.33.6300 NetType/WIFI ', null, null, '1634206543', '1', null);
INSERT INTO `cd_log` VALUES ('309574', 'admin', 'admin', 'http://vue2.whpj.vip/admin/Login/index.html', '117.136.40.191', 'Mozilla/5.0 (Linux; Android 10; VOG-AL10 Build/HUAWEIVOG-AL10; wv) AppleWebKit/537.36 (KHTML, like Gecko) Version/4.0 Chrome/89.0.4389.72 MQQBrowser/6.2 TBS/045814 Mobile Safari/537.36 V1_AND_SQ_8.8.33_2150_YYB_D A_8083300 QQ/8.8.33.6300 NetType/4G W', null, null, '1634206817', '1', null);
INSERT INTO `cd_log` VALUES ('309575', 'admin', 'admin', 'http://vue2.whpj.vip/admin/Login/index.html', '112.96.58.159', 'Mozilla/5.0 (Linux; Android 11; M2012K10C Build/RP1A.200720.011; wv) AppleWebKit/537.36 (KHTML, like Gecko) Version/4.0 Chrome/89.0.4389.72 MQQBrowser/6.2 TBS/045814 Mobile Safari/537.36 V1_AND_SQ_8.8.33_2150_YYB_D A_8083300 QQ/8.8.33.6300 NetType/4G', null, null, '1634206871', '1', null);
INSERT INTO `cd_log` VALUES ('309576', 'admin', 'admin', 'http://vue2.whpj.vip/admin/Login/index.html', '113.143.209.73', 'Mozilla/5.0 (Linux; Android 11; V2141A Build/RP1A.200720.012; wv) AppleWebKit/537.36 (KHTML, like Gecko) Version/4.0 Chrome/89.0.4389.72 MQQBrowser/6.2 TBS/045814 Mobile Safari/537.36 V1_AND_SQ_8.8.33_2150_YYB_D A_8083300 QQ/8.8.33.6300 NetType/4G We', null, null, '1634207284', '1', null);
INSERT INTO `cd_log` VALUES ('309577', 'admin', 'admin', 'http://vue2.whpj.vip/admin/Login/index.html', '171.113.10.235', 'Mozilla/5.0 (Windows NT 10.0; Win64; x64) AppleWebKit/537.36 (KHTML, like Gecko) Chrome/92.0.4515.107 Safari/537.36', null, null, '1634211652', '1', null);
INSERT INTO `cd_log` VALUES ('309578', 'admin', 'admin', 'http://vue2.whpj.vip/admin/Login/index.html', '58.62.164.46', 'Mozilla/5.0 (Windows NT 10.0; WOW64) AppleWebKit/537.36 (KHTML, like Gecko) Chrome/70.0.3538.25 Safari/537.36 Core/1.70.3877.400 QQBrowser/10.8.4506.400', null, null, '1634213126', '1', null);
INSERT INTO `cd_log` VALUES ('309579', 'admin', 'admin', 'http://vue2.whpj.vip/admin/Login/index.html', '114.87.111.86', 'Mozilla/5.0 (Linux; Android 11; M2007J1SC Build/RKQ1.200826.002; wv) AppleWebKit/537.36 (KHTML, like Gecko) Version/4.0 Chrome/89.0.4389.72 MQQBrowser/6.2 TBS/045814 Mobile Safari/537.36 V1_AND_SQ_8.8.33_2150_YYB_D A_8083300 QQ/8.8.33.6300 NetType/4G', null, null, '1634213313', '1', null);
INSERT INTO `cd_log` VALUES ('309580', 'admin', 'admin', 'http://vue2.whpj.vip/admin/Login/index.html', '223.89.10.250', 'Mozilla/5.0 (Linux; Android 11; Mi 10 Build/RKQ1.200826.002; wv) AppleWebKit/537.36 (KHTML, like Gecko) Version/4.0 Chrome/89.0.4389.72 MQQBrowser/6.2 TBS/045818 Mobile Safari/537.36 V1_AND_SQ_8.8.33_2150_YYB_D A_8083300 QQ/8.8.33.6300 NetType/WIFI W', null, null, '1634214605', '1', null);
INSERT INTO `cd_log` VALUES ('309581', 'admin', 'admin', 'http://vue2.whpj.vip/admin/Login/index.html', '111.196.210.26', 'Mozilla/5.0 (Macintosh; Intel Mac OS X 10.13; rv:93.0) Gecko/20100101 Firefox/93.0', null, null, '1634219182', '1', null);
INSERT INTO `cd_log` VALUES ('309582', 'admin', 'admin', 'http://vue2.whpj.vip/admin/Login/index.html', '223.166.104.251', 'Mozilla/5.0 (Macintosh; Intel Mac OS X 10_15_3) AppleWebKit/537.36 (KHTML, like Gecko) Chrome/94.0.4606.81 Safari/537.36', null, null, '1634219676', '1', null);
INSERT INTO `cd_log` VALUES ('309583', 'admin', 'admin', 'http://vue2.whpj.vip/admin/Login/index.html', '110.154.211.190', 'Mozilla/5.0 (Windows NT 10.0; WOW64) AppleWebKit/537.36 (KHTML, like Gecko) Chrome/86.0.4240.198 Safari/537.36', null, null, '1634220860', '1', null);
INSERT INTO `cd_log` VALUES ('309584', 'admin', 'admin', 'http://vue2.whpj.vip/admin/Login/index.html', '110.180.19.221', 'Mozilla/5.0 (Macintosh; Intel Mac OS X 10_15_7) AppleWebKit/537.36 (KHTML, like Gecko) Chrome/94.0.4606.81 Safari/537.36', null, null, '1634255886', '1', null);
INSERT INTO `cd_log` VALUES ('309585', 'admin', 'admin', 'http://vue2.whpj.vip/admin/Login/index.html', '117.61.31.207', 'Mozilla/5.0 (Windows NT 10.0; Win64; x64) AppleWebKit/537.36 (KHTML, like Gecko) Chrome/94.0.4606.81 Safari/537.36', null, null, '1634257812', '1', null);
INSERT INTO `cd_log` VALUES ('309586', 'admin', 'admin', 'http://vue2.whpj.vip/admin/Login/index.html', '175.31.255.3', 'Mozilla/5.0 (Windows NT 10.0; WOW64) AppleWebKit/537.36 (KHTML, like Gecko) Chrome/75.0.0.8793 Safari/537.36', null, null, '1634261729', '1', null);
INSERT INTO `cd_log` VALUES ('309587', 'admin', 'admin', 'http://vue2.whpj.vip/admin/Login/index.html', '39.149.51.249', 'Mozilla/5.0 (Windows NT 6.1; Win64; x64) AppleWebKit/537.36 (KHTML, like Gecko) Chrome/94.0.4606.81 Safari/537.36', null, null, '1634262529', '1', null);
INSERT INTO `cd_log` VALUES ('309588', 'admin', 'admin', 'http://vue2.whpj.vip/admin/Login/index.html', '124.240.44.179', 'Mozilla/5.0 (Macintosh; Intel Mac OS X 10_15_7) AppleWebKit/537.36 (KHTML, like Gecko) Chrome/93.0.4577.82 Safari/537.36', null, null, '1634263204', '1', null);
INSERT INTO `cd_log` VALUES ('309589', 'admin', 'admin', 'http://vue2.whpj.vip/admin/Login/index.html', '111.175.86.134', 'Mozilla/5.0 (Windows NT 10.0; Win64; x64) AppleWebKit/537.36 (KHTML, like Gecko) Chrome/92.0.4515.107 Safari/537.36', null, null, '1634263805', '1', null);
INSERT INTO `cd_log` VALUES ('309590', 'admin', 'admin', 'http://vue2.whpj.vip/admin/Login/index.html', '125.41.175.239', 'Mozilla/5.0 (Windows NT 10.0; Win64; x64) AppleWebKit/537.36 (KHTML, like Gecko) Chrome/93.0.4577.82 Safari/537.36', null, null, '1634264392', '1', null);
INSERT INTO `cd_log` VALUES ('309591', 'admin', 'admin', 'http://vue2.whpj.vip/admin/Login/index.html', '124.92.194.141', 'Mozilla/5.0 (Linux; Android 10; M2006J10C Build/QP1A.190711.020; wv) AppleWebKit/537.36 (KHTML, like Gecko) Version/4.0 Chrome/89.0.4389.72 MQQBrowser/6.2 TBS/045814 Mobile Safari/537.36 V1_AND_SQ_8.8.33_2150_YYB_D A_8083300 QQ/8.8.33.6300 NetType/4G', null, null, '1634268505', '1', null);
INSERT INTO `cd_log` VALUES ('309592', 'admin', 'admin', 'http://vue2.whpj.vip/admin/Login/index.html', '124.92.194.141', 'Mozilla/5.0 (Windows NT 10.0; Win64; x64) AppleWebKit/537.36 (KHTML, like Gecko) Chrome/94.0.4606.81 Safari/537.36', null, null, '1634268560', '1', null);
INSERT INTO `cd_log` VALUES ('309593', 'admin', 'admin', 'http://vue2.whpj.vip/admin/Login/index.html', '120.231.188.161', 'Mozilla/5.0 (Linux; Android 11; RMX2173 Build/RP1A.200720.011; wv) AppleWebKit/537.36 (KHTML, like Gecko) Version/4.0 Chrome/89.0.4389.72 MQQBrowser/6.2 TBS/045814 Mobile Safari/537.36 V1_AND_SQ_8.8.33_2150_YYB_D A_8083300 QQ/8.8.33.6300 NetType/WIFI', null, null, '1634268668', '1', null);
INSERT INTO `cd_log` VALUES ('309594', 'admin', 'admin', 'http://vue2.whpj.vip/admin/Login/index.html', '113.235.118.50', 'Mozilla/5.0 (Windows NT 6.1; Win64; x64) AppleWebKit/537.36 (KHTML, like Gecko) Chrome/94.0.4606.81 Safari/537.36', null, null, '1634275516', '1', null);
INSERT INTO `cd_log` VALUES ('309595', 'admin', 'admin', 'http://vue2.whpj.vip/admin/Login/index.html', '116.20.66.66', 'Mozilla/5.0 (Windows NT 6.1) AppleWebKit/537.36 (KHTML, like Gecko) Chrome/86.0.4240.198 Safari/537.36', null, null, '1634279801', '1', null);
INSERT INTO `cd_log` VALUES ('309596', 'admin', 'admin', 'http://vue2.whpj.vip/admin/Login/index.html', '183.6.114.212', 'Mozilla/5.0 (Windows NT 10.0; Win64; x64) AppleWebKit/537.36 (KHTML, like Gecko) Chrome/94.0.4606.61 Safari/537.36', null, null, '1634282666', '1', null);
INSERT INTO `cd_log` VALUES ('309597', 'admin', 'admin', 'http://vue2.whpj.vip/admin/Login/index.html', '1.204.112.38', 'Mozilla/5.0 (Windows NT 6.1; WOW64) AppleWebKit/537.36 (KHTML, like Gecko) Chrome/81.0.4044.138 Safari/537.36 NetType/WIFI MicroMessenger/7.0.20.1781(0x6700143B) WindowsWechat(0x63030532)', null, null, '1634283264', '1', null);
INSERT INTO `cd_log` VALUES ('309598', 'admin', 'admin', 'http://vue2.whpj.vip/admin/Login/index.html', '1.204.112.38', 'Mozilla/5.0 (Linux; Android 6.0; Nexus 5 Build/MRA58N) AppleWebKit/537.36 (KHTML, like Gecko) Chrome/94.0.4606.81 Mobile Safari/537.36', null, null, '1634283979', '1', null);
INSERT INTO `cd_log` VALUES ('309599', 'admin', 'admin', 'http://vue2.whpj.vip/admin/Login/index.html', '182.148.58.51', 'Mozilla/5.0 (Macintosh; Intel Mac OS X 10_15_7) AppleWebKit/537.36 (KHTML, like Gecko) Chrome/94.0.4606.81 Safari/537.36', null, null, '1634285243', '1', null);
INSERT INTO `cd_log` VALUES ('309600', 'admin', 'admin', 'http://vue2.whpj.vip/admin/Login/index.html', '39.152.203.146', 'Mozilla/5.0 (Macintosh; Intel Mac OS X -1_0_0) AppleWebKit/537.36 (KHTML, like Gecko) Chrome/78.0.3904.108 Safari/537.36', null, null, '1634285313', '1', null);
INSERT INTO `cd_log` VALUES ('309601', 'admin', 'admin', 'http://vue2.whpj.vip/admin/Login/index.html', '14.25.170.70', 'Mozilla/5.0 (Windows NT 6.3; Win64; x64) AppleWebKit/537.36 (KHTML, like Gecko) Chrome/94.0.4606.81 Safari/537.36', null, null, '1634290599', '1', null);
INSERT INTO `cd_log` VALUES ('309602', 'supplier', 'qianji', 'http://vue2.whpj.vip/supplier/Login/index.html', '14.25.170.70', 'Mozilla/5.0 (Windows NT 6.3; Win64; x64) AppleWebKit/537.36 (KHTML, like Gecko) Chrome/94.0.4606.81 Safari/537.36', null, null, '1634291253', '1', null);
INSERT INTO `cd_log` VALUES ('309603', 'admin', 'admin', 'http://vue2.whpj.vip/admin/Login/index.html', '111.175.86.134', 'Mozilla/5.0 (Windows NT 10.0; Win64; x64) AppleWebKit/537.36 (KHTML, like Gecko) Chrome/92.0.4515.107 Safari/537.36', null, null, '1634292135', '1', null);
INSERT INTO `cd_log` VALUES ('309604', 'admin', 'admin', 'http://vue2.whpj.vip/admin/Login/index.html', '110.154.211.190', 'Mozilla/5.0 (Windows NT 10.0; Win64; x64) AppleWebKit/537.36 (KHTML, like Gecko) Chrome/93.0.4577.63 Safari/537.36', null, null, '1634292208', '1', null);
INSERT INTO `cd_log` VALUES ('309605', 'admin', 'admin', 'http://vue2.whpj.vip/admin/Login/index.html', '222.211.25.156', 'Mozilla/5.0 (Macintosh; Intel Mac OS X 10_14_5) AppleWebKit/537.36 (KHTML, like Gecko) Chrome/94.0.4606.81 Safari/537.36', null, null, '1634301384', '1', null);
INSERT INTO `cd_log` VALUES ('309606', 'admin', 'admin', 'http://vue2.whpj.vip/admin/Login/index.html', '171.113.10.235', 'Mozilla/5.0 (Windows NT 10.0; Win64; x64) AppleWebKit/537.36 (KHTML, like Gecko) Chrome/92.0.4515.131 Safari/537.36', null, null, '1634305547', '1', null);
INSERT INTO `cd_log` VALUES ('309607', 'admin', 'admin', 'http://vue2.whpj.vip/admin/Login/index.html', '111.32.91.179', 'Mozilla/5.0 (Windows NT 10.0; WOW64) AppleWebKit/537.36 (KHTML, like Gecko) Chrome/80.0.3987.87 Safari/537.36 SE 2.X MetaSr 1.0', null, null, '1634306286', '1', null);
INSERT INTO `cd_log` VALUES ('309608', 'admin', 'admin', 'http://vue2.whpj.vip/admin/Login/index.html', '117.189.121.189', 'Mozilla/5.0 (Windows NT 10.0; Win64; x64) AppleWebKit/537.36 (KHTML, like Gecko) Chrome/92.0.4515.159 Safari/537.36', null, null, '1634307245', '1', null);
INSERT INTO `cd_log` VALUES ('309609', 'admin', 'admin', 'http://vue2.whpj.vip/admin/Login/index.html', '113.80.106.220', 'Mozilla/5.0 (Linux; Android 10; VOG-AL10 Build/HUAWEIVOG-AL10; wv) AppleWebKit/537.36 (KHTML, like Gecko) Version/4.0 Chrome/89.0.4389.72 MQQBrowser/6.2 TBS/045814 Mobile Safari/537.36 V1_AND_SQ_8.8.33_2150_YYB_D A_8083300 QQ/8.8.33.6300 NetType/WIFI', null, null, '1634309523', '1', null);
INSERT INTO `cd_log` VALUES ('309610', 'admin', 'admin', 'http://vue2.whpj.vip/admin/Login/index.html', '171.113.10.235', 'Mozilla/5.0 (Linux; Android 10; BMH-AN20 Build/HUAWEIBMH-AN20; wv) AppleWebKit/537.36 (KHTML, like Gecko) Version/4.0 Chrome/77.0.3865.120 MQQBrowser/6.2 TBS/045710 Mobile Safari/537.36 V1_AND_SQ_8.3.9_341_TIM_D QQ/3.4.1.3028 NetType/WIFI WebP/0.3.0 ', null, null, '1634310836', '1', null);
INSERT INTO `cd_log` VALUES ('309611', 'admin', 'admin', 'http://vue2.whpj.vip/admin/Login/index.html', '171.113.10.235', 'Mozilla/5.0 (Linux; Android 10; BMH-AN20 Build/HUAWEIBMH-AN20; wv) AppleWebKit/537.36 (KHTML, like Gecko) Version/4.0 Chrome/77.0.3865.120 MQQBrowser/6.2 TBS/045710 Mobile Safari/537.36 V1_AND_SQ_8.3.9_341_TIM_D QQ/3.4.1.3028 NetType/WIFI WebP/0.3.0 ', null, null, '1634310851', '1', null);
INSERT INTO `cd_log` VALUES ('309612', 'admin', 'admin', 'http://vue2.whpj.vip/admin/Login/index.html', '175.11.21.177', 'Mozilla/5.0 (Windows NT 10.0; Win64; x64) AppleWebKit/537.36 (KHTML, like Gecko) Chrome/92.0.4515.131 Safari/537.36', null, null, '1634312068', '1', null);
INSERT INTO `cd_log` VALUES ('309613', 'admin', 'admin', 'http://vue2.whpj.vip/admin/Login/index.html', '114.87.111.86', 'Mozilla/5.0 (Linux; Android 11; M2007J1SC Build/RKQ1.200826.002; wv) AppleWebKit/537.36 (KHTML, like Gecko) Version/4.0 Chrome/89.0.4389.72 MQQBrowser/6.2 TBS/045814 Mobile Safari/537.36 V1_AND_SQ_8.8.33_2150_YYB_D A_8083300 QQ/8.8.33.6300 NetType/4G', null, null, '1634313633', '1', null);
INSERT INTO `cd_log` VALUES ('309614', 'admin', 'admin', 'http://vue2.whpj.vip/admin/Login/index.html', '120.230.51.142', 'Mozilla/5.0 (Windows NT 6.1; WOW64) AppleWebKit/537.36 (KHTML, like Gecko) Chrome/86.0.4240.198 Safari/537.36', null, null, '1634314908', '1', null);
INSERT INTO `cd_log` VALUES ('309615', 'admin', 'admin', 'http://vue2.whpj.vip/admin/Login/index.html', '59.42.108.186', 'Mozilla/5.0 (iPhone; CPU iPhone OS 15_0_1 like Mac OS X) AppleWebKit/605.1.15 (KHTML, like Gecko) Version/15.0 MQQBrowser/12.0.1 Mobile/15E148 Safari/604.1 QBWebViewUA/2 QBWebViewType/1 WKType/1', null, null, '1634322582', '1', null);
INSERT INTO `cd_log` VALUES ('309616', 'admin', 'admin', 'http://vue2.whpj.vip/admin/Login/index.html', '223.104.39.157', 'Mozilla/5.0 (Linux; Android 11; V1824A Build/RP1A.200720.012; wv) AppleWebKit/537.36 (KHTML, like Gecko) Version/4.0 Chrome/83.0.4103.106 Mobile Safari/537.36 V1_AND_SQ_8.3.9_341_TIM_D QQ/3.4.1.3028 NetType/4G WebP/0.4.1 Pixel/1080 StatusBarHeight/84', null, null, '1634340081', '1', null);
INSERT INTO `cd_log` VALUES ('309617', 'admin', 'admin', 'http://vue2.whpj.vip/admin/Login/index.html', '1.204.201.114', 'Mozilla/5.0 (iPhone; CPU iPhone OS 14_7_1 like Mac OS X) AppleWebKit/605.1.15 (KHTML, like Gecko) Mobile/18G82 QQ/8.8.23.636 V1_IPH_SQ_8.8.23_1_APP_A Pixel/1080 MiniAppEnable SimpleUISwitch/0 StudyMode/0 CurrentMode/0 CurrentFontScale/1.000000 QQThem', null, null, '1634340312', '1', null);
INSERT INTO `cd_log` VALUES ('309618', 'admin', 'admin', 'http://vue2.whpj.vip/admin/Login/index.html', '115.53.154.127', 'Mozilla/5.0 (Linux; Android 10; YOK-AN10 Build/HONORYOR-AN00; wv) AppleWebKit/537.36 (KHTML, like Gecko) Version/4.0 Chrome/89.0.4389.72 MQQBrowser/6.2 TBS/045814 Mobile Safari/537.36 V1_AND_SQ_8.8.33_2150_YYB_D A_8083300 QQ/8.8.33.6300 NetType/WIFI ', null, null, '1634343179', '1', null);
INSERT INTO `cd_log` VALUES ('309619', 'admin', 'admin', 'http://vue2.whpj.vip/admin/Login/index.html', '103.238.35.14', 'Mozilla/5.0 (Linux; Android 10; M2007J22C Build/QP1A.190711.020; wv) AppleWebKit/537.36 (KHTML, like Gecko) Version/4.0 Chrome/89.0.4389.72 MQQBrowser/6.2 TBS/045814 Mobile Safari/537.36 V1_AND_SQ_8.8.28_2092_YYB_D A_8082800 QQ/8.8.28.6155 NetType/WI', null, null, '1634343952', '1', null);
INSERT INTO `cd_log` VALUES ('309620', 'admin', 'admin', 'http://vue2.whpj.vip/admin/Login/index.html', '103.238.35.14', 'Mozilla/5.0 (Linux; Android 10; M2007J22C Build/QP1A.190711.020; wv) AppleWebKit/537.36 (KHTML, like Gecko) Version/4.0 Chrome/89.0.4389.72 MQQBrowser/6.2 TBS/045814 Mobile Safari/537.36 V1_AND_SQ_8.8.28_2092_YYB_D A_8082800 QQ/8.8.28.6155 NetType/WI', null, null, '1634343963', '1', null);
INSERT INTO `cd_log` VALUES ('309621', 'admin', 'admin', 'http://vue2.whpj.vip/admin/Login/index.html', '106.39.151.101', 'Mozilla/5.0 (Windows NT 10.0; Win64; x64) AppleWebKit/537.36 (KHTML, like Gecko) Chrome/92.0.4515.159 Safari/537.36', null, null, '1634352867', '1', null);
INSERT INTO `cd_log` VALUES ('309622', 'admin', 'admin', 'http://vue2.whpj.vip/admin/Login/index.html', '182.141.81.28', 'Mozilla/5.0 (Linux; Android 10; JEF-AN20 Build/HUAWEIJEF-AN20; wv) AppleWebKit/537.36 (KHTML, like Gecko) Version/4.0 Chrome/89.0.4389.72 MQQBrowser/6.2 TBS/045814 Mobile Safari/537.36 V1_AND_SQ_8.8.33_2150_YYB_D A_8083300 QQ/8.8.33.6300 NetType/WIFI', null, null, '1634353031', '1', null);
INSERT INTO `cd_log` VALUES ('309623', 'admin', 'admin', 'http://vue2.whpj.vip/admin/Login/index.html', '124.235.235.12', 'Mozilla/5.0 (Windows NT 10.0; Win64; x64) AppleWebKit/537.36 (KHTML, like Gecko) Chrome/93.0.4577.82 Safari/537.36', null, null, '1634353520', '1', null);
INSERT INTO `cd_log` VALUES ('309624', 'admin', 'admin', 'http://vue2.whpj.vip/admin/Login/index.html', '123.139.238.242', 'Mozilla/5.0 (Linux; Android 11; Mi 10 Pro Build/RKQ1.200826.002; wv) AppleWebKit/537.36 (KHTML, like Gecko) Version/4.0 Chrome/89.0.4389.72 MQQBrowser/6.2 TBS/045814 Mobile Safari/537.36 V1_AND_SQ_8.8.33_2150_YYB_D A_8083300 QQ/8.8.33.6300 NetType/WI', null, null, '1634356894', '1', null);
INSERT INTO `cd_log` VALUES ('309625', 'admin', 'admin', 'http://vue2.whpj.vip/admin/Login/index.html', '120.230.51.81', 'Mozilla/5.0 (Windows NT 6.1; WOW64) AppleWebKit/537.36 (KHTML, like Gecko) Chrome/86.0.4240.198 Safari/537.36', null, null, '1634364485', '1', null);
INSERT INTO `cd_log` VALUES ('309626', 'admin', 'admin', 'http://vue2.whpj.vip/admin/Login/index.html', '117.22.110.145', 'Mozilla/5.0 (Windows NT 10.0; Win64; x64) AppleWebKit/537.36 (KHTML, like Gecko) Chrome/72.0.3626.121 Safari/537.36', null, null, '1634364577', '1', null);
INSERT INTO `cd_log` VALUES ('309627', 'admin', 'admin', 'http://vue2.whpj.vip/admin/Login/index.html', '58.100.105.75', 'Mozilla/5.0 (iPhone; CPU iPhone OS 15_0_1 like Mac OS X) AppleWebKit/605.1.15 (KHTML, like Gecko) Mobile/19A348 QQ/8.8.34.622 V1_IPH_SQ_8.8.34_1_APP_A Pixel/1170 MiniAppEnable SimpleUISwitch/1 StudyMode/0 CurrentMode/1 CurrentFontScale/1.000000 QQThe', null, null, '1634365813', '1', null);
INSERT INTO `cd_log` VALUES ('309628', 'admin', 'admin', 'http://vue2.whpj.vip/admin/Login/index.html', '115.225.16.43', 'Mozilla/5.0 (Macintosh; Intel Mac OS X 10_15_7) AppleWebKit/537.36 (KHTML, like Gecko) Chrome/94.0.4606.81 Safari/537.36', null, null, '1634365985', '1', null);
INSERT INTO `cd_log` VALUES ('309629', 'admin', 'admin', 'http://vue2.whpj.vip/admin/Login/index.html', '39.152.203.146', 'Mozilla/5.0 (Macintosh; Intel Mac OS X -1_0_0) AppleWebKit/537.36 (KHTML, like Gecko) Chrome/78.0.3904.108 Safari/537.36', null, null, '1634366806', '1', null);
INSERT INTO `cd_log` VALUES ('309630', 'admin', 'admin', 'http://vue2.whpj.vip/admin/Login/index.html', '175.160.157.146', 'Mozilla/5.0 (Windows NT 6.1; WOW64) AppleWebKit/537.36 (KHTML, like Gecko) Chrome/80.0.3987.87 Safari/537.36 SE 2.X MetaSr 1.0', null, null, '1634367491', '1', null);
INSERT INTO `cd_log` VALUES ('309631', 'admin', 'admin', 'http://vue2.whpj.vip/admin/Login/index.html', '171.36.17.196', 'Mozilla/5.0 (Linux; Android 11; M2011K2C Build/RKQ1.200928.002; wv) AppleWebKit/537.36 (KHTML, like Gecko) Version/4.0 Chrome/89.0.4389.72 MQQBrowser/6.2 TBS/045818 Mobile Safari/537.36 V1_AND_SQ_8.8.33_2150_YYB_D A_8083300 QQ/8.8.33.6300 NetType/WIF', null, null, '1634368532', '1', null);
INSERT INTO `cd_log` VALUES ('309632', 'admin', 'admin', 'http://vue2.whpj.vip/admin/Login/index.html', '117.22.110.145', 'Mozilla/5.0 (Windows NT 10.0; Win64; x64) AppleWebKit/537.36 (KHTML, like Gecko) Chrome/72.0.3626.121 Safari/537.36', null, null, '1634370256', '1', null);
INSERT INTO `cd_log` VALUES ('309633', 'admin', 'admin', 'http://vue2.whpj.vip/admin/Login/index.html', '36.4.103.6', 'Mozilla/5.0 (Windows NT 6.1; Win64; x64) AppleWebKit/537.36 (KHTML, like Gecko) Chrome/94.0.4606.81 Safari/537.36 Edg/94.0.992.50', null, null, '1634370976', '1', null);
INSERT INTO `cd_log` VALUES ('309634', 'admin', 'admin', 'http://vue2.whpj.vip/admin/Login/index.html', '116.115.63.89', 'Mozilla/5.0 (Windows NT 10.0; WOW64) AppleWebKit/537.36 (KHTML, like Gecko) Chrome/86.0.4240.198 Safari/537.36', null, null, '1634375710', '1', null);
INSERT INTO `cd_log` VALUES ('309635', 'admin', 'admin', 'http://vue2.whpj.vip/admin/Login/index.html', '171.113.10.235', 'Mozilla/5.0 (Windows NT 10.0; Win64; x64) AppleWebKit/537.36 (KHTML, like Gecko) Chrome/92.0.4515.131 Safari/537.36', null, null, '1634384635', '1', null);
INSERT INTO `cd_log` VALUES ('309636', 'admin', 'admin', 'http://vue2.whpj.vip/admin/Login/index.html', '110.180.19.221', 'Mozilla/5.0 (Macintosh; Intel Mac OS X 10_15_7) AppleWebKit/537.36 (KHTML, like Gecko) Chrome/94.0.4606.81 Safari/537.36', null, null, '1634385141', '1', null);
INSERT INTO `cd_log` VALUES ('309637', 'admin', 'admin', 'http://vue2.whpj.vip/admin/Login/index.html', '120.230.203.239', 'Mozilla/5.0 (Windows NT 10.0; WOW64) AppleWebKit/537.36 (KHTML, like Gecko) Chrome/86.0.4240.198 Safari/537.36', null, null, '1634393030', '1', null);
INSERT INTO `cd_log` VALUES ('309638', 'admin', 'admin', 'http://vue2.whpj.vip/admin/Login/index.html', '123.232.32.105', 'Mozilla/5.0 (Windows NT 10.0; Win64; x64) AppleWebKit/537.36 (KHTML, like Gecko) Chrome/94.0.4606.81 Safari/537.36', null, null, '1634398868', '1', null);
INSERT INTO `cd_log` VALUES ('309639', 'admin', 'admin', 'http://vue2.whpj.vip/admin/Login/index.html', '111.196.210.26', 'Mozilla/5.0 (Macintosh; Intel Mac OS X 10.13; rv:93.0) Gecko/20100101 Firefox/93.0', null, null, '1634438007', '1', null);
INSERT INTO `cd_log` VALUES ('309640', 'admin', 'admin', 'http://vue2.whpj.vip/admin/Login/index.html', '61.159.124.83', 'Mozilla/5.0 (Windows NT 10.0; Win64; x64) AppleWebKit/537.36 (KHTML, like Gecko) Chrome/92.0.4515.131 Safari/537.36', null, null, '1634441848', '1', null);
INSERT INTO `cd_log` VALUES ('309641', 'admin', 'admin', 'http://vue2.whpj.vip/admin/Login/index.html', '115.215.222.226', 'Mozilla/5.0 (Windows NT 10.0; Win64; x64) AppleWebKit/537.36 (KHTML, like Gecko) Chrome/94.0.4606.81 Safari/537.36', null, null, '1634442461', '1', null);
INSERT INTO `cd_log` VALUES ('309642', 'admin', 'admin', 'http://vue2.whpj.vip/admin/Login/index.html', '116.209.63.186', 'Mozilla/5.0 (Windows NT 10.0; WOW64) AppleWebKit/537.36 (KHTML, like Gecko) Chrome/86.0.4240.198 Safari/537.36', null, null, '1634447559', '1', null);
INSERT INTO `cd_log` VALUES ('309643', 'admin', 'admin', 'http://vue2.whpj.vip/admin/Selectpage/add', '171.113.180.81', 'Mozilla/5.0 (Windows NT 10.0; Win64; x64) AppleWebKit/537.36 (KHTML, like Gecko) Chrome/92.0.4515.131 Safari/537.36', '{\"title\":\"这是测试下拉框分页\",\"field_id\":3801}', null, '1634462993', '2', null);
INSERT INTO `cd_log` VALUES ('309644', 'admin', 'admin', 'http://vue2.whpj.vip/admin/Selectpage/add', '171.113.180.81', 'Mozilla/5.0 (Windows NT 10.0; Win64; x64) AppleWebKit/537.36 (KHTML, like Gecko) Chrome/92.0.4515.131 Safari/537.36', '{\"title\":\"测试2\",\"field_id\":3620}', null, '1634463002', '2', null);
INSERT INTO `cd_log` VALUES ('309645', 'admin', null, 'http://vue2.whpj.vip/admin/Selectpage/getMember_id', '171.113.180.81', 'Mozilla/5.0 (Windows NT 10.0; Win64; x64) AppleWebKit/537.36 (KHTML, like Gecko) Chrome/92.0.4515.131 Safari/537.36', '{\"limit\":20,\"page\":1}', 'SQLSTATE[42S02]: Base table or view not found: 1146 Table \'vue2.cd_member\' doesn\'t exist', '1634463337', '3', null);
INSERT INTO `cd_log` VALUES ('309646', 'admin', null, 'http://vue2.whpj.vip/admin/Selectpage/getMember_id', '171.113.180.81', 'Mozilla/5.0 (Windows NT 10.0; Win64; x64) AppleWebKit/537.36 (KHTML, like Gecko) Chrome/92.0.4515.131 Safari/537.36', '{\"limit\":20,\"page\":1}', 'SQLSTATE[42S02]: Base table or view not found: 1146 Table \'vue2.cd_member\' doesn\'t exist', '1634463339', '3', null);
INSERT INTO `cd_log` VALUES ('309647', 'admin', null, 'http://vue2.whpj.vip/admin/Selectpage/getMember_id', '171.113.180.81', 'Mozilla/5.0 (Windows NT 10.0; Win64; x64) AppleWebKit/537.36 (KHTML, like Gecko) Chrome/92.0.4515.131 Safari/537.36', '{\"limit\":20,\"page\":1}', 'SQLSTATE[42S02]: Base table or view not found: 1146 Table \'vue2.cd_member\' doesn\'t exist', '1634463349', '3', null);
INSERT INTO `cd_log` VALUES ('309648', 'admin', null, 'http://vue2.whpj.vip/admin/Selectpage/getMember_id', '171.113.180.81', 'Mozilla/5.0 (Windows NT 10.0; Win64; x64) AppleWebKit/537.36 (KHTML, like Gecko) Chrome/92.0.4515.131 Safari/537.36', '{\"limit\":20,\"page\":1}', 'SQLSTATE[42S22]: Column not found: 1054 Unknown column \'member_id\' in \'field list\'', '1634463378', '3', null);
INSERT INTO `cd_log` VALUES ('309649', 'admin', null, 'http://vue2.whpj.vip/admin/Selectpage/getMember_id', '171.113.180.81', 'Mozilla/5.0 (Windows NT 10.0; Win64; x64) AppleWebKit/537.36 (KHTML, like Gecko) Chrome/92.0.4515.131 Safari/537.36', '{\"limit\":20,\"page\":1}', 'SQLSTATE[42S22]: Column not found: 1054 Unknown column \'member_id\' in \'field list\'', '1634463379', '3', null);
INSERT INTO `cd_log` VALUES ('309650', 'admin', null, 'http://vue2.whpj.vip/admin/Selectpage/getMember_id', '171.113.180.81', 'Mozilla/5.0 (Windows NT 10.0; Win64; x64) AppleWebKit/537.36 (KHTML, like Gecko) Chrome/92.0.4515.131 Safari/537.36', '{\"limit\":20,\"page\":1}', 'SQLSTATE[42S22]: Column not found: 1054 Unknown column \'member_id\' in \'field list\'', '1634463385', '3', null);
INSERT INTO `cd_log` VALUES ('309651', 'admin', 'admin', 'http://vue2.whpj.vip/admin/Selectpage/update', '171.113.180.81', 'Mozilla/5.0 (Windows NT 10.0; Win64; x64) AppleWebKit/537.36 (KHTML, like Gecko) Chrome/92.0.4515.131 Safari/537.36', '{\"selectpage_id\":2,\"title\":\"测试2\",\"member_id\":26}', null, '1634463419', '2', null);
INSERT INTO `cd_log` VALUES ('309652', 'admin', 'admin', 'http://vue2.whpj.vip/admin/Selectpage/update', '171.113.180.81', 'Mozilla/5.0 (Windows NT 10.0; Win64; x64) AppleWebKit/537.36 (KHTML, like Gecko) Chrome/92.0.4515.131 Safari/537.36', '{\"selectpage_id\":1,\"title\":\"这是测试下拉框分页\",\"member_id\":28}', null, '1634463422', '2', null);
INSERT INTO `cd_log` VALUES ('309653', 'admin', 'admin', 'http://vue2.whpj.vip/admin/Login/index.html', '117.136.52.193', 'Mozilla/5.0 (Linux; Android 10; HarmonyOS; BMH-AN20; HMSCore 6.1.0.314) AppleWebKit/537.36 (KHTML, like Gecko) Chrome/88.0.4324.93 HuaweiBrowser/11.1.5.310 Mobile Safari/537.36', null, null, '1634464846', '1', null);
INSERT INTO `cd_log` VALUES ('309654', 'admin', 'admin', 'http://vue2.whpj.vip/admin/Login/index.html', '103.63.155.61', 'Mozilla/5.0 (Windows NT 10.0; Win64; x64) AppleWebKit/537.36 (KHTML, like Gecko) Chrome/94.0.4606.54 Safari/537.36', null, null, '1634466378', '1', null);
INSERT INTO `cd_log` VALUES ('309655', 'admin', 'admin', 'http://vue2.whpj.vip/admin/Login/index.html', '183.48.47.254', 'Mozilla/5.0 (Macintosh; Intel Mac OS X 10_15_7) AppleWebKit/537.36 (KHTML, like Gecko) Chrome/94.0.4606.81 Safari/537.36', null, null, '1634471413', '1', null);
INSERT INTO `cd_log` VALUES ('309656', 'admin', 'admin', 'http://vue2.whpj.vip/admin/Login/index.html', '106.39.151.101', 'Mozilla/5.0 (Windows NT 10.0; Win64; x64) AppleWebKit/537.36 (KHTML, like Gecko) Chrome/92.0.4515.159 Safari/537.36', null, null, '1634471672', '1', null);
INSERT INTO `cd_log` VALUES ('309657', 'admin', 'admin', 'http://vue2.whpj.vip/admin/Login/index.html', '61.159.124.83', 'Mozilla/5.0 (Windows NT 10.0; WOW64) AppleWebKit/537.36 (KHTML, like Gecko) Chrome/70.0.3538.25 Safari/537.36 Core/1.70.3877.400 QQBrowser/10.8.4506.400', null, null, '1634485170', '1', null);
INSERT INTO `cd_log` VALUES ('309658', 'admin', 'admin', 'http://vue2.whpj.vip/admin/Login/index.html', '61.159.124.83', 'Mozilla/5.0 (Windows NT 10.0; Win64; x64) AppleWebKit/537.36 (KHTML, like Gecko) Chrome/92.0.4515.131 Safari/537.36', null, null, '1634485289', '1', null);
INSERT INTO `cd_log` VALUES ('309659', 'admin', 'admin', 'http://vue2.whpj.vip/admin/Login/index.html', '124.235.202.254', 'Mozilla/5.0 (Windows NT 10.0; WOW64) AppleWebKit/537.36 (KHTML, like Gecko) Chrome/86.0.4240.198 Safari/537.36', null, null, '1634495818', '1', null);
INSERT INTO `cd_log` VALUES ('309660', 'admin', 'admin', 'http://vue2.whpj.vip/admin/Login/index.html', '116.20.65.233', 'Mozilla/5.0 (Windows NT 6.1) AppleWebKit/537.36 (KHTML, like Gecko) Chrome/86.0.4240.198 Safari/537.36', null, null, '1634518557', '1', null);
INSERT INTO `cd_log` VALUES ('309661', 'admin', 'admin', 'http://vue2.whpj.vip/admin/Login/index.html', '111.175.86.134', 'Mozilla/5.0 (Windows NT 10.0; Win64; x64) AppleWebKit/537.36 (KHTML, like Gecko) Chrome/92.0.4515.107 Safari/537.36', null, null, '1634519995', '1', null);
INSERT INTO `cd_log` VALUES ('309662', 'admin', 'admin', 'http://vue2.whpj.vip/admin/Login/index.html', '1.193.80.227', 'Mozilla/5.0 (Windows NT 6.1) AppleWebKit/537.36 (KHTML, like Gecko) Chrome/61.0.3163.79 Safari/537.36', null, null, '1634522342', '1', null);
INSERT INTO `cd_log` VALUES ('309663', 'admin', 'admin', 'http://vue2.whpj.vip/admin/Login/index.html', '59.46.230.170', 'Mozilla/5.0 (Linux; Android 10; ANG-AN00 Build/HUAWEIANG-AN00; wv) AppleWebKit/537.36 (KHTML, like Gecko) Version/4.0 Chrome/89.0.4389.72 MQQBrowser/6.2 TBS/045814 Mobile Safari/537.36 V1_AND_SQ_8.8.33_2150_YYB_D A_8083300 QQ/8.8.33.6300 NetType/WIFI', null, null, '1634525657', '1', null);
INSERT INTO `cd_log` VALUES ('309664', 'admin', 'admin', 'http://vue2.whpj.vip/admin/Login/index.html', '39.144.137.80', 'Mozilla/5.0 (Macintosh; Intel Mac OS X 10_15_7) AppleWebKit/537.36 (KHTML, like Gecko) Chrome/93.0.4577.63 Safari/537.36', null, null, '1634541714', '1', null);
INSERT INTO `cd_log` VALUES ('309665', 'admin', 'admin', 'http://vue2.whpj.vip/admin/Login/index.html', '113.108.127.22', 'Mozilla/5.0 (Windows NT 6.1; WOW64) AppleWebKit/537.36 (KHTML, like Gecko) Chrome/70.0.3538.25 Safari/537.36 Core/1.70.3877.400 QQBrowser/10.8.4506.400', null, null, '1634542007', '1', null);
INSERT INTO `cd_log` VALUES ('309666', 'admin', 'admin', 'http://vue2.whpj.vip/admin/Login/index.html', '39.152.203.146', 'Mozilla/5.0 (Macintosh; Intel Mac OS X -1_0_0) AppleWebKit/537.36 (KHTML, like Gecko) Chrome/78.0.3904.108 Safari/537.36', null, null, '1634545595', '1', null);
INSERT INTO `cd_log` VALUES ('309667', 'admin', 'admin', 'http://vue2.whpj.vip/admin/Login/index.html', '182.87.83.97', 'Mozilla/5.0 (Windows NT 10.0; Win64; x64) AppleWebKit/537.36 (KHTML, like Gecko) Chrome/94.0.4606.81 Safari/537.36', null, null, '1634546168', '1', null);
INSERT INTO `cd_log` VALUES ('309668', 'admin', 'admin', 'http://vue2.whpj.vip/admin/Login/index.html', '14.28.164.211', 'Mozilla/5.0 (Windows NT 6.3; Win64; x64) AppleWebKit/537.36 (KHTML, like Gecko) Chrome/94.0.4606.81 Safari/537.36', null, null, '1634546755', '1', null);
INSERT INTO `cd_log` VALUES ('309669', 'admin', 'admin', 'http://vue2.whpj.vip/admin/Login/index.html', '121.34.33.26', 'Mozilla/5.0 (Windows NT 10.0; WOW64) AppleWebKit/537.36 (KHTML, like Gecko) Chrome/86.0.4240.198 Safari/537.36', null, null, '1634552445', '1', null);
INSERT INTO `cd_log` VALUES ('309670', 'admin', 'admin', 'http://vue2.whpj.vip/admin/Login/index.html', '123.123.220.25', 'Mozilla/5.0 (Windows NT 10.0; WOW64) AppleWebKit/537.36 (KHTML, like Gecko) Chrome/86.0.4240.198 Safari/537.36', null, null, '1634569808', '1', null);
INSERT INTO `cd_log` VALUES ('309671', 'admin', 'admin', 'http://vue2.whpj.vip/admin/Login/index.html', '171.113.180.81', 'Mozilla/5.0 (Linux; Android 10; HarmonyOS; BMH-AN20; HMSCore 6.1.0.314) AppleWebKit/537.36 (KHTML, like Gecko) Chrome/88.0.4324.93 HuaweiBrowser/11.1.5.310 Mobile Safari/537.36', null, null, '1634570933', '1', null);
INSERT INTO `cd_log` VALUES ('309672', 'admin', 'admin', 'http://vue2.whpj.vip/admin/Login/index.html', '115.60.130.63', 'Mozilla/5.0 (Macintosh; Intel Mac OS X 10_15_7) AppleWebKit/537.36 (KHTML, like Gecko) Chrome/94.0.4606.81 Safari/537.36', null, null, '1634603350', '1', null);
INSERT INTO `cd_log` VALUES ('309673', 'admin', 'admin', 'http://vue2.whpj.vip/admin/Login/index.html', '125.41.230.154', 'Mozilla/5.0 (Windows NT 10.0; Win64; x64) AppleWebKit/537.36 (KHTML, like Gecko) Chrome/94.0.4606.81 Safari/537.36', null, null, '1634609417', '1', null);
INSERT INTO `cd_log` VALUES ('309674', 'admin', 'admin', 'http://vue2.whpj.vip/admin/Login/index.html', '111.183.61.132', 'Mozilla/5.0 (Windows NT 6.1; Win64; x64) AppleWebKit/537.36 (KHTML, like Gecko) Chrome/94.0.4606.61 Safari/537.36', null, null, '1634611192', '1', null);
INSERT INTO `cd_log` VALUES ('309675', 'admin', 'admin', 'http://vue2.whpj.vip/admin/Login/index.html', '36.249.111.253', 'Mozilla/5.0 (Windows NT 10.0; Win64; x64) AppleWebKit/537.36 (KHTML, like Gecko) Chrome/94.0.4606.81 Safari/537.36 Edg/94.0.992.50', null, null, '1634611698', '1', null);
INSERT INTO `cd_log` VALUES ('309676', 'admin', 'admin', 'http://vue2.whpj.vip/admin/Login/index.html', '124.126.138.228', 'Mozilla/5.0 (Windows NT 10.0; Win64; x64; rv:83.0) Gecko/20100101 Firefox/83.0', null, null, '1634614225', '1', null);
INSERT INTO `cd_log` VALUES ('309677', 'admin', 'admin', 'http://vue2.whpj.vip/admin/Login/index.html', '183.67.56.160', 'Mozilla/5.0 (iPhone; CPU iPhone OS 15_0_2 like Mac OS X) AppleWebKit/605.1.15 (KHTML, like Gecko) Mobile/15E148 QQ/8.8.29.603 V1_IPH_SQ_8.8.29_1_APP_A Pixel/1284 MiniAppEnable SimpleUISwitch/1 StudyMode/0 CurrentMode/1 CurrentFontScale/1.000000 QQThe', null, null, '1634617916', '1', null);
INSERT INTO `cd_log` VALUES ('309678', 'admin', 'admin', 'http://vue2.whpj.vip/admin/Login/index.html', '58.247.101.198', 'Mozilla/5.0 (Macintosh; Intel Mac OS X 10_14_6) AppleWebKit/537.36 (KHTML, like Gecko) Chrome/93.0.4577.82 Safari/537.36', null, null, '1634623989', '1', null);
INSERT INTO `cd_log` VALUES ('309679', 'admin', 'admin', 'http://vue2.whpj.vip/admin/Login/index.html', '171.218.32.226', 'Mozilla/5.0 (Linux; Android 11; M2011K2C Build/RKQ1.200928.002; wv) AppleWebKit/537.36 (KHTML, like Gecko) Version/4.0 Chrome/89.0.4389.72 MQQBrowser/6.2 TBS/045814 Mobile Safari/537.36 V1_AND_SQ_8.8.33_2150_YYB_D A_8083300 QQ/8.8.33.6300 NetType/4G ', null, null, '1634632812', '1', null);
INSERT INTO `cd_log` VALUES ('309680', 'admin', 'admin', 'http://vue2.whpj.vip/admin/Login/index.html', '111.181.45.190', 'Mozilla/5.0 (Linux; Android 10; BMH-AN20 Build/HUAWEIBMH-AN20; wv) AppleWebKit/537.36 (KHTML, like Gecko) Version/4.0 Chrome/77.0.3865.120 MQQBrowser/6.2 TBS/045713 Mobile Safari/537.36 MMWEBID/3257 MicroMessenger/8.0.11.1980(0x28000B59) Process/tool', null, null, '1634633593', '1', null);
INSERT INTO `cd_log` VALUES ('309681', 'admin', 'admin', 'http://vue2.whpj.vip/admin/Login/index.html', '101.204.7.180', 'Mozilla/5.0 (Linux; U; Android 11; zh-cn; M2011K2C Build/RKQ1.200928.002) AppleWebKit/537.36 (KHTML, like Gecko) Version/4.0 Chrome/89.0.4389.116 Mobile Safari/537.36 XiaoMi/MiuiBrowser/15.3.10', null, null, '1634635387', '1', null);
INSERT INTO `cd_log` VALUES ('309682', 'admin', 'admin', 'http://vue2.whpj.vip/admin/Login/index.html', '101.204.7.180', 'Mozilla/5.0 (Linux; Android 11; M2011K2C Build/RKQ1.200928.002; wv) AppleWebKit/537.36 (KHTML, like Gecko) Version/4.0 Chrome/77.0.3865.120 MQQBrowser/6.2 TBS/045735 Mobile Safari/537.36 wxwork/3.1.18 ColorScheme/Light MicroMessenger/7.0.1 NetType/WI', null, null, '1634635462', '1', null);
INSERT INTO `cd_log` VALUES ('309683', 'admin', 'admin', 'http://vue2.whpj.vip/admin/Login/index.html', '101.204.7.180', 'Mozilla/5.0 (Linux; U; Android 11; zh-cn; M2011K2C Build/RKQ1.200928.002) AppleWebKit/537.36 (KHTML, like Gecko) Version/4.0 Chrome/89.0.4389.116 Mobile Safari/537.36 XiaoMi/MiuiBrowser/15.3.10', null, null, '1634635701', '1', null);
INSERT INTO `cd_log` VALUES ('309684', 'admin', 'admin', 'http://vue2.whpj.vip/admin/Login/index.html', '118.249.140.30', 'Mozilla/5.0 (Windows NT 10.0; Win64; x64; rv:93.0) Gecko/20100101 Firefox/93.0', null, null, '1634640212', '1', null);
INSERT INTO `cd_log` VALUES ('309685', 'admin', 'admin', 'http://vue2.whpj.vip/admin/Login/index.html', '1.80.117.112', 'Mozilla/5.0 (Macintosh; Intel Mac OS X -1_0_0) AppleWebKit/537.36 (KHTML, like Gecko) Chrome/78.0.3904.108 Safari/537.36', null, null, '1634640216', '1', null);
INSERT INTO `cd_log` VALUES ('309686', 'admin', 'admin', 'http://vue2.whpj.vip/admin/Login/index.html', '42.92.86.135', 'Mozilla/5.0 (Windows NT 10.0; Win64; x64; rv:93.0) Gecko/20100101 Firefox/93.0', null, null, '1634640223', '1', null);
INSERT INTO `cd_log` VALUES ('309687', 'admin', 'admin', 'http://vue2.whpj.vip/admin/Login/index.html', '110.184.71.98', 'Mozilla/5.0 (iPhone; CPU iPhone OS 15_0_2 like Mac OS X) AppleWebKit/605.1.15 (KHTML, like Gecko) Mobile/15E148 MicroMessenger/8.0.15(0x18000f28) NetType/WIFI Language/zh_CN', null, null, '1634640364', '1', null);
INSERT INTO `cd_log` VALUES ('309688', 'admin', 'admin', 'http://vue2.whpj.vip/admin/Login/index.html', '61.140.196.10', 'Mozilla/5.0 (Windows NT 10.0; Win64; x64) AppleWebKit/537.36 (KHTML, like Gecko) Chrome/94.0.4606.71 Safari/537.36', null, null, '1634649269', '1', null);
INSERT INTO `cd_log` VALUES ('309689', 'admin', 'admin', 'http://vue2.whpj.vip/admin/Login/index.html', '106.39.151.101', 'Mozilla/5.0 (Windows NT 10.0; Win64; x64) AppleWebKit/537.36 (KHTML, like Gecko) Chrome/92.0.4515.159 Safari/537.36', null, null, '1634652480', '1', null);
INSERT INTO `cd_log` VALUES ('309690', 'admin', 'admin', 'http://vuecms.me/admin/Goods/update', '127.0.0.1', 'Mozilla/5.0 (Windows NT 10.0; Win64; x64) AppleWebKit/537.36 (KHTML, like Gecko) Chrome/92.0.4515.131 Safari/537.36', '{\"goods_id\":5,\"goods_name\":\"九牧 JOMOO 不锈钢上水头编织软管 花洒喷头耐热防爆淋浴软管 H2BE2\",\"class_id\":2,\"supplier_id\":1,\"pic\":\"http:\\/\\/vue.whpj.vip\\/uploads\\/admin\\/202105\\/60af8d7d47a10.jpg\",\"sale_price\":\"445.00\",\"images\":[{\"url\":\"http:\\/\\/vue.whpj.vip\\/uploads\\/admin\\/202105\\/60af9200b555c.jpg\",\"name\":\"5ff40b8d7fbd2.jpg\"},{\"url\":\"\\/uploads\\/admin\\/202110\\/61627c797917c.png\",\"name\":\"5ff5dfbd5b60a.png\"}],\"status\":1,\"cd\":\"\",\"store\":0,\"sortid\":5,\"create_time\":\"2021-10-10 16:05:13\",\"detail\":\"<p>fdfdfdfdfdfd<\\/p>\",\"user_id\":null}', null, '1634654284', '2', null);
INSERT INTO `cd_log` VALUES ('309691', 'admin', 'admin', 'http://vuecms.me/admin/Node/delete', '127.0.0.1', 'Mozilla/5.0 (Windows NT 10.0; Win64; x64) AppleWebKit/537.36 (KHTML, like Gecko) Chrome/92.0.4515.131 Safari/537.36', '{\"node_id\":\"1,5,4,3,23,24,25,7,8,9,27,6,11,12,13,10,15,16,14,18,19,20,21,26,17\"}', null, '1634657847', '2', null);
INSERT INTO `cd_log` VALUES ('309692', 'admin', 'admin', 'http://vuecms.me/admin/Node/update', '127.0.0.1', 'Mozilla/5.0 (Windows NT 10.0; Win64; x64) AppleWebKit/537.36 (KHTML, like Gecko) Chrome/92.0.4515.131 Safari/537.36', '{\"node_id\":22,\"title\":\"首页\",\"type\":1,\"component_path\":\"\\/admin\\/Index\\/main.html\",\"status\":1,\"icon\":\"el-icon-s-home\",\"sortid\":0}', null, '1634657959', '2', null);
INSERT INTO `cd_log` VALUES ('309693', 'admin', 'admin', 'http://vuecms.me/admin/Node/add', '127.0.0.1', 'Mozilla/5.0 (Windows NT 10.0; Win64; x64) AppleWebKit/537.36 (KHTML, like Gecko) Chrome/92.0.4515.131 Safari/537.36', '{\"title\":\"会员管理\",\"type\":1,\"component_path\":\"\\/admin\\/Membe\\/index.html\",\"status\":1,\"icon\":\"\"}', null, '1634657994', '2', null);
INSERT INTO `cd_log` VALUES ('309694', 'admin', 'admin', 'http://vuecms.me/admin/Node/add', '127.0.0.1', 'Mozilla/5.0 (Windows NT 10.0; Win64; x64) AppleWebKit/537.36 (KHTML, like Gecko) Chrome/92.0.4515.131 Safari/537.36', '{\"title\":\"表单输入框\",\"type\":1,\"component_path\":\"\\/admin\\/Form\",\"status\":1,\"icon\":\"\"}', null, '1634658074', '2', null);
INSERT INTO `cd_log` VALUES ('309695', 'admin', 'admin', 'http://vuecms.me/admin/Node/add', '127.0.0.1', 'Mozilla/5.0 (Windows NT 10.0; Win64; x64) AppleWebKit/537.36 (KHTML, like Gecko) Chrome/92.0.4515.131 Safari/537.36', '{\"title\":\"编辑器\",\"type\":1,\"component_path\":\"\\/admin\\/Editor\\/index.html\",\"status\":1,\"icon\":\"\",\"pid\":29}', null, '1634658169', '2', null);
INSERT INTO `cd_log` VALUES ('309696', 'admin', 'admin', 'http://vuecms.me/admin/Node/add', '127.0.0.1', 'Mozilla/5.0 (Windows NT 10.0; Win64; x64) AppleWebKit/537.36 (KHTML, like Gecko) Chrome/92.0.4515.131 Safari/537.36', '{\"title\":\"地图组件\",\"type\":1,\"component_path\":\"\\/admin\\/Map\\/index.html\",\"status\":1,\"icon\":\"\",\"pid\":29}', null, '1634658194', '2', null);
INSERT INTO `cd_log` VALUES ('309697', 'admin', 'admin', 'http://vuecms.me/admin/Node/add', '127.0.0.1', 'Mozilla/5.0 (Windows NT 10.0; Win64; x64) AppleWebKit/537.36 (KHTML, like Gecko) Chrome/92.0.4515.131 Safari/537.36', '{\"title\":\"上传组件\",\"type\":1,\"component_path\":\"\\/admin\\/Uploadfile\\/index.html\",\"status\":1,\"icon\":\"\",\"pid\":29}', null, '1634658217', '2', null);
INSERT INTO `cd_log` VALUES ('309698', 'admin', 'admin', 'http://vuecms.me/admin/Node/add', '127.0.0.1', 'Mozilla/5.0 (Windows NT 10.0; Win64; x64) AppleWebKit/537.36 (KHTML, like Gecko) Chrome/92.0.4515.131 Safari/537.36', '{\"title\":\"其他组件\",\"type\":1,\"component_path\":\"\\/admin\\/Other\\/index.html\",\"status\":1,\"icon\":\"\",\"pid\":29}', null, '1634658244', '2', null);
INSERT INTO `cd_log` VALUES ('309699', 'admin', 'admin', 'http://vuecms.me/admin/Node/add', '127.0.0.1', 'Mozilla/5.0 (Windows NT 10.0; Win64; x64) AppleWebKit/537.36 (KHTML, like Gecko) Chrome/92.0.4515.131 Safari/537.36', '{\"title\":\"时间格式\",\"type\":1,\"component_path\":\"\\/admin\\/Time\\/index.html\",\"status\":1,\"icon\":\"\",\"pid\":29}', null, '1634658270', '2', null);
INSERT INTO `cd_log` VALUES ('309700', 'admin', 'admin', 'http://vuecms.me/admin/Node/add', '127.0.0.1', 'Mozilla/5.0 (Windows NT 10.0; Win64; x64) AppleWebKit/537.36 (KHTML, like Gecko) Chrome/92.0.4515.131 Safari/537.36', '{\"title\":\"下拉框分页\",\"type\":1,\"component_path\":\"\\/admin\\/Selectpage\\/index.html\",\"status\":1,\"icon\":\"\",\"pid\":29}', null, '1634658291', '2', null);
INSERT INTO `cd_log` VALUES ('309701', 'admin', 'admin', 'http://vuecms.me/admin/Node/add', '127.0.0.1', 'Mozilla/5.0 (Windows NT 10.0; Win64; x64) AppleWebKit/537.36 (KHTML, like Gecko) Chrome/92.0.4515.131 Safari/537.36', '{\"title\":\"商品管理\",\"type\":1,\"component_path\":\"\\/admin\\/Goods\",\"status\":1,\"icon\":\"\"}', null, '1634658320', '2', null);
INSERT INTO `cd_log` VALUES ('309702', 'admin', 'admin', 'http://vuecms.me/admin/Node/add', '127.0.0.1', 'Mozilla/5.0 (Windows NT 10.0; Win64; x64) AppleWebKit/537.36 (KHTML, like Gecko) Chrome/92.0.4515.131 Safari/537.36', '{\"title\":\"商品分类\",\"type\":1,\"component_path\":\"\\/admin\\/Goodscata\\/index.html\",\"status\":1,\"icon\":\"\",\"pid\":36}', null, '1634658346', '2', null);
INSERT INTO `cd_log` VALUES ('309703', 'admin', 'admin', 'http://vuecms.me/admin/Node/add', '127.0.0.1', 'Mozilla/5.0 (Windows NT 10.0; Win64; x64) AppleWebKit/537.36 (KHTML, like Gecko) Chrome/92.0.4515.131 Safari/537.36', '{\"title\":\"供应商管理\",\"type\":1,\"component_path\":\"\\/admin\\/Supplier\\/index.html\",\"status\":1,\"icon\":\"\",\"pid\":36}', null, '1634658370', '2', null);
INSERT INTO `cd_log` VALUES ('309704', 'admin', 'admin', 'http://vuecms.me/admin/Node/add', '127.0.0.1', 'Mozilla/5.0 (Windows NT 10.0; Win64; x64) AppleWebKit/537.36 (KHTML, like Gecko) Chrome/92.0.4515.131 Safari/537.36', '{\"title\":\"商品管理\",\"type\":1,\"component_path\":\"\\/admin\\/Goods\\/index.html\",\"status\":1,\"icon\":\"\",\"pid\":36}', null, '1634658393', '2', null);
INSERT INTO `cd_log` VALUES ('309705', 'admin', 'admin', 'http://vuecms.me/admin/Node/add', '127.0.0.1', 'Mozilla/5.0 (Windows NT 10.0; Win64; x64) AppleWebKit/537.36 (KHTML, like Gecko) Chrome/92.0.4515.131 Safari/537.36', '{\"title\":\"侧栏效果演示\",\"type\":1,\"component_path\":\"\\/admin\\/Celan\",\"status\":1,\"icon\":\"\",\"pid\":36}', null, '1634658428', '2', null);
INSERT INTO `cd_log` VALUES ('309706', 'admin', 'admin', 'http://vuecms.me/admin/Node/update', '127.0.0.1', 'Mozilla/5.0 (Windows NT 10.0; Win64; x64) AppleWebKit/537.36 (KHTML, like Gecko) Chrome/92.0.4515.131 Safari/537.36', '{\"node_id\":40,\"title\":\"侧栏效果演示\",\"type\":1,\"component_path\":\"\\/admin\\/Celan\",\"status\":1,\"icon\":\"\",\"sortid\":40}', null, '1634658439', '2', null);
INSERT INTO `cd_log` VALUES ('309707', 'admin', 'admin', 'http://vuecms.me/admin/Node/update', '127.0.0.1', 'Mozilla/5.0 (Windows NT 10.0; Win64; x64) AppleWebKit/537.36 (KHTML, like Gecko) Chrome/92.0.4515.131 Safari/537.36', '{\"node_id\":40,\"title\":\"侧栏效果演示\",\"type\":1,\"component_path\":\"\\/admin\\/Celan\",\"status\":1,\"icon\":\"\",\"sortid\":40}', null, '1634658445', '2', null);
INSERT INTO `cd_log` VALUES ('309708', 'admin', 'admin', 'http://vuecms.me/admin/Node/update', '127.0.0.1', 'Mozilla/5.0 (Windows NT 10.0; Win64; x64) AppleWebKit/537.36 (KHTML, like Gecko) Chrome/92.0.4515.131 Safari/537.36', '{\"node_id\":40,\"title\":\"侧栏效果演示\",\"type\":1,\"component_path\":\"\\/admin\\/Celan\",\"status\":1,\"icon\":\"\",\"sortid\":40}', null, '1634658456', '2', null);
INSERT INTO `cd_log` VALUES ('309709', 'admin', 'admin', 'http://vuecms.me/admin/Node/delete', '127.0.0.1', 'Mozilla/5.0 (Windows NT 10.0; Win64; x64) AppleWebKit/537.36 (KHTML, like Gecko) Chrome/92.0.4515.131 Safari/537.36', '{\"node_id\":40}', null, '1634658469', '2', null);
INSERT INTO `cd_log` VALUES ('309710', 'admin', 'admin', 'http://vuecms.me/admin/Node/add', '127.0.0.1', 'Mozilla/5.0 (Windows NT 10.0; Win64; x64) AppleWebKit/537.36 (KHTML, like Gecko) Chrome/92.0.4515.131 Safari/537.36', '{\"title\":\"侧栏效果演示\",\"type\":1,\"component_path\":\"\\/admin\\/Celan\",\"status\":1,\"icon\":\"\"}', null, '1634658485', '2', null);
INSERT INTO `cd_log` VALUES ('309711', 'admin', 'admin', 'http://vuecms.me/admin/Node/add', '127.0.0.1', 'Mozilla/5.0 (Windows NT 10.0; Win64; x64) AppleWebKit/537.36 (KHTML, like Gecko) Chrome/92.0.4515.131 Safari/537.36', '{\"title\":\"友情链接分类\",\"type\":1,\"component_path\":\"\\/admin\\/Link.Linkcata\\/index.html\",\"status\":1,\"icon\":\"\",\"pid\":41}', null, '1634658538', '2', null);
INSERT INTO `cd_log` VALUES ('309712', 'admin', 'admin', 'http://vuecms.me/admin/Node/add', '127.0.0.1', 'Mozilla/5.0 (Windows NT 10.0; Win64; x64) AppleWebKit/537.36 (KHTML, like Gecko) Chrome/92.0.4515.131 Safari/537.36', '{\"title\":\"友情链接\",\"type\":1,\"component_path\":\"\\/admin\\/Link.Link\\/index.html\",\"status\":1,\"icon\":\"\",\"pid\":41}', null, '1634658570', '2', null);
INSERT INTO `cd_log` VALUES ('309713', 'admin', 'admin', 'http://vuecms.me/admin/Node/add', '127.0.0.1', 'Mozilla/5.0 (Windows NT 10.0; Win64; x64) AppleWebKit/537.36 (KHTML, like Gecko) Chrome/92.0.4515.131 Safari/537.36', '{\"title\":\"批量操作演示\",\"type\":1,\"component_path\":\"\\/admin\\/Batch\\/index.html\",\"status\":1,\"icon\":\"\"}', null, '1634658597', '2', null);
INSERT INTO `cd_log` VALUES ('309714', 'admin', 'admin', 'http://vuecms.me/admin/Node/add', '127.0.0.1', 'Mozilla/5.0 (Windows NT 10.0; Win64; x64) AppleWebKit/537.36 (KHTML, like Gecko) Chrome/92.0.4515.131 Safari/537.36', '{\"title\":\"字段联动演示\",\"type\":1,\"component_path\":\"\\/admin\\/Liandong\\/index.html\",\"status\":1,\"icon\":\"\"}', null, '1634658629', '2', null);
INSERT INTO `cd_log` VALUES ('309715', 'admin', 'admin', 'http://vuecms.me/admin/Node/add', '127.0.0.1', 'Mozilla/5.0 (Windows NT 10.0; Win64; x64) AppleWebKit/537.36 (KHTML, like Gecko) Chrome/92.0.4515.131 Safari/537.36', '{\"title\":\"CMS管理\",\"type\":1,\"component_path\":\"\\/admin\\/Cms.Catagory\\/index.html\",\"status\":1,\"icon\":\"\"}', null, '1634658708', '2', null);
INSERT INTO `cd_log` VALUES ('309716', 'admin', 'admin', 'http://vuecms.me/admin/Node/add', '127.0.0.1', 'Mozilla/5.0 (Windows NT 10.0; Win64; x64) AppleWebKit/537.36 (KHTML, like Gecko) Chrome/92.0.4515.131 Safari/537.36', '{\"title\":\"栏目管理\",\"type\":1,\"component_path\":\"\\/admin\\/Cms.Catagory\\/index.html\",\"status\":1,\"icon\":\"\"}', null, '1634658724', '2', null);
INSERT INTO `cd_log` VALUES ('309717', 'admin', 'admin', 'http://vuecms.me/admin/Node/update', '127.0.0.1', 'Mozilla/5.0 (Windows NT 10.0; Win64; x64) AppleWebKit/537.36 (KHTML, like Gecko) Chrome/92.0.4515.131 Safari/537.36', '{\"node_id\":47,\"pid\":46,\"title\":\"栏目管理\",\"type\":1,\"component_path\":\"\\/admin\\/Cms.Catagory\\/index.html\",\"status\":1,\"icon\":\"\",\"sortid\":47}', null, '1634658729', '2', null);
INSERT INTO `cd_log` VALUES ('309718', 'admin', 'admin', 'http://vuecms.me/admin/Node/update', '127.0.0.1', 'Mozilla/5.0 (Windows NT 10.0; Win64; x64) AppleWebKit/537.36 (KHTML, like Gecko) Chrome/92.0.4515.131 Safari/537.36', '{\"node_id\":46,\"pid\":null,\"title\":\"CMS管理\",\"type\":1,\"component_path\":\"\\/admin\\/Cms\",\"status\":1,\"icon\":\"\",\"sortid\":46}', null, '1634658735', '2', null);
INSERT INTO `cd_log` VALUES ('309719', 'admin', 'admin', 'http://vuecms.me/admin/Node/add', '127.0.0.1', 'Mozilla/5.0 (Windows NT 10.0; Win64; x64) AppleWebKit/537.36 (KHTML, like Gecko) Chrome/92.0.4515.131 Safari/537.36', '{\"title\":\"文章管理\",\"type\":1,\"component_path\":\"\\/admin\\/Cms.Content\\/index.html\",\"status\":1,\"icon\":\"\"}', null, '1634658768', '2', null);
INSERT INTO `cd_log` VALUES ('309720', 'admin', 'admin', 'http://vuecms.me/admin/Node/update', '127.0.0.1', 'Mozilla/5.0 (Windows NT 10.0; Win64; x64) AppleWebKit/537.36 (KHTML, like Gecko) Chrome/92.0.4515.131 Safari/537.36', '{\"node_id\":48,\"pid\":46,\"title\":\"文章管理\",\"type\":1,\"component_path\":\"\\/admin\\/Cms.Content\\/index.html\",\"status\":1,\"icon\":\"\",\"sortid\":48}', null, '1634658774', '2', null);
INSERT INTO `cd_log` VALUES ('309721', 'admin', 'admin', 'http://vuecms.me/admin/Node/add', '127.0.0.1', 'Mozilla/5.0 (Windows NT 10.0; Win64; x64) AppleWebKit/537.36 (KHTML, like Gecko) Chrome/92.0.4515.131 Safari/537.36', '{\"title\":\"碎片管理\",\"type\":1,\"component_path\":\"\\/admin\\/Cms.Frament\\/index.html\",\"status\":1,\"icon\":\"\",\"pid\":46}', null, '1634658795', '2', null);
INSERT INTO `cd_log` VALUES ('309722', 'admin', 'admin', 'http://vuecms.me/admin/Node/add', '127.0.0.1', 'Mozilla/5.0 (Windows NT 10.0; Win64; x64) AppleWebKit/537.36 (KHTML, like Gecko) Chrome/92.0.4515.131 Safari/537.36', '{\"title\":\"推荐位管理\",\"type\":1,\"component_path\":\"\\/admin\\/Cms.Position\\/index.html\",\"status\":1,\"icon\":\"\",\"pid\":46}', null, '1634658832', '2', null);
INSERT INTO `cd_log` VALUES ('309723', 'admin', 'admin', 'http://vuecms.me/admin/Node/add', '127.0.0.1', 'Mozilla/5.0 (Windows NT 10.0; Win64; x64) AppleWebKit/537.36 (KHTML, like Gecko) Chrome/92.0.4515.131 Safari/537.36', '{\"title\":\"配置管理\",\"type\":1,\"component_path\":\"\\/admin\\/Sys\",\"status\":1,\"icon\":\"\"}', null, '1634658864', '2', null);
INSERT INTO `cd_log` VALUES ('309724', 'admin', 'admin', 'http://vuecms.me/admin/Node/add', '127.0.0.1', 'Mozilla/5.0 (Windows NT 10.0; Win64; x64) AppleWebKit/537.36 (KHTML, like Gecko) Chrome/92.0.4515.131 Safari/537.36', '{\"title\":\"基本配置\",\"type\":1,\"component_path\":\"\\/admin\\/Baseconfig\\/index.html\",\"status\":1,\"icon\":\"\"}', null, '1634658889', '2', null);
INSERT INTO `cd_log` VALUES ('309725', 'admin', 'admin', 'http://vuecms.me/admin/Node/update', '127.0.0.1', 'Mozilla/5.0 (Windows NT 10.0; Win64; x64) AppleWebKit/537.36 (KHTML, like Gecko) Chrome/92.0.4515.131 Safari/537.36', '{\"node_id\":52,\"pid\":51,\"title\":\"基本配置\",\"type\":1,\"component_path\":\"\\/admin\\/Baseconfig\\/index.html\",\"status\":1,\"icon\":\"\",\"sortid\":52}', null, '1634658898', '2', null);
INSERT INTO `cd_log` VALUES ('309726', 'admin', 'admin', 'http://vuecms.me/admin/Node/add', '127.0.0.1', 'Mozilla/5.0 (Windows NT 10.0; Win64; x64) AppleWebKit/537.36 (KHTML, like Gecko) Chrome/92.0.4515.131 Safari/537.36', '{\"title\":\"缩略图配置\",\"type\":1,\"component_path\":\"\\/admin\\/Uploadconfig\\/index.html\",\"status\":1,\"icon\":\"\"}', null, '1634658925', '2', null);
INSERT INTO `cd_log` VALUES ('309727', 'admin', 'admin', 'http://vuecms.me/admin/Node/update', '127.0.0.1', 'Mozilla/5.0 (Windows NT 10.0; Win64; x64) AppleWebKit/537.36 (KHTML, like Gecko) Chrome/92.0.4515.131 Safari/537.36', '{\"node_id\":53,\"pid\":51,\"title\":\"缩略图配置\",\"type\":1,\"component_path\":\"\\/admin\\/Uploadconfig\\/index.html\",\"status\":1,\"icon\":\"\",\"sortid\":53}', null, '1634658949', '2', null);
INSERT INTO `cd_log` VALUES ('309728', 'admin', 'admin', 'http://vuecms.me/admin/Node/add', '127.0.0.1', 'Mozilla/5.0 (Windows NT 10.0; Win64; x64) AppleWebKit/537.36 (KHTML, like Gecko) Chrome/92.0.4515.131 Safari/537.36', '{\"title\":\"节点管理\",\"type\":1,\"component_path\":\"\\/admin\\/Node\\/index.html\",\"status\":1,\"icon\":\"\"}', null, '1634659019', '2', null);
INSERT INTO `cd_log` VALUES ('309729', 'admin', 'admin', 'http://vuecms.me/admin/Node/update', '127.0.0.1', 'Mozilla/5.0 (Windows NT 10.0; Win64; x64) AppleWebKit/537.36 (KHTML, like Gecko) Chrome/92.0.4515.131 Safari/537.36', '{\"node_id\":51,\"pid\":null,\"title\":\"配置管理\",\"type\":1,\"component_path\":\"\\/admin\\/Config\",\"status\":1,\"icon\":\"\",\"sortid\":51}', null, '1634659033', '2', null);
INSERT INTO `cd_log` VALUES ('309730', 'admin', 'admin', 'http://vuecms.me/admin/Node/add', '127.0.0.1', 'Mozilla/5.0 (Windows NT 10.0; Win64; x64) AppleWebKit/537.36 (KHTML, like Gecko) Chrome/92.0.4515.131 Safari/537.36', '{\"title\":\"系统管理\",\"type\":1,\"component_path\":\"\\/admin\\/Sys\",\"status\":1,\"icon\":\"\"}', null, '1634659081', '2', null);
INSERT INTO `cd_log` VALUES ('309731', 'admin', 'admin', 'http://vuecms.me/admin/Node/add', '127.0.0.1', 'Mozilla/5.0 (Windows NT 10.0; Win64; x64) AppleWebKit/537.36 (KHTML, like Gecko) Chrome/92.0.4515.131 Safari/537.36', '{\"title\":\"用户管理\",\"type\":1,\"component_path\":\"\\/admin\\/Adminuser\\/index.html\",\"status\":1,\"icon\":\"\"}', null, '1634659104', '2', null);
INSERT INTO `cd_log` VALUES ('309732', 'admin', 'admin', 'http://vuecms.me/admin/Node/update', '127.0.0.1', 'Mozilla/5.0 (Windows NT 10.0; Win64; x64) AppleWebKit/537.36 (KHTML, like Gecko) Chrome/92.0.4515.131 Safari/537.36', '{\"node_id\":56,\"pid\":55,\"title\":\"用户管理\",\"type\":1,\"component_path\":\"\\/admin\\/Adminuser\\/index.html\",\"status\":1,\"icon\":\"\",\"sortid\":56}', null, '1634659110', '2', null);
INSERT INTO `cd_log` VALUES ('309733', 'admin', 'admin', 'http://vuecms.me/admin/Node/add', '127.0.0.1', 'Mozilla/5.0 (Windows NT 10.0; Win64; x64) AppleWebKit/537.36 (KHTML, like Gecko) Chrome/92.0.4515.131 Safari/537.36', '{\"title\":\"角色管理\",\"type\":1,\"component_path\":\"\\/admin\\/Role\\/index.html\",\"status\":1,\"icon\":\"\"}', null, '1634659137', '2', null);
INSERT INTO `cd_log` VALUES ('309734', 'admin', 'admin', 'http://vuecms.me/admin/Node/update', '127.0.0.1', 'Mozilla/5.0 (Windows NT 10.0; Win64; x64) AppleWebKit/537.36 (KHTML, like Gecko) Chrome/92.0.4515.131 Safari/537.36', '{\"node_id\":57,\"pid\":55,\"title\":\"角色管理\",\"type\":1,\"component_path\":\"\\/admin\\/Role\\/index.html\",\"status\":1,\"icon\":\"\",\"sortid\":57}', null, '1634659143', '2', null);
INSERT INTO `cd_log` VALUES ('309735', 'admin', 'admin', 'http://vuecms.me/admin/Node/add', '127.0.0.1', 'Mozilla/5.0 (Windows NT 10.0; Win64; x64) AppleWebKit/537.36 (KHTML, like Gecko) Chrome/92.0.4515.131 Safari/537.36', '{\"title\":\"日志管理\",\"type\":1,\"component_path\":\"\\/admin\\/Log\\/index.html\",\"status\":1,\"icon\":\"\",\"pid\":55}', null, '1634659163', '2', null);
INSERT INTO `cd_log` VALUES ('309736', 'admin', 'admin', 'http://vuecms.me/admin/Login/index.html', '127.0.0.1', 'Mozilla/5.0 (Windows NT 10.0; Win64; x64) AppleWebKit/537.36 (KHTML, like Gecko) Chrome/92.0.4515.107 Safari/537.36', null, null, '1634782640', '1', null);
INSERT INTO `cd_log` VALUES ('309737', 'admin', null, 'http://vuecms.me/admin/Sys.Base/updateField', '127.0.0.1', 'Mozilla/5.0 (Windows NT 10.0; Win64; x64) AppleWebKit/537.36 (KHTML, like Gecko) Chrome/92.0.4515.107 Safari/537.36', '{\"id\":4440,\"menu_id\":1051,\"title\":\"\\u8282\\u70b9\\u8def\\u5f84\",\"field\":\"path\",\"type\":1,\"list_show\":3,\"search_type\":1,\"post_status\":1,\"create_table_field\":1,\"validate\":[\"\"],\"rule\":null,\"sortid\":5,\"sql\":null,\"default_value\":null,\"datatype\":\"varchar\",\"length\":\"250\",\"indexdata\":null,\"show_condition\":null,\"item_config\":[],\"width\":null,\"datetime_config\":null,\"other_config\":[],\"belong_table\":null}', 'SQLSTATE[42S21]: Column already exists: 1060 Duplicate column name \'path\'', '1634784563', '3', null);
INSERT INTO `cd_log` VALUES ('309738', 'admin', null, 'http://vuecms.me/admin/Base/getMenu', '127.0.0.1', 'Mozilla/5.0 (Windows NT 10.0; Win64; x64) AppleWebKit/537.36 (KHTML, like Gecko) Chrome/92.0.4515.107 Safari/537.36', '[]', 'SQLSTATE[42S22]: Column not found: 1054 Unknown column \'id\' in \'field list\'', '1634785739', '3', null);
INSERT INTO `cd_log` VALUES ('309739', 'admin', null, 'http://vuecms.me/admin/Base/getMenu', '127.0.0.1', 'Mozilla/5.0 (Windows NT 10.0; Win64; x64) AppleWebKit/537.36 (KHTML, like Gecko) Chrome/92.0.4515.107 Safari/537.36', '[]', 'SQLSTATE[42S22]: Column not found: 1054 Unknown column \'id\' in \'field list\'', '1634785748', '3', null);
INSERT INTO `cd_log` VALUES ('309740', 'admin', null, 'http://vuecms.me/admin/Base/getMenu', '127.0.0.1', 'Mozilla/5.0 (Windows NT 10.0; Win64; x64) AppleWebKit/537.36 (KHTML, like Gecko) Chrome/92.0.4515.107 Safari/537.36', '[]', 'SQLSTATE[42S22]: Column not found: 1054 Unknown column \'node_id\' in \'field list\'', '1634785789', '3', null);
INSERT INTO `cd_log` VALUES ('309741', 'admin', null, 'http://vuecms.me/admin/Base/getMenu', '127.0.0.1', 'Mozilla/5.0 (Windows NT 10.0; Win64; x64) AppleWebKit/537.36 (KHTML, like Gecko) Chrome/92.0.4515.107 Safari/537.36', '[]', 'SQLSTATE[42S22]: Column not found: 1054 Unknown column \'url\' in \'field list\'', '1634785810', '3', null);
INSERT INTO `cd_log` VALUES ('309742', 'admin', null, 'http://vuecms.me/admin/Base/getRoleMenus', '127.0.0.1', 'Mozilla/5.0 (Windows NT 10.0; Win64; x64) AppleWebKit/537.36 (KHTML, like Gecko) Chrome/92.0.4515.107 Safari/537.36', '[]', 'SQLSTATE[42S22]: Column not found: 1054 Unknown column \'url\' in \'field list\'', '1634793901', '3', null);
INSERT INTO `cd_log` VALUES ('309743', 'admin', null, 'http://vuecms.me/admin/Base/getRoleMenus', '127.0.0.1', 'Mozilla/5.0 (Windows NT 10.0; Win64; x64) AppleWebKit/537.36 (KHTML, like Gecko) Chrome/92.0.4515.107 Safari/537.36', '[]', 'SQLSTATE[42S22]: Column not found: 1054 Unknown column \'url\' in \'field list\'', '1634793922', '3', null);
INSERT INTO `cd_log` VALUES ('309744', 'admin', 'admin', 'http://vuecms.me/admin/Node/add', '127.0.0.1', 'Mozilla/5.0 (Windows NT 10.0; Win64; x64) AppleWebKit/537.36 (KHTML, like Gecko) Chrome/92.0.4515.107 Safari/537.36', '{\"title\":\"\\/admin\\/Membe\\/add.html\",\"type\":2,\"path\":\"\",\"status\":1,\"icon\":\"\",\"pid\":28}', null, '1634794452', '2', null);
INSERT INTO `cd_log` VALUES ('309745', 'admin', 'admin', 'http://vuecms.me/admin/Node/update', '127.0.0.1', 'Mozilla/5.0 (Windows NT 10.0; Win64; x64) AppleWebKit/537.36 (KHTML, like Gecko) Chrome/92.0.4515.107 Safari/537.36', '{\"node_id\":59,\"pid\":28,\"title\":\"添加\",\"type\":2,\"path\":\"\\/admin\\/Membe\\/add.html\",\"status\":1,\"icon\":\"\",\"sortid\":59}', null, '1634794464', '2', null);
INSERT INTO `cd_log` VALUES ('309746', 'admin', 'admin', 'http://vuecms.me/admin/Node/add', '127.0.0.1', 'Mozilla/5.0 (Windows NT 10.0; Win64; x64) AppleWebKit/537.36 (KHTML, like Gecko) Chrome/92.0.4515.107 Safari/537.36', '{\"title\":\"修改\",\"type\":1,\"path\":\"\\/admin\\/Membe\\/update.html\",\"status\":1,\"icon\":\"\",\"pid\":28}', null, '1634794476', '2', null);
INSERT INTO `cd_log` VALUES ('309747', 'admin', 'admin', 'http://vuecms.me/admin/Node/update', '127.0.0.1', 'Mozilla/5.0 (Windows NT 10.0; Win64; x64) AppleWebKit/537.36 (KHTML, like Gecko) Chrome/92.0.4515.107 Safari/537.36', '{\"node_id\":60,\"pid\":28,\"title\":\"修改\",\"type\":2,\"path\":\"\\/admin\\/Membe\\/update.html\",\"status\":1,\"icon\":\"\",\"sortid\":60}', null, '1634794481', '2', null);
INSERT INTO `cd_log` VALUES ('309748', 'admin', 'admin', 'http://vuecms.me/admin/Node/add', '127.0.0.1', 'Mozilla/5.0 (Windows NT 10.0; Win64; x64) AppleWebKit/537.36 (KHTML, like Gecko) Chrome/92.0.4515.107 Safari/537.36', '{\"title\":\"删除\",\"type\":2,\"path\":\"\\/admin\\/Membe\\/delete.html\",\"status\":1,\"icon\":\"\",\"pid\":28}', null, '1634794510', '2', null);
INSERT INTO `cd_log` VALUES ('309749', 'admin', 'admin', 'http://vuecms.me/admin/Role/update', '127.0.0.1', 'Mozilla/5.0 (Windows NT 10.0; Win64; x64) AppleWebKit/537.36 (KHTML, like Gecko) Chrome/92.0.4515.107 Safari/537.36', '{\"role_id\":50,\"name\":\"运营\",\"status\":1,\"description\":\"\",\"access\":[\"\\/admin\\/Index\\/main.html\",\"\\/admin\\/Membe\\/index.html\",\"\\/admin\\/Membe\\/add.html\",\"\\/admin\\/Membe\\/update.html\",\"\\/admin\\/Membe\\/delete.html\"]}', null, '1634794668', '2', null);
INSERT INTO `cd_log` VALUES ('309750', 'admin', 'test01', 'http://vuecms.me/admin/Login/index.html', '127.0.0.1', 'Mozilla/5.0 (Windows NT 10.0; Win64; x64) AppleWebKit/537.36 (KHTML, like Gecko) Chrome/92.0.4515.107 Safari/537.36', null, null, '1634794701', '1', null);
INSERT INTO `cd_log` VALUES ('309751', 'admin', 'admin', 'http://vuecms.me/admin/Login/index.html', '127.0.0.1', 'Mozilla/5.0 (Windows NT 10.0; Win64; x64) AppleWebKit/537.36 (KHTML, like Gecko) Chrome/92.0.4515.107 Safari/537.36', null, null, '1634795751', '1', null);
INSERT INTO `cd_log` VALUES ('309752', 'admin', 'admin', 'http://vuecms.me/admin/Node/update', '127.0.0.1', 'Mozilla/5.0 (Windows NT 10.0; Win64; x64) AppleWebKit/537.36 (KHTML, like Gecko) Chrome/92.0.4515.107 Safari/537.36', '{\"node_id\":54,\"title\":\"节点管理\",\"type\":1,\"path\":\"\\/admin\\/Node\\/index.html\",\"status\":1,\"icon\":\"\",\"sortid\":54,\"pid\":55}', null, '1634795943', '2', null);
INSERT INTO `cd_log` VALUES ('309753', 'admin', 'admin', 'http://vuecms.me/admin/Node/add', '127.0.0.1', 'Mozilla/5.0 (Windows NT 10.0; Win64; x64) AppleWebKit/537.36 (KHTML, like Gecko) Chrome/92.0.4515.107 Safari/537.36', '{\"title\":\"内容模型\",\"type\":1,\"path\":\"\\/admin\\/Sys.Base\\/menu\",\"status\":1,\"icon\":\"\",\"pid\":46}', null, '1634796759', '2', null);
INSERT INTO `cd_log` VALUES ('309754', 'admin', null, 'http://vuecms.me/admin/Car/index', '127.0.0.1', 'Mozilla/5.0 (Windows NT 10.0; Win64; x64) AppleWebKit/537.36 (KHTML, like Gecko) Chrome/92.0.4515.107 Safari/537.36', '{\"limit\":20,\"page\":1,\"membe_id\":\"30\",\"jumpstate\":\"1\"}', 'SQLSTATE[42S02]: Base table or view not found: 1146 Table \'vuecms.cd_car\' doesn\'t exist', '1634799832', '3', null);
INSERT INTO `cd_log` VALUES ('309755', 'admin', 'admin', 'http://vuecms.me/admin/Node/update', '127.0.0.1', 'Mozilla/5.0 (Windows NT 10.0; Win64; x64) AppleWebKit/537.36 (KHTML, like Gecko) Chrome/92.0.4515.107 Safari/537.36', '{\"node_id\":34,\"pid\":29,\"title\":\"时间格式\",\"type\":1,\"path\":\"\\/admin\\/Times\\/index.html\",\"status\":1,\"icon\":\"\",\"sortid\":34}', null, '1634800111', '2', null);
INSERT INTO `cd_log` VALUES ('309756', 'admin', 'admin', 'http://vuecms.me/admin/Cms.Catagory/delete', '127.0.0.1', 'Mozilla/5.0 (Windows NT 10.0; Win64; x64) AppleWebKit/537.36 (KHTML, like Gecko) Chrome/92.0.4515.107 Safari/537.36', '{\"class_id\":21}', null, '1634801582', '2', null);
INSERT INTO `cd_log` VALUES ('309757', 'admin', 'admin', 'http://vuecms.me/admin/Cms.Catagory/delete', '127.0.0.1', 'Mozilla/5.0 (Windows NT 10.0; Win64; x64) AppleWebKit/537.36 (KHTML, like Gecko) Chrome/92.0.4515.107 Safari/537.36', '{\"class_id\":20}', null, '1634801587', '2', null);
INSERT INTO `cd_log` VALUES ('309758', 'index', null, 'http://vuecms.me/index', '127.0.0.1', 'Mozilla/5.0 (Windows NT 10.0; Win64; x64) AppleWebKit/537.36 (KHTML, like Gecko) Chrome/92.0.4515.107 Safari/537.36', '[]', 'SQLSTATE[42S02]: Base table or view not found: 1146 Table \'vuecms.cd_banner\' doesn\'t exist', '1634802397', '3', null);
INSERT INTO `cd_log` VALUES ('309759', 'admin', 'admin', 'http://vuecms.me/admin/Link.Linkcata/update', '127.0.0.1', 'Mozilla/5.0 (Windows NT 10.0; Win64; x64) AppleWebKit/537.36 (KHTML, like Gecko) Chrome/92.0.4515.107 Safari/537.36', '{\"linkcata_id\":4,\"class_name\":\"首页banner\",\"status\":1,\"jdt\":48}', null, '1634802794', '2', null);
INSERT INTO `cd_log` VALUES ('309760', 'admin', 'admin', 'http://vuecms.me/admin/Link.Link/update', '127.0.0.1', 'Mozilla/5.0 (Windows NT 10.0; Win64; x64) AppleWebKit/537.36 (KHTML, like Gecko) Chrome/92.0.4515.107 Safari/537.36', '{\"link_id\":1,\"title\":\"banner1\",\"url\":\"http:\\/\\/taobao.com\",\"linkcata_id\":4,\"logo\":\"http:\\/\\/vue.whpj.vip\\/uploads\\/admin\\/202105\\/60af904d14069.jpg\",\"status\":1,\"sortid\":1,\"create_time\":\"2021-05-27 21:17:44\"}', null, '1634802850', '2', null);
INSERT INTO `cd_log` VALUES ('309761', 'admin', 'admin', 'http://vuecms.me/admin/Link.Link/update', '127.0.0.1', 'Mozilla/5.0 (Windows NT 10.0; Win64; x64) AppleWebKit/537.36 (KHTML, like Gecko) Chrome/92.0.4515.107 Safari/537.36', '{\"link_id\":1,\"title\":\"banner1\",\"url\":\"http:\\/\\/taobao.com\",\"linkcata_id\":4,\"logo\":\"\\/uploads\\/admin\\/202110\\/61711f28cc755.jpg\",\"status\":1,\"sortid\":1,\"create_time\":\"2021-05-27 21:17:44\"}', null, '1634803498', '2', null);
INSERT INTO `cd_log` VALUES ('309762', 'admin', 'admin', 'http://vuecms.me/admin/Link.Link/update', '127.0.0.1', 'Mozilla/5.0 (Windows NT 10.0; Win64; x64) AppleWebKit/537.36 (KHTML, like Gecko) Chrome/92.0.4515.107 Safari/537.36', '{\"link_id\":2,\"title\":\"banner2\",\"url\":\"http:\\/\\/souhu.com\",\"linkcata_id\":2,\"logo\":\"\\/uploads\\/admin\\/202110\\/61711f28cc755.jpg\",\"status\":1,\"sortid\":2,\"create_time\":\"2021-05-27 21:19:46\"}', null, '1634803513', '2', null);
INSERT INTO `cd_log` VALUES ('309763', 'admin', 'admin', 'http://vuecms.me/admin/Link.Link/update', '127.0.0.1', 'Mozilla/5.0 (Windows NT 10.0; Win64; x64) AppleWebKit/537.36 (KHTML, like Gecko) Chrome/92.0.4515.107 Safari/537.36', '{\"link_id\":1,\"title\":\"banner1\",\"url\":\"http:\\/\\/taobao.com\",\"linkcata_id\":4,\"logo\":\"\\/uploads\\/admin\\/202110\\/61711f3fd4789.jpg\",\"status\":1,\"sortid\":1,\"create_time\":\"2021-05-27 21:17:44\"}', null, '1634803520', '2', null);
INSERT INTO `cd_log` VALUES ('309764', 'admin', 'admin', 'http://vuecms.me/admin/Link.Link/update', '127.0.0.1', 'Mozilla/5.0 (Windows NT 10.0; Win64; x64) AppleWebKit/537.36 (KHTML, like Gecko) Chrome/92.0.4515.107 Safari/537.36', '{\"link_id\":2,\"title\":\"banner2\",\"url\":\"http:\\/\\/souhu.com\",\"linkcata_id\":4,\"logo\":\"\\/uploads\\/admin\\/202110\\/61711f28cc755.jpg\",\"status\":1,\"sortid\":2,\"create_time\":\"2021-05-27 21:19:46\"}', null, '1634803807', '2', null);
INSERT INTO `cd_log` VALUES ('309765', 'admin', 'admin', 'http://vuecms.me/admin/Cms.Frament/update', '127.0.0.1', 'Mozilla/5.0 (Windows NT 10.0; Win64; x64) AppleWebKit/537.36 (KHTML, like Gecko) Chrome/92.0.4515.107 Safari/537.36', '{\"frament_id\":3,\"title\":\"首页联系我们\",\"content\":\"<p>深圳市XXX电子有限公司<\\/p><p>地址：深圳市福田区深南中路南光捷佳大厦<\\/p><p>电话：0755-8394383<\\/p><p>传真：0755-8300099<\\/p><p>邮箱：40529079@qq.com<\\/p>\"}', null, '1634803905', '2', null);
INSERT INTO `cd_log` VALUES ('309766', 'admin', 'admin', 'http://vuecms.me/admin/Cms.Frament/update', '127.0.0.1', 'Mozilla/5.0 (Windows NT 10.0; Win64; x64) AppleWebKit/537.36 (KHTML, like Gecko) Chrome/92.0.4515.107 Safari/537.36', '{\"frament_id\":2,\"title\":\"底部版权\",\"content\":\"<p>Copyright 2005-2021 深圳XXX飞讯电子有限公司&nbsp; All rights reserved<br\\/><\\/p>\"}', null, '1634804057', '2', null);
INSERT INTO `cd_log` VALUES ('309767', 'admin', 'admin', 'http://vuecms.me/admin/Cms.Frament/update', '127.0.0.1', 'Mozilla/5.0 (Windows NT 10.0; Win64; x64) AppleWebKit/537.36 (KHTML, like Gecko) Chrome/92.0.4515.107 Safari/537.36', '{\"frament_id\":1,\"title\":\"首页简介\"}', null, '1634804122', '2', null);
INSERT INTO `cd_log` VALUES ('309768', 'admin', 'admin', 'http://vuecms.me/admin/Cms.Content/update', '127.0.0.1', 'Mozilla/5.0 (Windows NT 10.0; Win64; x64) AppleWebKit/537.36 (KHTML, like Gecko) Chrome/92.0.4515.107 Safari/537.36', '{\"content_id\":74,\"title\":\"公司简介（自定义的内容模型）\",\"class_id\":7,\"pic\":\"\\/uploads\\/admin\\/201912\\/5df20c64cc022.jpg\",\"status\":1,\"position\":[],\"jumpurl\":\"\",\"create_time\":\"2019-10-29 14:24:58\",\"author\":\"\",\"keyword\":[],\"description\":\"\",\"sortid\":74,\"views\":\"\"}', null, '1634804188', '2', null);
INSERT INTO `cd_log` VALUES ('309769', 'admin', 'admin', 'http://vuecms.me/admin/Cms.Content/update', '127.0.0.1', 'Mozilla/5.0 (Windows NT 10.0; Win64; x64) AppleWebKit/537.36 (KHTML, like Gecko) Chrome/92.0.4515.107 Safari/537.36', '{\"content_id\":25,\"title\":\"联系我们\",\"class_id\":12,\"pic\":\"\",\"status\":1,\"position\":[],\"jumpurl\":\"\",\"create_time\":\"2019-03-17 19:45:05\",\"author\":\"\",\"keyword\":[],\"description\":\"\",\"sortid\":25,\"views\":\"\"}', null, '1634804243', '2', null);
INSERT INTO `cd_log` VALUES ('309770', 'admin', 'admin', 'http://vuecms.me/admin/Cms.Content/update', '127.0.0.1', 'Mozilla/5.0 (Windows NT 10.0; Win64; x64) AppleWebKit/537.36 (KHTML, like Gecko) Chrome/92.0.4515.107 Safari/537.36', '{\"content_id\":23,\"title\":\"概论高清、网络化视频存储要求\",\"class_id\":9,\"pic\":\"\",\"status\":1,\"position\":[],\"jumpurl\":\"\",\"create_time\":\"2021-08-08 20:56:27\",\"author\":\"\",\"keyword\":[],\"description\":\"\",\"sortid\":23,\"views\":648}', null, '1634804492', '2', null);
INSERT INTO `cd_log` VALUES ('309771', 'admin', 'admin', 'http://vuecms.me/admin/Cms.Content/update', '127.0.0.1', 'Mozilla/5.0 (Windows NT 10.0; Win64; x64) AppleWebKit/537.36 (KHTML, like Gecko) Chrome/92.0.4515.107 Safari/537.36', '{\"content_id\":22,\"title\":\"英特尔收购QLogic旗下InfiniBand业务\",\"class_id\":9,\"pic\":\"\",\"status\":1,\"position\":[],\"jumpurl\":\"\",\"create_time\":\"2021-08-08 20:56:34\",\"author\":\"\",\"keyword\":[],\"description\":\"\",\"sortid\":22,\"views\":286}', null, '1634804496', '2', null);
INSERT INTO `cd_log` VALUES ('309772', 'admin', 'admin', 'http://vuecms.me/admin/Cms.Content/update', '127.0.0.1', 'Mozilla/5.0 (Windows NT 10.0; Win64; x64) AppleWebKit/537.36 (KHTML, like Gecko) Chrome/92.0.4515.107 Safari/537.36', '{\"content_id\":21,\"title\":\"LSI增强MgaRAID闪存卡更贴近超大规模环境\",\"class_id\":9,\"pic\":\"\",\"status\":1,\"position\":[],\"jumpurl\":\"\",\"create_time\":\"2021-08-08 20:56:42\",\"author\":\"\",\"keyword\":[],\"description\":\"\",\"sortid\":21,\"views\":117}', null, '1634804501', '2', null);
INSERT INTO `cd_log` VALUES ('309773', 'admin', 'admin', 'http://vuecms.me/admin/Cms.Content/update', '127.0.0.1', 'Mozilla/5.0 (Windows NT 10.0; Win64; x64) AppleWebKit/537.36 (KHTML, like Gecko) Chrome/92.0.4515.107 Safari/537.36', '{\"content_id\":20,\"title\":\"PMC亮相IDF 展示12G SAS分层存储方案\",\"class_id\":9,\"pic\":\"\",\"status\":1,\"position\":[],\"jumpurl\":\"\",\"create_time\":\"2021-08-08 20:56:53\",\"author\":\"\",\"keyword\":[],\"description\":\"\",\"sortid\":20,\"views\":72}', null, '1634804506', '2', null);
INSERT INTO `cd_log` VALUES ('309774', 'admin', 'admin', 'http://vuecms.me/admin/Cms.Content/update', '127.0.0.1', 'Mozilla/5.0 (Windows NT 10.0; Win64; x64) AppleWebKit/537.36 (KHTML, like Gecko) Chrome/92.0.4515.107 Safari/537.36', '{\"content_id\":19,\"title\":\"Emulex宣布最新产品将支持OCP开放计算项目\",\"class_id\":9,\"pic\":\"\",\"status\":1,\"position\":[],\"jumpurl\":\"\",\"create_time\":\"2021-08-08 20:57:03\",\"author\":\"\",\"keyword\":[],\"description\":\"\",\"sortid\":19,\"views\":33}', null, '1634804510', '2', null);
INSERT INTO `cd_log` VALUES ('309775', 'admin', 'admin', 'http://vuecms.me/admin/Cms.Content/update', '127.0.0.1', 'Mozilla/5.0 (Windows NT 10.0; Win64; x64) AppleWebKit/537.36 (KHTML, like Gecko) Chrome/92.0.4515.107 Safari/537.36', '{\"content_id\":18,\"title\":\"Emulex为惠普ProLiant交付16GFC夹层HBA\",\"class_id\":9,\"pic\":\"\",\"status\":1,\"position\":[],\"jumpurl\":\"\",\"create_time\":\"2021-08-08 20:57:12\",\"author\":\"\",\"keyword\":[],\"description\":\"\",\"sortid\":18,\"views\":24}', null, '1634804515', '2', null);
INSERT INTO `cd_log` VALUES ('309776', 'admin', 'admin', 'http://vuecms.me/admin/Cms.Content/update', '127.0.0.1', 'Mozilla/5.0 (Windows NT 10.0; Win64; x64) AppleWebKit/537.36 (KHTML, like Gecko) Chrome/92.0.4515.107 Safari/537.36', '{\"content_id\":17,\"title\":\"Emulex为戴尔PowerEdge提供高性能虚拟化和可扩展性\",\"class_id\":9,\"pic\":\"\",\"status\":1,\"position\":[],\"jumpurl\":\"\",\"create_time\":\"2021-08-08 20:57:22\",\"author\":\"\",\"keyword\":[],\"description\":\"\",\"sortid\":17,\"views\":26}', null, '1634804520', '2', null);
INSERT INTO `cd_log` VALUES ('309777', 'admin', 'admin', 'http://vuecms.me/admin/Cms.Content/update', '127.0.0.1', 'Mozilla/5.0 (Windows NT 10.0; Win64; x64) AppleWebKit/537.36 (KHTML, like Gecko) Chrome/92.0.4515.107 Safari/537.36', '{\"content_id\":16,\"title\":\"Emulex第五代FC HBA实现230万IOPS！\",\"class_id\":20,\"pic\":\"\",\"status\":1,\"position\":[],\"jumpurl\":\"\",\"create_time\":\"2019-03-17 19:34:36\",\"author\":\"\",\"keyword\":[],\"description\":\"\",\"sortid\":16,\"views\":51}', null, '1634804525', '2', null);
INSERT INTO `cd_log` VALUES ('309778', 'admin', 'admin', 'http://vuecms.me/admin/Cms.Content/delete', '127.0.0.1', 'Mozilla/5.0 (Windows NT 10.0; Win64; x64) AppleWebKit/537.36 (KHTML, like Gecko) Chrome/92.0.4515.107 Safari/537.36', '{\"content_id\":27}', null, '1634804529', '2', null);
INSERT INTO `cd_log` VALUES ('309779', 'admin', 'admin', 'http://vuecms.me/admin/Cms.Content/delete', '127.0.0.1', 'Mozilla/5.0 (Windows NT 10.0; Win64; x64) AppleWebKit/537.36 (KHTML, like Gecko) Chrome/92.0.4515.107 Safari/537.36', '{\"content_id\":28}', null, '1634804534', '2', null);
INSERT INTO `cd_log` VALUES ('309780', 'admin', 'admin', 'http://vuecms.me/admin/Cms.Content/update', '127.0.0.1', 'Mozilla/5.0 (Windows NT 10.0; Win64; x64) AppleWebKit/537.36 (KHTML, like Gecko) Chrome/92.0.4515.107 Safari/537.36', '{\"content_id\":72,\"title\":\"测试标题\",\"class_id\":13,\"pic\":\"\\/uploads\\/admin\\/202110\\/617125c9dc3be.jpg\",\"detail\":\"<p>测试内容<\\/p>\",\"status\":1,\"position\":[\"1\"],\"jumpurl\":\"\",\"create_time\":\"2019-05-01 11:59:04\",\"author\":\"admin\",\"keyword\":[],\"description\":\"\",\"sortid\":72,\"views\":218}', null, '1634805201', '2', null);
INSERT INTO `cd_log` VALUES ('309781', 'admin', 'admin', 'http://vuecms.me/admin/Cms.Content/update', '127.0.0.1', 'Mozilla/5.0 (Windows NT 10.0; Win64; x64) AppleWebKit/537.36 (KHTML, like Gecko) Chrome/92.0.4515.107 Safari/537.36', '{\"content_id\":68,\"title\":\"测试信息1\",\"class_id\":13,\"pic\":\"\\/uploads\\/admin\\/202110\\/617125d78c10d.jpg\",\"detail\":\"<p>当时都是多所<\\/p>\",\"status\":1,\"position\":[\"2\"],\"jumpurl\":\"\",\"create_time\":\"2018-01-01 08:33:39\",\"author\":\"\",\"keyword\":[],\"description\":\"\",\"sortid\":68,\"views\":128}', null, '1634805208', '2', null);
INSERT INTO `cd_log` VALUES ('309782', 'admin', 'admin', 'http://vuecms.me/admin/Cms.Content/update', '127.0.0.1', 'Mozilla/5.0 (Windows NT 10.0; Win64; x64) AppleWebKit/537.36 (KHTML, like Gecko) Chrome/92.0.4515.107 Safari/537.36', '{\"content_id\":66,\"title\":\"产品标题\",\"class_id\":13,\"pic\":\"\\/uploads\\/admin\\/202110\\/617125dd86b5f.jpg\",\"detail\":\"\",\"status\":1,\"position\":[\"1\",\"2\"],\"jumpurl\":\"\",\"create_time\":\"2019-04-23 13:43:34\",\"author\":\"\",\"keyword\":[],\"description\":\"\",\"sortid\":66,\"views\":122}', null, '1634805214', '2', null);
INSERT INTO `cd_log` VALUES ('309783', 'admin', 'admin', 'http://vuecms.me/admin/Cms.Content/update', '127.0.0.1', 'Mozilla/5.0 (Windows NT 10.0; Win64; x64) AppleWebKit/537.36 (KHTML, like Gecko) Chrome/92.0.4515.107 Safari/537.36', '{\"content_id\":65,\"title\":\"产品标题\",\"class_id\":13,\"pic\":\"\\/uploads\\/admin\\/202110\\/617125e3d6b57.jpg\",\"detail\":\"\",\"status\":1,\"position\":[\"1\"],\"jumpurl\":\"\",\"create_time\":\"2019-04-23 13:43:11\",\"author\":\"\",\"keyword\":[],\"description\":\"\",\"sortid\":65,\"views\":36}', null, '1634805221', '2', null);
INSERT INTO `cd_log` VALUES ('309784', 'admin', 'admin', 'http://vuecms.me/admin/Cms.Content/update', '127.0.0.1', 'Mozilla/5.0 (Windows NT 10.0; Win64; x64) AppleWebKit/537.36 (KHTML, like Gecko) Chrome/92.0.4515.107 Safari/537.36', '{\"content_id\":64,\"title\":\"产品标题\",\"class_id\":13,\"pic\":\"\\/uploads\\/admin\\/202110\\/617125ec3fa76.jpg\",\"detail\":\"\",\"status\":1,\"position\":[\"1\"],\"jumpurl\":\"\",\"create_time\":\"2019-04-23 13:39:47\",\"author\":\"\",\"keyword\":[],\"description\":\"\",\"sortid\":64,\"views\":41}', null, '1634805229', '2', null);
INSERT INTO `cd_log` VALUES ('309785', 'admin', 'admin', 'http://vuecms.me/admin/Cms.Content/update', '127.0.0.1', 'Mozilla/5.0 (Windows NT 10.0; Win64; x64) AppleWebKit/537.36 (KHTML, like Gecko) Chrome/92.0.4515.107 Safari/537.36', '{\"content_id\":62,\"title\":\"产品标题\",\"class_id\":13,\"pic\":\"\\/uploads\\/admin\\/202110\\/617125fed958d.jpg\",\"detail\":\"\",\"status\":1,\"position\":[],\"jumpurl\":\"\",\"create_time\":\"2019-04-23 13:38:46\",\"author\":\"\",\"keyword\":[],\"description\":\"\",\"sortid\":62,\"views\":22}', null, '1634805248', '2', null);
INSERT INTO `cd_log` VALUES ('309786', 'admin', 'admin', 'http://vuecms.me/admin/Cms.Content/update', '127.0.0.1', 'Mozilla/5.0 (Windows NT 10.0; Win64; x64) AppleWebKit/537.36 (KHTML, like Gecko) Chrome/92.0.4515.107 Safari/537.36', '{\"content_id\":61,\"title\":\"产品标题\",\"class_id\":13,\"pic\":\"\\/uploads\\/admin\\/202110\\/6171260615257.jpg\",\"detail\":\"\",\"status\":1,\"position\":[],\"jumpurl\":\"\",\"create_time\":\"2019-04-23 13:38:23\",\"author\":\"\",\"keyword\":[],\"description\":\"\",\"sortid\":61,\"views\":9}', null, '1634805255', '2', null);
INSERT INTO `cd_log` VALUES ('309787', 'admin', 'admin', 'http://vuecms.me/admin/Cms.Content/update', '127.0.0.1', 'Mozilla/5.0 (Windows NT 10.0; Win64; x64) AppleWebKit/537.36 (KHTML, like Gecko) Chrome/92.0.4515.107 Safari/537.36', '{\"content_id\":60,\"title\":\"产品标题\",\"class_id\":13,\"pic\":\"\\/uploads\\/admin\\/202110\\/6171260da550e.jpg\",\"detail\":\"\",\"status\":1,\"position\":[],\"jumpurl\":\"\",\"create_time\":\"2019-04-23 13:37:40\",\"author\":\"\",\"keyword\":[],\"description\":\"\",\"sortid\":60,\"views\":6}', null, '1634805262', '2', null);
INSERT INTO `cd_log` VALUES ('309788', 'admin', 'admin', 'http://vuecms.me/admin/Cms.Content/update', '127.0.0.1', 'Mozilla/5.0 (Windows NT 10.0; Win64; x64) AppleWebKit/537.36 (KHTML, like Gecko) Chrome/92.0.4515.107 Safari/537.36', '{\"content_id\":58,\"title\":\"产品标题\",\"class_id\":13,\"pic\":\"\\/uploads\\/admin\\/202110\\/61712623f27a7.jpg\",\"detail\":\"\",\"status\":1,\"position\":[],\"jumpurl\":\"\",\"create_time\":\"2019-04-23 13:34:43\",\"author\":\"\",\"keyword\":[],\"description\":\"\",\"sortid\":58,\"views\":10}', null, '1634805285', '2', null);
INSERT INTO `cd_log` VALUES ('309789', 'admin', 'admin', 'http://vuecms.me/admin/Cms.Content/update', '127.0.0.1', 'Mozilla/5.0 (Windows NT 10.0; Win64; x64) AppleWebKit/537.36 (KHTML, like Gecko) Chrome/92.0.4515.107 Safari/537.36', '{\"content_id\":57,\"title\":\"产品标题\",\"class_id\":13,\"pic\":\"\\/uploads\\/admin\\/202110\\/6171262a6c418.jpg\",\"detail\":\"\",\"status\":1,\"position\":[],\"jumpurl\":\"\",\"create_time\":\"2019-04-23 12:22:25\",\"author\":\"\",\"keyword\":[],\"description\":\"\",\"sortid\":57,\"views\":10}', null, '1634805291', '2', null);
INSERT INTO `cd_log` VALUES ('309790', 'admin', 'admin', 'http://vuecms.me/admin/Cms.Content/update', '127.0.0.1', 'Mozilla/5.0 (Windows NT 10.0; Win64; x64) AppleWebKit/537.36 (KHTML, like Gecko) Chrome/92.0.4515.107 Safari/537.36', '{\"content_id\":36,\"title\":\"LSI 9271-8i 阵列卡\",\"class_id\":13,\"pic\":\"\\/uploads\\/admin\\/202110\\/617126559c0b1.jpg\",\"detail\":\"\",\"status\":1,\"position\":[],\"jumpurl\":\"\",\"create_time\":\"2019-03-17 22:10:42\",\"author\":\"\",\"keyword\":[],\"description\":\"\",\"sortid\":36,\"views\":19}', null, '1634805334', '2', null);
INSERT INTO `cd_log` VALUES ('309791', 'admin', 'admin', 'http://vuecms.me/admin/Cms.Content/update', '127.0.0.1', 'Mozilla/5.0 (Windows NT 10.0; Win64; x64) AppleWebKit/537.36 (KHTML, like Gecko) Chrome/92.0.4515.107 Safari/537.36', '{\"content_id\":35,\"title\":\"LSI 9380-4i4e 内外接卡\",\"class_id\":13,\"pic\":\"\\/uploads\\/admin\\/202110\\/6171265ee846b.jpg\",\"detail\":\"\",\"status\":1,\"position\":[],\"jumpurl\":\"\",\"create_time\":\"2019-03-17 22:10:12\",\"author\":\"\",\"keyword\":[],\"description\":\"\",\"sortid\":35,\"views\":4}', null, '1634805343', '2', null);
INSERT INTO `cd_log` VALUES ('309792', 'admin', 'admin', 'http://vuecms.me/admin/Cms.Content/update', '127.0.0.1', 'Mozilla/5.0 (Windows NT 10.0; Win64; x64) AppleWebKit/537.36 (KHTML, like Gecko) Chrome/92.0.4515.107 Safari/537.36', '{\"content_id\":74,\"title\":\"公司简介（自定义的内容模型）\",\"class_id\":7,\"pic\":\"\\/uploads\\/admin\\/201912\\/5df20c64cc022.jpg\",\"status\":1,\"position\":[],\"jumpurl\":\"\",\"create_time\":\"2019-10-29 14:24:58\",\"author\":\"\",\"keyword\":[],\"description\":\"\",\"sortid\":74,\"views\":\"\"}', null, '1634805422', '2', null);
INSERT INTO `cd_log` VALUES ('309793', 'admin', 'admin', 'http://vuecms.me/admin/Cms.Content/update', '127.0.0.1', 'Mozilla/5.0 (Windows NT 10.0; Win64; x64) AppleWebKit/537.36 (KHTML, like Gecko) Chrome/92.0.4515.107 Safari/537.36', '{\"content_id\":74,\"title\":\"公司简介\",\"class_id\":7,\"pic\":\"\\/uploads\\/admin\\/201912\\/5df20c64cc022.jpg\",\"status\":1,\"position\":[],\"jumpurl\":\"\",\"create_time\":\"2019-10-29 14:24:58\",\"author\":\"\",\"keyword\":[],\"description\":\"\",\"sortid\":74,\"views\":\"\"}', null, '1634805869', '2', null);
INSERT INTO `cd_log` VALUES ('309794', 'admin', null, 'http://vuecms.me/admin/Cms.Catagory/getInfo', '127.0.0.1', 'Mozilla/5.0 (Windows NT 10.0; Win64; x64) AppleWebKit/537.36 (KHTML, like Gecko) Chrome/92.0.4515.107 Safari/537.36', '{\"class_id\":0,\"type\":1}', 'SQLSTATE[42S02]: Base table or view not found: 1146 Table \'vuecms.cd_application\' doesn\'t exist', '1634806347', '3', null);
INSERT INTO `cd_log` VALUES ('309795', 'admin', null, 'http://vuecms.me/admin/Cms.Catagory/getInfo', '127.0.0.1', 'Mozilla/5.0 (Windows NT 10.0; Win64; x64) AppleWebKit/537.36 (KHTML, like Gecko) Chrome/92.0.4515.107 Safari/537.36', '{\"class_id\":0,\"type\":1}', 'SQLSTATE[42S02]: Base table or view not found: 1146 Table \'vuecms.cd_application\' doesn\'t exist', '1634806348', '3', null);
INSERT INTO `cd_log` VALUES ('309796', 'admin', null, 'http://vuecms.me/admin/Cms.Catagory/getInfo', '127.0.0.1', 'Mozilla/5.0 (Windows NT 10.0; Win64; x64) AppleWebKit/537.36 (KHTML, like Gecko) Chrome/92.0.4515.107 Safari/537.36', '{\"class_id\":0,\"type\":1}', 'SQLSTATE[42S02]: Base table or view not found: 1146 Table \'vuecms.cd_application\' doesn\'t exist', '1634806349', '3', null);
INSERT INTO `cd_log` VALUES ('309797', 'admin', null, 'http://vuecms.me/admin/Cms.Catagory/getInfo', '127.0.0.1', 'Mozilla/5.0 (Windows NT 10.0; Win64; x64) AppleWebKit/537.36 (KHTML, like Gecko) Chrome/92.0.4515.107 Safari/537.36', '{\"class_id\":0,\"type\":1}', 'SQLSTATE[42S02]: Base table or view not found: 1146 Table \'vuecms.cd_application\' doesn\'t exist', '1634806349', '3', null);
INSERT INTO `cd_log` VALUES ('309798', 'admin', null, 'http://vuecms.me/admin/Cms.Catagory/getInfo', '127.0.0.1', 'Mozilla/5.0 (Windows NT 10.0; Win64; x64) AppleWebKit/537.36 (KHTML, like Gecko) Chrome/92.0.4515.107 Safari/537.36', '{\"class_id\":0,\"type\":1}', 'SQLSTATE[42S02]: Base table or view not found: 1146 Table \'vuecms.cd_application\' doesn\'t exist', '1634806357', '3', null);
INSERT INTO `cd_log` VALUES ('309799', 'admin', null, 'http://vuecms.me/admin/Cms.Catagory/getInfo', '127.0.0.1', 'Mozilla/5.0 (Windows NT 10.0; Win64; x64) AppleWebKit/537.36 (KHTML, like Gecko) Chrome/92.0.4515.107 Safari/537.36', '{\"class_id\":0,\"type\":1}', 'SQLSTATE[42S02]: Base table or view not found: 1146 Table \'vuecms.cd_application\' doesn\'t exist', '1634806423', '3', null);
INSERT INTO `cd_log` VALUES ('309800', 'admin', 'admin', 'http://vuecms.me/admin/Cms.Catagory/add', '127.0.0.1', 'Mozilla/5.0 (Windows NT 10.0; Win64; x64) AppleWebKit/537.36 (KHTML, like Gecko) Chrome/92.0.4515.107 Safari/537.36', '{\"type\":1,\"status\":1,\"filename\":\"index.html\",\"list_tpl\":\"list\",\"detail_tpl\":\"\",\"keyword\":[],\"class_name\":\"内容模型测试\",\"module_id\":1054}', null, '1634806567', '2', null);
INSERT INTO `cd_log` VALUES ('309801', 'admin', null, 'http://vuecms.me/admin/Cms.Catagory/getInfo', '127.0.0.1', 'Mozilla/5.0 (Windows NT 10.0; Win64; x64) AppleWebKit/537.36 (KHTML, like Gecko) Chrome/92.0.4515.107 Safari/537.36', '{\"class_id\":22,\"type\":2}', 'SQLSTATE[42S22]: Column not found: 1054 Unknown column \'upload_config_id\' in \'field list\'', '1634806616', '3', null);
INSERT INTO `cd_log` VALUES ('309802', 'admin', null, 'http://vuecms.me/admin/Cms.Catagory/getInfo', '127.0.0.1', 'Mozilla/5.0 (Windows NT 10.0; Win64; x64) AppleWebKit/537.36 (KHTML, like Gecko) Chrome/92.0.4515.107 Safari/537.36', '{\"class_id\":22,\"type\":2}', 'SQLSTATE[42S22]: Column not found: 1054 Unknown column \'upload_config_id\' in \'field list\'', '1634806617', '3', null);
INSERT INTO `cd_log` VALUES ('309803', 'admin', null, 'http://vuecms.me/admin/Cms.Catagory/getInfo', '127.0.0.1', 'Mozilla/5.0 (Windows NT 10.0; Win64; x64) AppleWebKit/537.36 (KHTML, like Gecko) Chrome/92.0.4515.107 Safari/537.36', '{\"class_id\":22,\"type\":2}', 'SQLSTATE[42S22]: Column not found: 1054 Unknown column \'upload_config_id\' in \'field list\'', '1634806721', '3', null);
INSERT INTO `cd_log` VALUES ('309804', 'admin', null, 'http://vuecms.me/admin/Cms.Catagory/getInfo', '127.0.0.1', 'Mozilla/5.0 (Windows NT 10.0; Win64; x64) AppleWebKit/537.36 (KHTML, like Gecko) Chrome/92.0.4515.107 Safari/537.36', '{\"class_id\":22,\"type\":2}', 'SQLSTATE[42S22]: Column not found: 1054 Unknown column \'upload_config_id\' in \'field list\'', '1634806727', '3', null);
INSERT INTO `cd_log` VALUES ('309805', 'admin', 'admin', 'http://vuecms.me/admin/Cms.Catagory/update', '127.0.0.1', 'Mozilla/5.0 (Windows NT 10.0; Win64; x64) AppleWebKit/537.36 (KHTML, like Gecko) Chrome/92.0.4515.107 Safari/537.36', '{\"class_id\":22,\"pid\":null,\"class_name\":\"内容模型测试\",\"subtitle\":null,\"type\":1,\"list_tpl\":\"list\",\"detail_tpl\":\"view\",\"pic\":null,\"keyword\":[],\"description\":null,\"jumpurl\":null,\"status\":null,\"sortid\":22,\"filepath\":null,\"filename\":\"index.html\",\"module_id\":1054,\"upload_config_id\":null}', null, '1634806782', '2', null);
INSERT INTO `cd_log` VALUES ('309806', 'admin', 'admin', 'http://vuecms.me/admin/Cms.Content/add', '127.0.0.1', 'Mozilla/5.0 (Windows NT 10.0; Win64; x64) AppleWebKit/537.36 (KHTML, like Gecko) Chrome/92.0.4515.107 Safari/537.36', '{\"title\":\"带内容模型的文章测试\",\"pic\":\"\",\"detail\":\"<p>内容模型<\\/p>\",\"status\":1,\"position\":[],\"jumpurl\":\"\",\"create_time\":\"\",\"keyword\":[],\"description\":\"\",\"views\":0,\"author\":\"\",\"subtitle\":\"\",\"class_id\":22,\"jzd\":[{\"key\":\"A\",\"val\":\"中国\"},{\"key\":\"B\",\"val\":\"美国\"},{\"key\":\"C\",\"val\":\"法国\"}],\"xldx\":[\"1\",\"2\"],\"kg\":1,\"jsq\":3223,\"hk\":9,\"titlea\":\"文本框\",\"xld\":1,\"dxk\":1,\"wby\":\"测试内容\",\"rqk\":\"2021-10-20T16:00:00.000Z\",\"rqfw\":[\"2021-10-20T16:00:00.000Z\",\"2021-10-21T16:00:00.000Z\"],\"dt\":\"http:\\/\\/vue.whpj.vip\\/uploads\\/admin\\/202105\\/60af91ffbd6f8.jpg\",\"dt2\":\"http:\\/\\/vue.whpj.vip\\/uploads\\/admin\\/202105\\/60af8d85f101d.jpg\",\"images\":[{\"url\":\"http:\\/\\/vue.whpj.vip\\/uploads\\/admin\\/202105\\/60af8d85f101d.jpg\",\"name\":\"a5 - 副本 (2).jpg\"},{\"url\":\"http:\\/\\/vue.whpj.vip\\/uploads\\/admin\\/202105\\/60af94abc6d3a.jpg\",\"name\":\"a4 - 副本.jpg\"}],\"file\":\"http:\\/\\/vue.whpj.vip\\/uploads\\/admin\\/202105\\/60af91ffbd6f8.jpg\",\"files\":[{\"url\":\"http:\\/\\/vue.whpj.vip\\/uploads\\/admin\\/202105\\/60af8d85f101d.jpg\",\"name\":\"a5 - 副本 (2).jpg\"}],\"bq\":[\"vueamdin\",\"快速生成\",\"不写一行代码\"],\"color\":\"rgba(186, 93, 93, 1)\",\"ssq\":[\"河北省\",\"秦皇岛市\",\"北戴河区\"],\"bddt\":\"{\\\"address\\\":\\\"武汉市江岸区中国光大银行(武汉分行)\\\",\\\"lng\\\":114.306226,\\\"lat\\\":30.586742}\",\"gddt\":\"{\\\"address\\\":\\\"湖北省武汉市江岸区一元街街道顺丰洋行旧址时代广场(兰陵路)\\\",\\\"lng\\\":114.301876,\\\"lat\\\":30.586189}\",\"txdt\":\"{\\\"address\\\":\\\"湖北省武汉市洪山区珞狮路特1号丽岛花园\\\",\\\"lng\\\":114.347031,\\\"lat\\\":30.501236}\",\"wangeditor\":\"<p>编辑器内容<\\/p>\",\"tinymce\":\"<p>编辑器内容2<\\/p>\"}', null, '1634808233', '2', null);
INSERT INTO `cd_log` VALUES ('309807', 'admin', null, 'http://vuecms.me/admin/Cms.Content/add', '127.0.0.1', 'Mozilla/5.0 (Windows NT 10.0; Win64; x64) AppleWebKit/537.36 (KHTML, like Gecko) Chrome/92.0.4515.107 Safari/537.36', '{\"title\":\"\\u5e26\\u5185\\u5bb9\\u6a21\\u578b\\u7684\\u6587\\u7ae0\\u6d4b\\u8bd5\",\"pic\":\"\",\"detail\":\"<p>\\u5185\\u5bb9\\u6a21\\u578b<\\/p>\",\"status\":1,\"position\":[],\"jumpurl\":\"\",\"create_time\":\"\",\"keyword\":[],\"description\":\"\",\"views\":0,\"author\":\"\",\"subtitle\":\"\",\"class_id\":22,\"jzd\":[{\"key\":\"A\",\"val\":\"\\u4e2d\\u56fd\"},{\"key\":\"B\",\"val\":\"\\u7f8e\\u56fd\"},{\"key\":\"C\",\"val\":\"\\u6cd5\\u56fd\"}],\"xldx\":[\"1\",\"2\"],\"kg\":1,\"jsq\":3223,\"hk\":9,\"titlea\":\"\\u6587\\u672c\\u6846\",\"xld\":1,\"dxk\":1,\"wby\":\"\\u6d4b\\u8bd5\\u5185\\u5bb9\",\"rqk\":\"2021-10-20T16:00:00.000Z\",\"rqfw\":[\"2021-10-20T16:00:00.000Z\",\"2021-10-21T16:00:00.000Z\"],\"dt\":\"http:\\/\\/vue.whpj.vip\\/uploads\\/admin\\/202105\\/60af91ffbd6f8.jpg\",\"dt2\":\"http:\\/\\/vue.whpj.vip\\/uploads\\/admin\\/202105\\/60af8d85f101d.jpg\",\"images\":[{\"url\":\"http:\\/\\/vue.whpj.vip\\/uploads\\/admin\\/202105\\/60af8d85f101d.jpg\",\"name\":\"a5 - \\u526f\\u672c (2).jpg\"},{\"url\":\"http:\\/\\/vue.whpj.vip\\/uploads\\/admin\\/202105\\/60af94abc6d3a.jpg\",\"name\":\"a4 - \\u526f\\u672c.jpg\"}],\"file\":\"http:\\/\\/vue.whpj.vip\\/uploads\\/admin\\/202105\\/60af91ffbd6f8.jpg\",\"files\":[{\"url\":\"http:\\/\\/vue.whpj.vip\\/uploads\\/admin\\/202105\\/60af8d85f101d.jpg\",\"name\":\"a5 - \\u526f\\u672c (2).jpg\"}],\"bq\":[\"vueamdin\",\"\\u5feb\\u901f\\u751f\\u6210\",\"\\u4e0d\\u5199\\u4e00\\u884c\\u4ee3\\u7801\"],\"color\":\"rgba(186, 93, 93, 1)\",\"ssq\":[\"\\u6cb3\\u5317\\u7701\",\"\\u79e6\\u7687\\u5c9b\\u5e02\",\"\\u5317\\u6234\\u6cb3\\u533a\"],\"bddt\":\"{\\\"address\\\":\\\"\\u6b66\\u6c49\\u5e02\\u6c5f\\u5cb8\\u533a\\u4e2d\\u56fd\\u5149\\u5927\\u94f6\\u884c(\\u6b66\\u6c49\\u5206\\u884c)\\\",\\\"lng\\\":114.306226,\\\"lat\\\":30.586742}\",\"gddt\":\"{\\\"address\\\":\\\"\\u6e56\\u5317\\u7701\\u6b66\\u6c49\\u5e02\\u6c5f\\u5cb8\\u533a\\u4e00\\u5143\\u8857\\u8857\\u9053\\u987a\\u4e30\\u6d0b\\u884c\\u65e7\\u5740\\u65f6\\u4ee3\\u5e7f\\u573a(\\u5170\\u9675\\u8def)\\\",\\\"lng\\\":114.301876,\\\"lat\\\":30.586189}\",\"txdt\":\"{\\\"address\\\":\\\"\\u6e56\\u5317\\u7701\\u6b66\\u6c49\\u5e02\\u6d2a\\u5c71\\u533a\\u73de\\u72ee\\u8def\\u72791\\u53f7\\u4e3d\\u5c9b\\u82b1\\u56ed\\\",\\\"lng\\\":114.347031,\\\"lat\\\":30.501236}\",\"wangeditor\":\"<p>\\u7f16\\u8f91\\u5668\\u5185\\u5bb9<\\/p>\",\"tinymce\":\"<p>\\u7f16\\u8f91\\u5668\\u5185\\u5bb92<\\/p>\"}', 'SQLSTATE[42S22]: Column not found: 1054 Unknown column \'content_id\' in \'where clause\'', '1634808233', '3', null);
INSERT INTO `cd_log` VALUES ('309808', 'admin', null, 'http://vuecms.me/admin/Sys.Base/createField', '127.0.0.1', 'Mozilla/5.0 (Windows NT 10.0; Win64; x64) AppleWebKit/537.36 (KHTML, like Gecko) Chrome/92.0.4515.107 Safari/537.36', '{\"post_status\":1,\"create_table_field\":1,\"list_show\":2,\"validate\":[],\"item_config\":[{\"key\":\"\\u7537\",\"val\":\"1\",\"label_color\":\"primary\"},{\"key\":\"\\u5973\",\"val\":\"2\",\"label_color\":\"warning\"}],\"other_config\":[],\"datatype\":\"varchar\",\"length\":250,\"belong_table\":\"\",\"default_value\":\"\",\"menu_id\":\"1055\",\"title\":\"\\u591a\\u9009\\u6846\",\"field\":\"dxk\",\"type\":5}', 'SQLSTATE[42S21]: Column already exists: 1060 Duplicate column name \'dxk\'', '1634809861', '3', null);
INSERT INTO `cd_log` VALUES ('309809', 'admin', 'admin', 'http://vuecms.me/admin/Cms.Catagory/update', '127.0.0.1', 'Mozilla/5.0 (Windows NT 10.0; Win64; x64) AppleWebKit/537.36 (KHTML, like Gecko) Chrome/92.0.4515.107 Safari/537.36', '{\"class_id\":22,\"pid\":null,\"class_name\":\"内容模型测试\",\"subtitle\":null,\"type\":1,\"list_tpl\":\"list\",\"detail_tpl\":\"view\",\"pic\":null,\"keyword\":[],\"description\":null,\"jumpurl\":null,\"status\":1,\"sortid\":22,\"filepath\":null,\"filename\":\"index.html\",\"module_id\":1055,\"upload_config_id\":null}', null, '1634810148', '2', null);
INSERT INTO `cd_log` VALUES ('309810', 'admin', 'admin', 'http://vuecms.me/admin/Cms.Content/update', '127.0.0.1', 'Mozilla/5.0 (Windows NT 10.0; Win64; x64) AppleWebKit/537.36 (KHTML, like Gecko) Chrome/92.0.4515.107 Safari/537.36', '{\"content_id\":75,\"title\":\"带内容模型的文章测试\",\"class_id\":22,\"pic\":\"\",\"detail\":\"<p>内容模型<\\/p>\",\"status\":1,\"position\":[],\"jumpurl\":\"\",\"create_time\":\"2021-10-21 17:23:53\",\"author\":\"\",\"keyword\":[],\"description\":\"\",\"sortid\":75,\"views\":0,\"jzd\":[{\"key\":\"A\",\"val\":\"中国\"},{\"key\":\"B\",\"val\":\"美国\"},{\"key\":\"C\",\"val\":\"法国\"}],\"ssq\":[\"天津市\",\"市辖区\",\"河东区\"],\"bq\":[\"vueamdin\",\"快速生成\",\"不写代码\"],\"files\":[{\"url\":\"http:\\/\\/vue.whpj.vip\\/uploads\\/admin\\/202105\\/60af94abc6d3a.jpg\",\"name\":\"a4 - 副本.jpg\"},{\"url\":\"http:\\/\\/vue.whpj.vip\\/uploads\\/admin\\/202105\\/60af8d85f101d.jpg\",\"name\":\"a5 - 副本 (2).jpg\"}],\"rqfw\":[\"2021-10-20T16:00:00.000Z\",\"2021-10-29T16:00:00.000Z\"],\"dxka\":[],\"xldx\":[\"1\",\"2\"],\"kg\":1,\"jsq\":23,\"hk\":22,\"wbk\":\"文本框\",\"xlk\":1,\"dxk\":1,\"wby\":\"文本与测试\",\"rqk\":\"2021-10-19T16:00:00.000Z\",\"dt\":\"http:\\/\\/vue.whpj.vip\\/uploads\\/admin\\/202105\\/60af91ffbd6f8.jpg\",\"dt2\":\"http:\\/\\/vue.whpj.vip\\/uploads\\/admin\\/202105\\/60afbe5f64890.jpg\",\"file\":\"http:\\/\\/vue.whpj.vip\\/uploads\\/admin\\/202105\\/60af94abc6d3a.jpg\",\"color\":\"rgba(193, 57, 57, 1)\",\"dddt\":\"{\\\"address\\\":\\\"武汉市江岸区沿江大道兰陵路-公交车站\\\",\\\"lng\\\":114.307996,\\\"lat\\\":30.589417}\",\"gddt\":\"{\\\"address\\\":\\\"湖北省武汉市江岸区一元街街道诚昌里\\\",\\\"lng\\\":114.2978,\\\"lat\\\":30.585191}\",\"txdt\":\"{\\\"address\\\":\\\"湖北省武汉市洪山区珞狮路北港村公交站珞狮路北港村公交站\\\",\\\"lng\\\":114.343628,\\\"lat\\\":30.498732}\",\"wangeditor\":\"<p>测试1<\\/p>\",\"tinymce\":\"<p>测试2<img src=\\\"http:\\/\\/vue.whpj.vip\\/uploads\\/admin\\/202105\\/60af8d85f101d.jpg\\\" alt=\\\"\\\" width=\\\"200\\\" height=\\\"200\\\" \\/><\\/p>\"}', null, '1634810278', '2', null);
INSERT INTO `cd_log` VALUES ('309811', 'admin', 'admin', 'http://vuecms.me/admin/Cms.Content/update', '127.0.0.1', 'Mozilla/5.0 (Windows NT 10.0; Win64; x64) AppleWebKit/537.36 (KHTML, like Gecko) Chrome/92.0.4515.107 Safari/537.36', '{\"content_id\":75,\"title\":\"带内容模型的文章测试\",\"class_id\":22,\"pic\":\"\",\"detail\":\"<p>内容模型<\\/p>\",\"status\":1,\"position\":[\"2\",\"1\"],\"jumpurl\":\"\",\"create_time\":\"2021-10-21 17:23:53\",\"author\":\"\",\"keyword\":[],\"description\":\"\",\"sortid\":75,\"views\":0,\"id\":1,\"wbk\":\"文本框\",\"xlk\":1,\"xldx\":[\"1\",\"2\"],\"dxk\":1,\"dxka\":[],\"kg\":1,\"wby\":\"文本与测试\",\"rqk\":\"2021-10-20\",\"rqfw\":[\"2021-10-20T16:00:00.000Z\",\"2021-10-29T16:00:00.000Z\"],\"dt\":\"http:\\/\\/vue.whpj.vip\\/uploads\\/admin\\/202105\\/60af91ffbd6f8.jpg\",\"dt2\":\"http:\\/\\/vue.whpj.vip\\/uploads\\/admin\\/202105\\/60afbe5f64890.jpg\",\"file\":\"http:\\/\\/vue.whpj.vip\\/uploads\\/admin\\/202105\\/60af94abc6d3a.jpg\",\"files\":[{\"url\":\"http:\\/\\/vue.whpj.vip\\/uploads\\/admin\\/202105\\/60af94abc6d3a.jpg\",\"name\":\"a4 - 副本.jpg\"},{\"url\":\"http:\\/\\/vue.whpj.vip\\/uploads\\/admin\\/202105\\/60af8d85f101d.jpg\",\"name\":\"a5 - 副本 (2).jpg\"}],\"jsq\":23,\"bq\":[\"vueamdin\",\"快速生成\",\"不写代码\"],\"hk\":22,\"color\":\"rgba(193, 57, 57, 1)\",\"jzd\":[{\"key\":\"A\",\"val\":\"中国\"},{\"key\":\"B\",\"val\":\"美国\"},{\"key\":\"C\",\"val\":\"法国\"}],\"ssq\":[\"天津市\",\"市辖区\",\"河东区\"],\"dddt\":\"{\\\"address\\\":\\\"武汉市江岸区沿江大道兰陵路-公交车站\\\",\\\"lng\\\":114.307996,\\\"lat\\\":30.589417}\",\"gddt\":\"{\\\"address\\\":\\\"湖北省武汉市江岸区一元街街道诚昌里\\\",\\\"lng\\\":114.2978,\\\"lat\\\":30.585191}\",\"txdt\":\"{\\\"address\\\":\\\"湖北省武汉市洪山区珞狮路北港村公交站珞狮路北港村公交站\\\",\\\"lng\\\":114.343628,\\\"lat\\\":30.498732}\",\"wangeditor\":\"<p>测试1<\\/p>\",\"tinymce\":\"<p>测试2<img src=\\\"http:\\/\\/vue.whpj.vip\\/uploads\\/admin\\/202105\\/60af8d85f101d.jpg\\\" alt=\\\"\\\" width=\\\"200\\\" height=\\\"200\\\" \\/><\\/p>\"}', null, '1634810297', '2', null);
INSERT INTO `cd_log` VALUES ('309812', 'admin', 'admin', 'http://vuecms.me/admin/Cms.Content/update', '127.0.0.1', 'Mozilla/5.0 (Windows NT 10.0; Win64; x64) AppleWebKit/537.36 (KHTML, like Gecko) Chrome/92.0.4515.107 Safari/537.36', '{\"content_id\":75,\"title\":\"带内容模型的文章测试\",\"class_id\":22,\"pic\":\"\",\"detail\":\"<p>内容模型<\\/p>\",\"status\":1,\"position\":[\"2\",\"1\"],\"jumpurl\":\"\",\"create_time\":\"2021-10-21 17:23:53\",\"author\":\"\",\"keyword\":[],\"description\":\"\",\"sortid\":75,\"views\":0,\"id\":1,\"wbk\":\"文本框\",\"xlk\":1,\"xldx\":[\"1\",\"2\"],\"dxk\":1,\"dxka\":[],\"kg\":1,\"wby\":\"文本与测试\",\"rqk\":\"2021-10-20\",\"rqfw\":[\"2021-10-20T16:00:00.000Z\",\"2021-10-29T16:00:00.000Z\"],\"dt\":\"http:\\/\\/vue.whpj.vip\\/uploads\\/admin\\/202105\\/60af91ffbd6f8.jpg\",\"dt2\":\"http:\\/\\/vue.whpj.vip\\/uploads\\/admin\\/202105\\/60afbe5f64890.jpg\",\"file\":\"http:\\/\\/vue.whpj.vip\\/uploads\\/admin\\/202105\\/60af94abc6d3a.jpg\",\"files\":[{\"url\":\"http:\\/\\/vue.whpj.vip\\/uploads\\/admin\\/202105\\/60af94abc6d3a.jpg\",\"name\":\"a4 - 副本.jpg\"},{\"url\":\"http:\\/\\/vue.whpj.vip\\/uploads\\/admin\\/202105\\/60af8d85f101d.jpg\",\"name\":\"a5 - 副本 (2).jpg\"}],\"jsq\":23,\"bq\":[\"vueamdin\",\"快速生成\",\"不写代码\"],\"hk\":22,\"color\":\"rgba(193, 57, 57, 1)\",\"jzd\":[{\"key\":\"A\",\"val\":\"中国\"},{\"key\":\"B\",\"val\":\"美国\"},{\"key\":\"C\",\"val\":\"法国\"}],\"ssq\":[\"天津市\",\"市辖区\",\"河东区\"],\"dddt\":\"{\\\"address\\\":\\\"武汉市江岸区沿江大道兰陵路-公交车站\\\",\\\"lng\\\":114.307996,\\\"lat\\\":30.589417}\",\"gddt\":\"{\\\"address\\\":\\\"湖北省武汉市江岸区一元街街道诚昌里\\\",\\\"lng\\\":114.2978,\\\"lat\\\":30.585191}\",\"txdt\":\"{\\\"address\\\":\\\"湖北省武汉市洪山区珞狮路北港村公交站珞狮路北港村公交站\\\",\\\"lng\\\":114.343628,\\\"lat\\\":30.498732}\",\"wangeditor\":\"<p>测试1<\\/p>\",\"tinymce\":\"<p>测试2<img src=\\\"http:\\/\\/vue.whpj.vip\\/uploads\\/admin\\/202105\\/60af8d85f101d.jpg\\\" alt=\\\"\\\" width=\\\"200\\\" height=\\\"200\\\" \\/><\\/p>\",\"images\":[{\"url\":\"http:\\/\\/vue.whpj.vip\\/uploads\\/admin\\/202105\\/60af8d85f101d.jpg\",\"name\":\"a5 - 副本 (2).jpg\"},{\"url\":\"http:\\/\\/vue.whpj.vip\\/uploads\\/admin\\/202105\\/60af94abc6d3a.jpg\",\"name\":\"a4 - 副本.jpg\"},{\"url\":\"http:\\/\\/vue.whpj.vip\\/uploads\\/admin\\/202105\\/60af8d752fe38.jpg\",\"name\":\"a3 - 副本 (2).jpg\"}]}', null, '1634810383', '2', null);
INSERT INTO `cd_log` VALUES ('309813', 'admin', 'admin', 'http://vuecms.me/admin/Cms.Content/update', '127.0.0.1', 'Mozilla/5.0 (Windows NT 10.0; Win64; x64) AppleWebKit/537.36 (KHTML, like Gecko) Chrome/92.0.4515.107 Safari/537.36', '{\"content_id\":75,\"title\":\"带内容模型的文章测试\",\"class_id\":22,\"pic\":\"http:\\/\\/vue.whpj.vip\\/uploads\\/admin\\/202105\\/60af8d85f101d.jpg\",\"detail\":\"<p>内容模型<img src=\\\"http:\\/\\/vue.whpj.vip\\/uploads\\/admin\\/202105\\/60af8d85f101d.jpg\\\" style=\\\"max-width: 100%;\\\"\\/><\\/p>\",\"status\":1,\"position\":[\"2\",\"1\"],\"jumpurl\":\"\",\"create_time\":\"2021-10-21 17:23:53\",\"author\":\"\",\"keyword\":[],\"description\":\"\",\"sortid\":75,\"views\":0,\"id\":1,\"wbk\":\"文本框\",\"xlk\":1,\"xldx\":[\"1\",\"2\"],\"dxk\":1,\"dxka\":[],\"kg\":1,\"wby\":\"文本与测试\",\"rqk\":\"2021-10-20\",\"rqfw\":[\"2021-10-20T16:00:00.000Z\",\"2021-10-29T16:00:00.000Z\"],\"dt\":\"http:\\/\\/vue.whpj.vip\\/uploads\\/admin\\/202105\\/60af91ffbd6f8.jpg\",\"dt2\":\"http:\\/\\/vue.whpj.vip\\/uploads\\/admin\\/202105\\/60afbe5f64890.jpg\",\"file\":\"http:\\/\\/vue.whpj.vip\\/uploads\\/admin\\/202105\\/60af94abc6d3a.jpg\",\"files\":[{\"url\":\"http:\\/\\/vue.whpj.vip\\/uploads\\/admin\\/202105\\/60af94abc6d3a.jpg\",\"name\":\"a4 - 副本.jpg\"},{\"url\":\"http:\\/\\/vue.whpj.vip\\/uploads\\/admin\\/202105\\/60af8d85f101d.jpg\",\"name\":\"a5 - 副本 (2).jpg\"}],\"jsq\":23,\"bq\":[\"vueamdin\",\"快速生成\",\"不写代码\"],\"hk\":22,\"color\":\"rgba(193, 57, 57, 1)\",\"jzd\":[{\"key\":\"A\",\"val\":\"中国\"},{\"key\":\"B\",\"val\":\"美国\"},{\"key\":\"C\",\"val\":\"法国\"}],\"ssq\":[\"天津市\",\"市辖区\",\"河东区\"],\"dddt\":\"{\\\"address\\\":\\\"武汉市江岸区沿江大道兰陵路-公交车站\\\",\\\"lng\\\":114.307996,\\\"lat\\\":30.589417}\",\"gddt\":\"{\\\"address\\\":\\\"湖北省武汉市江岸区一元街街道诚昌里\\\",\\\"lng\\\":114.2978,\\\"lat\\\":30.585191}\",\"txdt\":\"{\\\"address\\\":\\\"湖北省武汉市洪山区珞狮路北港村公交站珞狮路北港村公交站\\\",\\\"lng\\\":114.343628,\\\"lat\\\":30.498732}\",\"wangeditor\":\"<p>测试1<\\/p>\",\"tinymce\":\"<p>测试2<img src=\\\"http:\\/\\/vue.whpj.vip\\/uploads\\/admin\\/202105\\/60af8d85f101d.jpg\\\" alt=\\\"\\\" width=\\\"200\\\" height=\\\"200\\\" \\/><\\/p>\",\"images\":[{\"url\":\"http:\\/\\/vue.whpj.vip\\/uploads\\/admin\\/202105\\/60af8d85f101d.jpg\",\"name\":\"a5 - 副本 (2).jpg\"},{\"url\":\"http:\\/\\/vue.whpj.vip\\/uploads\\/admin\\/202105\\/60af94abc6d3a.jpg\",\"name\":\"a4 - 副本.jpg\"},{\"url\":\"http:\\/\\/vue.whpj.vip\\/uploads\\/admin\\/202105\\/60af8d752fe38.jpg\",\"name\":\"a3 - 副本 (2).jpg\"}]}', null, '1634810401', '2', null);
INSERT INTO `cd_log` VALUES ('309814', 'admin', 'admin', 'http://vuecms.me/admin/Cms.Content/update', '127.0.0.1', 'Mozilla/5.0 (Windows NT 10.0; Win64; x64) AppleWebKit/537.36 (KHTML, like Gecko) Chrome/92.0.4515.107 Safari/537.36', '{\"content_id\":73,\"title\":\"一款基于Intel I350AM4芯片的POE网卡\",\"class_id\":9,\"pic\":\"\",\"status\":1,\"position\":[],\"jumpurl\":\"\",\"create_time\":\"2021-08-08 20:56:18\",\"author\":\"\",\"keyword\":[],\"description\":\"\",\"sortid\":73,\"views\":58}', null, '1634810531', '2', null);
INSERT INTO `cd_log` VALUES ('309815', 'admin', 'admin', 'http://vuecms.me/admin/Login/index.html', '127.0.0.1', 'Mozilla/5.0 (Windows NT 10.0; Win64; x64) AppleWebKit/537.36 (KHTML, like Gecko) Chrome/92.0.4515.131 Safari/537.36', null, null, '1634824631', '1', null);
INSERT INTO `cd_log` VALUES ('309816', 'admin', 'admin', 'http://vuecms.me/admin/Node/update', '127.0.0.1', 'Mozilla/5.0 (Windows NT 10.0; Win64; x64) AppleWebKit/537.36 (KHTML, like Gecko) Chrome/92.0.4515.131 Safari/537.36', '{\"node_id\":28,\"title\":\"会员管理\",\"type\":1,\"path\":\"\\/admin\\/Membe\\/index.html\",\"status\":1,\"icon\":\"el-icon-user-solid\",\"sortid\":28}', null, '1634825219', '2', null);
INSERT INTO `cd_log` VALUES ('309817', 'admin', 'admin', 'http://vuecms.me/admin/Node/update', '127.0.0.1', 'Mozilla/5.0 (Windows NT 10.0; Win64; x64) AppleWebKit/537.36 (KHTML, like Gecko) Chrome/92.0.4515.131 Safari/537.36', '{\"node_id\":29,\"title\":\"表单输入框\",\"type\":1,\"path\":\"\\/admin\\/Form\",\"status\":1,\"icon\":\"el-icon-s-cooperation\",\"sortid\":29}', null, '1634825257', '2', null);
INSERT INTO `cd_log` VALUES ('309818', 'admin', 'admin', 'http://vuecms.me/admin/Node/update', '127.0.0.1', 'Mozilla/5.0 (Windows NT 10.0; Win64; x64) AppleWebKit/537.36 (KHTML, like Gecko) Chrome/92.0.4515.131 Safari/537.36', '{\"node_id\":36,\"title\":\"商品管理\",\"type\":1,\"path\":\"\\/admin\\/Goods\",\"status\":1,\"icon\":\"el-icon-s-goods\",\"sortid\":36}', null, '1634825275', '2', null);
INSERT INTO `cd_log` VALUES ('309819', 'admin', 'admin', 'http://vuecms.me/admin/Node/update', '127.0.0.1', 'Mozilla/5.0 (Windows NT 10.0; Win64; x64) AppleWebKit/537.36 (KHTML, like Gecko) Chrome/92.0.4515.131 Safari/537.36', '{\"node_id\":41,\"title\":\"侧栏效果演示\",\"type\":1,\"path\":\"\\/admin\\/Celan\",\"status\":1,\"icon\":\"el-icon-link\",\"sortid\":41}', null, '1634825289', '2', null);
INSERT INTO `cd_log` VALUES ('309820', 'admin', 'admin', 'http://vuecms.me/admin/Node/update', '127.0.0.1', 'Mozilla/5.0 (Windows NT 10.0; Win64; x64) AppleWebKit/537.36 (KHTML, like Gecko) Chrome/92.0.4515.131 Safari/537.36', '{\"node_id\":51,\"title\":\"配置管理\",\"type\":1,\"path\":\"\\/admin\\/Config\",\"status\":1,\"icon\":\"el-icon-s-data\",\"sortid\":51}', null, '1634825319', '2', null);
INSERT INTO `cd_log` VALUES ('309821', 'admin', 'admin', 'http://vuecms.me/admin/Node/update', '127.0.0.1', 'Mozilla/5.0 (Windows NT 10.0; Win64; x64) AppleWebKit/537.36 (KHTML, like Gecko) Chrome/92.0.4515.131 Safari/537.36', '{\"node_id\":55,\"title\":\"系统管理\",\"type\":1,\"path\":\"\\/admin\\/Sys\",\"status\":1,\"icon\":\"el-icon-s-data\",\"sortid\":55}', null, '1634825333', '2', null);
INSERT INTO `cd_log` VALUES ('309822', 'admin', 'admin', 'http://vuecms.me/admin/Node/update', '127.0.0.1', 'Mozilla/5.0 (Windows NT 10.0; Win64; x64) AppleWebKit/537.36 (KHTML, like Gecko) Chrome/92.0.4515.131 Safari/537.36', '{\"node_id\":44,\"title\":\"批量操作演示\",\"type\":1,\"path\":\"\\/admin\\/Batch\\/index.html\",\"status\":1,\"icon\":\"dripicons-wallet\",\"sortid\":44}', null, '1634825408', '2', null);
INSERT INTO `cd_log` VALUES ('309823', 'admin', 'admin', 'http://vuecms.me/admin/Node/update', '127.0.0.1', 'Mozilla/5.0 (Windows NT 10.0; Win64; x64) AppleWebKit/537.36 (KHTML, like Gecko) Chrome/92.0.4515.131 Safari/537.36', '{\"node_id\":45,\"title\":\"字段联动演示\",\"type\":1,\"path\":\"\\/admin\\/Liandong\\/index.html\",\"status\":1,\"icon\":\"el-icon-s-order\",\"sortid\":45}', null, '1634825448', '2', null);
INSERT INTO `cd_log` VALUES ('309824', 'admin', 'admin', 'http://vuecms.me/admin/Membe/update', '127.0.0.1', 'Mozilla/5.0 (Windows NT 10.0; Win64; x64) AppleWebKit/537.36 (KHTML, like Gecko) Chrome/92.0.4515.131 Safari/537.36', '{\"membe_id\":30,\"username\":\"赵莎莎\",\"sex\":2,\"mobile\":\"13546985741\",\"pic\":\"\\/uploads\\/admin\\/202110\\/61627c797917c.png\",\"email\":\"784411414@qq.com\",\"status\":1,\"amount\":\"90.00\",\"ssq\":[\"天津市\",\"市辖区\",\"河东区\"],\"create_time\":\"2021-10-07 10:23:32\"}', null, '1634827245', '2', null);
INSERT INTO `cd_log` VALUES ('309825', 'admin', 'admin', 'http://vuecms.me/admin/Cms.Catagory/update', '127.0.0.1', 'Mozilla/5.0 (Windows NT 10.0; Win64; x64) AppleWebKit/537.36 (KHTML, like Gecko) Chrome/92.0.4515.131 Safari/537.36', '{\"class_id\":22,\"pid\":null,\"class_name\":\"内容模型测试\",\"subtitle\":null,\"type\":1,\"list_tpl\":\"list\",\"detail_tpl\":\"view2\",\"pic\":null,\"keyword\":[],\"description\":null,\"jumpurl\":null,\"status\":1,\"sortid\":22,\"filepath\":null,\"filename\":\"index.html\",\"module_id\":1055,\"upload_config_id\":null}', null, '1634827459', '2', null);
INSERT INTO `cd_log` VALUES ('309826', 'admin', 'admin', 'http://vuecms.me/admin/Login/index.html', '127.0.0.1', 'Mozilla/5.0 (Windows NT 10.0; Win64; x64) AppleWebKit/537.36 (KHTML, like Gecko) Chrome/92.0.4515.107 Safari/537.36', null, null, '1634886009', '1', null);
INSERT INTO `cd_log` VALUES ('309827', 'admin', 'admin', 'http://vuecms.me/admin/Cms.Frament/update', '127.0.0.1', 'Mozilla/5.0 (Windows NT 10.0; Win64; x64) AppleWebKit/537.36 (KHTML, like Gecko) Chrome/92.0.4515.107 Safari/537.36', '{\"frament_id\":2,\"title\":\"底部版权\",\"content\":\"<p>Copyright 2005-2021 深圳XXX飞讯电子有限公司&nbsp; All rights reserved&nbsp;<a href=\\\"\\/admin\\\" target=\\\"_blank\\\">后台管理<\\/a><br\\/><\\/p>\"}', null, '1634886043', '2', null);
INSERT INTO `cd_log` VALUES ('309828', 'admin', 'admin', 'http://vuecms.me/admin/Login/index.html', '127.0.0.1', 'Mozilla/5.0 (Windows NT 10.0; Win64; x64) AppleWebKit/537.36 (KHTML, like Gecko) Chrome/92.0.4515.107 Safari/537.36', null, null, '1634886209', '1', null);
INSERT INTO `cd_log` VALUES ('309829', 'admin', 'admin', 'http://vuecms.me/admin/Login/index.html', '127.0.0.1', 'Mozilla/5.0 (Windows NT 10.0; Win64; x64) AppleWebKit/537.36 (KHTML, like Gecko) Chrome/92.0.4515.107 Safari/537.36', null, null, '1634886241', '1', null);
INSERT INTO `cd_log` VALUES ('309830', 'admin', 'admin', 'http://localhost:2050/index.php/admin/Login/index.html', '::1', 'Mozilla/5.0 (Windows NT 10.0; Win64; x64) AppleWebKit/537.36 (KHTML, like Gecko) Chrome/96.0.4664.110 Safari/537.36', null, null, '1640942279', '1', null);
INSERT INTO `cd_log` VALUES ('309831', 'admin', 'admin', 'http://localhost:2050/admin/Login/index.html', '::1', 'Mozilla/5.0 (Windows NT 10.0; Win64; x64) AppleWebKit/537.36 (KHTML, like Gecko) Chrome/96.0.4664.110 Safari/537.36', null, null, '1640942621', '1', null);
INSERT INTO `cd_log` VALUES ('309832', 'admin', 'admin', 'http://localhost:2050/admin/Login/index.html', '::1', 'Mozilla/5.0 (Windows NT 10.0; Win64; x64) AppleWebKit/537.36 (KHTML, like Gecko) Chrome/96.0.4664.110 Safari/537.36', null, null, '1641258042', '1', null);
INSERT INTO `cd_log` VALUES ('309833', 'admin', 'admin', 'http://localhost:2050/admin/Login/index.html', '::1', 'Mozilla/5.0 (Windows NT 10.0; Win64; x64) AppleWebKit/537.36 (KHTML, like Gecko) Chrome/96.0.4664.110 Safari/537.36', null, null, '1641268208', '1', null);
INSERT INTO `cd_log` VALUES ('309834', 'admin', 'admin', 'http://localhost:2050/admin/Node/add', '::1', 'Mozilla/5.0 (Windows NT 10.0; Win64; x64) AppleWebKit/537.36 (KHTML, like Gecko) Chrome/96.0.4664.110 Safari/537.36', '{\"title\":\"公司管理\",\"type\":1,\"path\":\"\\/admin\\/Company\",\"status\":1,\"icon\":\"dripicons-menu\",\"sortid\":2}', null, '1641276931', '2', null);
INSERT INTO `cd_log` VALUES ('309835', 'admin', 'admin', 'http://localhost:2050/admin/Node/add', '::1', 'Mozilla/5.0 (Windows NT 10.0; Win64; x64) AppleWebKit/537.36 (KHTML, like Gecko) Chrome/96.0.4664.110 Safari/537.36', '{\"title\":\"公司信息管理\",\"type\":1,\"path\":\"\\/admin\\/Company\\/index.html\",\"status\":1,\"icon\":\"el-icon-tickets\",\"pid\":63}', null, '1641277393', '2', null);
INSERT INTO `cd_log` VALUES ('309836', 'admin', 'admin', 'http://localhost:2050/admin/Login/index.html', '::1', 'Mozilla/5.0 (Windows NT 10.0; Win64; x64) AppleWebKit/537.36 (KHTML, like Gecko) Chrome/96.0.4664.110 Safari/537.36', null, null, '1641344969', '1', null);
INSERT INTO `cd_log` VALUES ('309837', 'admin', 'admin', 'http://localhost:2050/admin/Company/add', '::1', 'Mozilla/5.0 (Windows NT 10.0; Win64; x64) AppleWebKit/537.36 (KHTML, like Gecko) Chrome/96.0.4664.110 Safari/537.36', '{\"company_name\":\"asd\",\"contacts\":\"ljw\",\"phone\":\"13077779999\"}', null, '1641349425', '2', null);
INSERT INTO `cd_log` VALUES ('309838', 'admin', 'admin', 'http://localhost:2050/admin/Company/add', '::1', 'Mozilla/5.0 (Windows NT 10.0; Win64; x64) AppleWebKit/537.36 (KHTML, like Gecko) Chrome/96.0.4664.110 Safari/537.36', '{\"company_name\":\"asd\",\"contacts\":\"ljw\",\"phone\":\"13077779999\"}', null, '1641349445', '2', null);
INSERT INTO `cd_log` VALUES ('309839', 'admin', 'admin', 'http://localhost:2050/admin/Company/add', '::1', 'Mozilla/5.0 (Windows NT 10.0; Win64; x64) AppleWebKit/537.36 (KHTML, like Gecko) Chrome/96.0.4664.110 Safari/537.36', '{\"company_name\":\"ads\",\"contacts\":\"ljw\",\"phone\":\"13099997777\"}', null, '1641349540', '2', null);
INSERT INTO `cd_log` VALUES ('309840', 'admin', 'admin', 'http://localhost:2050/admin/Goodscata/add', '::1', 'Mozilla/5.0 (Windows NT 10.0; Win64; x64) AppleWebKit/537.36 (KHTML, like Gecko) Chrome/96.0.4664.110 Safari/537.36', '{\"class_name\":\"索尼\",\"status\":1,\"pid\":6}', null, '1641349663', '2', null);
INSERT INTO `cd_log` VALUES ('309841', 'admin', 'admin', 'http://localhost:2050/admin/Company/add', '::1', 'Mozilla/5.0 (Windows NT 10.0; Win64; x64) AppleWebKit/537.36 (KHTML, like Gecko) Chrome/96.0.4664.110 Safari/537.36', '{\"company_name\":\"test\",\"contacts\":\"test\",\"phone\":\"13099997777\"}', null, '1641349897', '2', null);
INSERT INTO `cd_log` VALUES ('309842', 'admin', 'admin', 'http://localhost:2050/admin/Company/add', '::1', 'Mozilla/5.0 (Windows NT 10.0; Win64; x64) AppleWebKit/537.36 (KHTML, like Gecko) Chrome/96.0.4664.110 Safari/537.36', '{\"company_name\":\"cvo\",\"contacts\":\"test\",\"phone\":\"13988887777\"}', null, '1641351980', '2', null);
INSERT INTO `cd_log` VALUES ('309843', 'admin', 'admin', 'http://localhost:2050/admin/Goodscata/delete', '::1', 'Mozilla/5.0 (Windows NT 10.0; Win64; x64) AppleWebKit/537.36 (KHTML, like Gecko) Chrome/96.0.4664.110 Safari/537.36', '{\"company_id\":2}', null, '1641351984', '2', null);
INSERT INTO `cd_log` VALUES ('309844', 'admin', 'admin', 'http://localhost:2050/admin/Goodscata/delete', '::1', 'Mozilla/5.0 (Windows NT 10.0; Win64; x64) AppleWebKit/537.36 (KHTML, like Gecko) Chrome/96.0.4664.110 Safari/537.36', '{\"company_id\":2}', null, '1641351995', '2', null);
INSERT INTO `cd_log` VALUES ('309845', 'admin', 'admin', 'http://localhost:2050/admin/Goodscata/delete', '::1', 'Mozilla/5.0 (Windows NT 10.0; Win64; x64) AppleWebKit/537.36 (KHTML, like Gecko) Chrome/96.0.4664.110 Safari/537.36', '{\"company_id\":2}', null, '1641352019', '2', null);
INSERT INTO `cd_log` VALUES ('309846', 'admin', 'admin', 'http://localhost:2050/admin/Company/delete', '::1', 'Mozilla/5.0 (Windows NT 10.0; Win64; x64) AppleWebKit/537.36 (KHTML, like Gecko) Chrome/96.0.4664.110 Safari/537.36', '{\"company_id\":2}', null, '1641352027', '2', null);
INSERT INTO `cd_log` VALUES ('309847', 'admin', 'admin', 'http://localhost:2050/admin/Company/delete', '::1', 'Mozilla/5.0 (Windows NT 10.0; Win64; x64) AppleWebKit/537.36 (KHTML, like Gecko) Chrome/96.0.4664.110 Safari/537.36', '{\"company_id\":1}', null, '1641352220', '2', null);
INSERT INTO `cd_log` VALUES ('309848', 'admin', 'admin', 'http://localhost:2050/admin/Company/add', '::1', 'Mozilla/5.0 (Windows NT 10.0; Win64; x64) AppleWebKit/537.36 (KHTML, like Gecko) Chrome/96.0.4664.110 Safari/537.36', '{\"company_name\":\"广西名嘉钢结构工程有限公司\",\"contacts\":\"周培勇\",\"phone\":\"18077774366\"}', null, '1641352955', '2', null);
INSERT INTO `cd_log` VALUES ('309849', 'admin', 'admin', 'http://localhost:2050/admin/Goodscata/update', '::1', 'Mozilla/5.0 (Windows NT 10.0; Win64; x64) AppleWebKit/537.36 (KHTML, like Gecko) Chrome/96.0.4664.110 Safari/537.36', '{\"company_id\":3,\"company_name\":\"广西名嘉钢结构工程有限公司\",\"contacts\":\"周培勇1\",\"phone\":\"18077774366\"}', null, '1641353495', '2', null);
INSERT INTO `cd_log` VALUES ('309850', 'admin', 'admin', 'http://localhost:2050/admin/Goodscata/update', '::1', 'Mozilla/5.0 (Windows NT 10.0; Win64; x64) AppleWebKit/537.36 (KHTML, like Gecko) Chrome/96.0.4664.110 Safari/537.36', '{\"company_id\":3,\"company_name\":\"广西名嘉钢结构工程有限公司\",\"contacts\":\"周培勇1\",\"phone\":\"18077774366\"}', null, '1641353525', '2', null);
INSERT INTO `cd_log` VALUES ('309851', 'admin', 'admin', 'http://localhost:2050/admin/Goodscata/update', '::1', 'Mozilla/5.0 (Windows NT 10.0; Win64; x64) AppleWebKit/537.36 (KHTML, like Gecko) Chrome/96.0.4664.110 Safari/537.36', '{\"company_id\":3,\"company_name\":\"广西名嘉钢结构工程有限公司\",\"contacts\":\"周培勇dfdsf\",\"phone\":\"18077774366\"}', null, '1641353729', '2', null);
INSERT INTO `cd_log` VALUES ('309852', 'admin', 'admin', 'http://localhost:2050/admin/Company/update', '::1', 'Mozilla/5.0 (Windows NT 10.0; Win64; x64) AppleWebKit/537.36 (KHTML, like Gecko) Chrome/96.0.4664.110 Safari/537.36', '{\"company_id\":3,\"company_name\":\"广西名嘉钢结构工程有限公司\",\"contacts\":\"周培勇1\",\"phone\":\"18077774366\"}', null, '1641353821', '2', null);
INSERT INTO `cd_log` VALUES ('309853', 'admin', 'admin', 'http://localhost:2050/admin/Company/update', '::1', 'Mozilla/5.0 (Windows NT 10.0; Win64; x64) AppleWebKit/537.36 (KHTML, like Gecko) Chrome/96.0.4664.110 Safari/537.36', '{\"company_id\":3,\"company_name\":\"广西名嘉钢结构工程有限公司\",\"contacts\":\"周培勇\",\"phone\":\"18077774366\"}', null, '1641353826', '2', null);
INSERT INTO `cd_log` VALUES ('309854', 'admin', 'admin', 'http://localhost:2050/admin/Company/add', '::1', 'Mozilla/5.0 (Windows NT 10.0; Win64; x64) AppleWebKit/537.36 (KHTML, like Gecko) Chrome/96.0.4664.110 Safari/537.36', '{\"company_name\":\"广西金瑞工程咨询有限公司（原：大旺）\",\"contacts\":\"冯礼仁\",\"phone\":\"15977109832\"}', null, '1641353892', '2', null);
INSERT INTO `cd_log` VALUES ('309855', 'admin', 'admin', 'http://localhost:2050/admin/Company/add', '::1', 'Mozilla/5.0 (Windows NT 10.0; Win64; x64) AppleWebKit/537.36 (KHTML, like Gecko) Chrome/96.0.4664.110 Safari/537.36', '{\"company_name\":\"广东康大控股有限公司\",\"contacts\":\"周小姐\",\"phone\":\"13750017162\"}', null, '1641353953', '2', null);
INSERT INTO `cd_log` VALUES ('309856', 'admin', null, 'http://localhost:2050/admin/Company/index', '::1', 'Mozilla/5.0 (Windows NT 10.0; Win64; x64) AppleWebKit/537.36 (KHTML, like Gecko) Chrome/96.0.4664.110 Safari/537.36', '{\"limit\":20,\"page\":1}', 'method not exist:think\\db\\Query->like', '1641356192', '3', null);
INSERT INTO `cd_log` VALUES ('309857', 'admin', 'admin', 'http://localhost:2042/admin/Login/index.html', '::1', 'Mozilla/5.0 (Windows NT 10.0; Win64; x64; rv:61.0) Gecko/20100101 Firefox/61.0', null, null, '1641369043', '1', null);
INSERT INTO `cd_log` VALUES ('309858', 'admin', 'admin', 'http://localhost:2010/admin/Login/index.html', '127.0.0.1', 'Mozilla/5.0 (Windows NT 10.0; Win64; x64; rv:95.0) Gecko/20100101 Firefox/95.0', null, null, '1641370449', '1', null);
INSERT INTO `cd_log` VALUES ('309859', 'admin', 'admin', 'http://localhost:2010/admin/Company/update', '127.0.0.1', 'Mozilla/5.0 (Windows NT 10.0; Win64; x64; rv:95.0) Gecko/20100101 Firefox/95.0', '{\"company_id\":3,\"company_name\":\"广西名嘉钢结构工程有限公司\",\"contacts\":\"周培勇\",\"phone\":\"18077774366\"}', null, '1641370459', '2', null);
INSERT INTO `cd_log` VALUES ('309860', 'admin', 'admin', 'http://localhost:2010/admin/Company/update', '127.0.0.1', 'Mozilla/5.0 (Windows NT 10.0; Win64; x64; rv:95.0) Gecko/20100101 Firefox/95.0', '{\"company_id\":3,\"company_name\":\"广西名嘉钢结构工程有限公司\",\"contacts\":\"周培勇\",\"phone\":\"18077774366\"}', null, '1641370465', '2', null);
INSERT INTO `cd_log` VALUES ('309861', 'admin', 'admin', 'http://localhost:2010/admin/Login/index.html', '127.0.0.1', 'Mozilla/5.0 (Windows NT 10.0; Win64; x64; rv:95.0) Gecko/20100101 Firefox/95.0', null, null, '1641980545', '1', null);
INSERT INTO `cd_log` VALUES ('309862', 'admin', 'admin', 'http://localhost:2010/admin/Login/index.html', '127.0.0.1', 'Mozilla/5.0 (Windows NT 10.0; Win64; x64; rv:97.0) Gecko/20100101 Firefox/97.0', null, null, '1646623155', '1', null);
INSERT INTO `cd_log` VALUES ('309863', 'admin', 'admin', 'http://localhost:2010/admin/Node/delete', '127.0.0.1', 'Mozilla/5.0 (Windows NT 10.0; Win64; x64; rv:97.0) Gecko/20100101 Firefox/97.0', '{\"node_id\":63}', null, '1646623691', '2', null);
INSERT INTO `cd_log` VALUES ('309864', 'admin', 'admin', 'http://localhost:2010/admin/Node/delete', '127.0.0.1', 'Mozilla/5.0 (Windows NT 10.0; Win64; x64; rv:97.0) Gecko/20100101 Firefox/97.0', '{\"node_id\":28}', null, '1646623780', '2', null);
INSERT INTO `cd_log` VALUES ('309865', 'admin', 'admin', 'http://localhost:2010/admin/Map/add', '127.0.0.1', 'Mozilla/5.0 (Windows NT 10.0; Win64; x64; rv:97.0) Gecko/20100101 Firefox/97.0', '{\"title\":\"\",\"bddt\":\"{\\\"address\\\":\\\"广西壮族自治区南宁市青秀区嘉宾路\\\",\\\"lng\\\":108.372876,\\\"lat\\\":22.823739}\",\"gddt\":\"\",\"txdt\":\"\"}', null, '1646624439', '2', null);
INSERT INTO `cd_log` VALUES ('309866', 'admin', 'admin', 'http://localhost:2010/admin/Login/index.html', '127.0.0.1', 'Mozilla/5.0 (Windows NT 10.0; Win64; x64; rv:97.0) Gecko/20100101 Firefox/97.0', null, null, '1646639021', '1', null);
INSERT INTO `cd_log` VALUES ('309867', 'admin', 'admin', 'http://localhost:2010/admin/Link.Link/delete', '127.0.0.1', 'Mozilla/5.0 (Windows NT 10.0; Win64; x64; rv:97.0) Gecko/20100101 Firefox/97.0', '{\"link_id\":8}', null, '1646639048', '2', null);
INSERT INTO `cd_log` VALUES ('309868', 'admin', 'admin', 'http://localhost:2010/admin/Link.Link/delete', '127.0.0.1', 'Mozilla/5.0 (Windows NT 10.0; Win64; x64; rv:97.0) Gecko/20100101 Firefox/97.0', '{\"link_id\":7}', null, '1646639058', '2', null);
INSERT INTO `cd_log` VALUES ('309869', 'admin', 'admin', 'http://localhost:2010/admin/Link.Link/delete', '127.0.0.1', 'Mozilla/5.0 (Windows NT 10.0; Win64; x64; rv:97.0) Gecko/20100101 Firefox/97.0', '{\"link_id\":6}', null, '1646639059', '2', null);
INSERT INTO `cd_log` VALUES ('309870', 'admin', 'admin', 'http://localhost:2010/admin/Link.Linkcata/update', '127.0.0.1', 'Mozilla/5.0 (Windows NT 10.0; Win64; x64; rv:97.0) Gecko/20100101 Firefox/97.0', '{\"linkcata_id\":6,\"class_name\":\"默认分类\",\"status\":1,\"jdt\":17}', null, '1646639731', '2', null);
INSERT INTO `cd_log` VALUES ('309871', 'admin', 'admin', 'http://localhost:2010/admin/Login/index.html', '127.0.0.1', 'Mozilla/5.0 (Windows NT 10.0; Win64; x64; rv:97.0) Gecko/20100101 Firefox/97.0', null, null, '1646704179', '1', null);
INSERT INTO `cd_log` VALUES ('309872', 'admin', 'admin', 'http://localhost:2010/admin/Login/index.html', '127.0.0.1', 'Mozilla/5.0 (Windows NT 10.0; Win64; x64; rv:97.0) Gecko/20100101 Firefox/97.0', null, null, '1646731737', '1', null);
INSERT INTO `cd_log` VALUES ('309873', 'admin', 'admin', 'http://localhost:2010/admin/Uploadfile/add', '127.0.0.1', 'Mozilla/5.0 (Windows NT 10.0; Win64; x64; rv:97.0) Gecko/20100101 Firefox/97.0', '{\"title\":\"\",\"pic\":\"\",\"pic_2\":\"\",\"pics\":[],\"file\":\"\\/uploads\\/admin\\/202203\\/622721f7d1994.zip\",\"files\":[]}', null, '1646731769', '2', null);
INSERT INTO `cd_log` VALUES ('309874', 'admin', 'admin', 'http://localhost:2010/admin/Uploadfile/add', '127.0.0.1', 'Mozilla/5.0 (Windows NT 10.0; Win64; x64; rv:97.0) Gecko/20100101 Firefox/97.0', '{\"title\":\"\",\"pic\":\"\",\"pic_2\":\"\",\"pics\":[],\"file\":\"\\/uploads\\/admin\\/202203\\/6227220b1f686.xls\",\"files\":[]}', null, '1646731788', '2', null);
INSERT INTO `cd_log` VALUES ('309875', 'admin', 'admin', 'http://localhost:2010/admin/Uploadfile/delete', '127.0.0.1', 'Mozilla/5.0 (Windows NT 10.0; Win64; x64; rv:97.0) Gecko/20100101 Firefox/97.0', '{\"uploadfile_id\":3}', null, '1646731797', '2', null);
INSERT INTO `cd_log` VALUES ('309876', 'admin', 'admin', 'http://localhost:2010/admin/Uploadfile/delete', '127.0.0.1', 'Mozilla/5.0 (Windows NT 10.0; Win64; x64; rv:97.0) Gecko/20100101 Firefox/97.0', '{\"uploadfile_id\":2}', null, '1646731799', '2', null);
INSERT INTO `cd_log` VALUES ('309877', 'admin', 'admin', 'http://localhost:2010/admin/Login/index.html', '127.0.0.1', 'Mozilla/5.0 (Windows NT 10.0; Win64; x64; rv:98.0) Gecko/20100101 Firefox/98.0', null, null, '1646878900', '1', null);
INSERT INTO `cd_log` VALUES ('309878', 'admin', 'admin', 'http://localhost:2010/admin/Uploadfile/add', '127.0.0.1', 'Mozilla/5.0 (Windows NT 10.0; Win64; x64; rv:98.0) Gecko/20100101 Firefox/98.0', '{\"title\":\"\",\"pic\":\"\",\"pic_2\":\"\",\"pics\":[],\"file\":\"\\/uploads\\/admin\\/202203\\/622975eb7efe4.xlsx\",\"files\":[]}', null, '1646884333', '2', null);
INSERT INTO `cd_log` VALUES ('309879', 'admin', 'admin', 'http://localhost:2010/admin/Uploadfile/update', '127.0.0.1', 'Mozilla/5.0 (Windows NT 10.0; Win64; x64; rv:98.0) Gecko/20100101 Firefox/98.0', '{\"uploadfile_id\":4,\"title\":\"\",\"pic\":\"\",\"pic_2\":\"\",\"pics\":[],\"file\":\"\",\"files\":[]}', null, '1646884926', '2', null);
INSERT INTO `cd_log` VALUES ('309880', 'admin', 'admin', 'http://localhost:2010/admin/Uploadfile/delete', '127.0.0.1', 'Mozilla/5.0 (Windows NT 10.0; Win64; x64; rv:98.0) Gecko/20100101 Firefox/98.0', '{\"uploadfile_id\":4}', null, '1646884928', '2', null);
INSERT INTO `cd_log` VALUES ('309881', 'admin', 'admin', 'http://localhost:2010/admin/Node/update', '127.0.0.1', 'Mozilla/5.0 (Windows NT 10.0; Win64; x64; rv:98.0) Gecko/20100101 Firefox/98.0', '{\"node_id\":41,\"title\":\"前端笔记\",\"type\":1,\"path\":\"\\/admin\\/Celan\",\"status\":1,\"icon\":\"el-icon-link\",\"sortid\":41}', null, '1646894125', '2', null);
INSERT INTO `cd_log` VALUES ('309882', 'admin', 'admin', 'http://localhost:2010/admin/Node/update', '127.0.0.1', 'Mozilla/5.0 (Windows NT 10.0; Win64; x64; rv:98.0) Gecko/20100101 Firefox/98.0', '{\"node_id\":41,\"title\":\"前端笔记\",\"type\":1,\"path\":\"\\/admin\\/Font\",\"status\":1,\"icon\":\"el-icon-link\",\"sortid\":41}', null, '1646894244', '2', null);
INSERT INTO `cd_log` VALUES ('309883', 'admin', 'admin', 'http://localhost:2010/admin/Node/update', '127.0.0.1', 'Mozilla/5.0 (Windows NT 10.0; Win64; x64; rv:98.0) Gecko/20100101 Firefox/98.0', '{\"node_id\":42,\"pid\":41,\"title\":\"前端技术分类\",\"type\":1,\"path\":\"\\/admin\\/Font.Fontcata\\/index.html\",\"status\":1,\"icon\":\"\",\"sortid\":42}', null, '1646894463', '2', null);
INSERT INTO `cd_log` VALUES ('309884', 'admin', 'admin', 'http://localhost:2010/admin/Node/update', '127.0.0.1', 'Mozilla/5.0 (Windows NT 10.0; Win64; x64; rv:98.0) Gecko/20100101 Firefox/98.0', '{\"node_id\":43,\"pid\":41,\"title\":\"友情链接\",\"type\":1,\"path\":\"\\/admin\\/Font.Font\\/index.html\",\"status\":1,\"icon\":\"\",\"sortid\":43}', null, '1646894732', '2', null);
INSERT INTO `cd_log` VALUES ('309885', 'admin', 'admin', 'http://localhost:2010/admin/Link.Linkcata/add', '127.0.0.1', 'Mozilla/5.0 (Windows NT 10.0; Win64; x64; rv:98.0) Gecko/20100101 Firefox/98.0', '{\"class_name\":\"HTML\",\"status\":1}', null, '1646897784', '2', null);
INSERT INTO `cd_log` VALUES ('309886', 'admin', 'admin', 'http://localhost:2010/admin/Link.Linkcata/add', '127.0.0.1', 'Mozilla/5.0 (Windows NT 10.0; Win64; x64; rv:98.0) Gecko/20100101 Firefox/98.0', '{\"class_name\":\"CSS\",\"status\":1}', null, '1646897816', '2', null);
INSERT INTO `cd_log` VALUES ('309887', 'admin', 'admin', 'http://localhost:2010/admin/Link.Linkcata/add', '127.0.0.1', 'Mozilla/5.0 (Windows NT 10.0; Win64; x64; rv:98.0) Gecko/20100101 Firefox/98.0', '{\"class_name\":\"JavaScript\",\"status\":1,\"jdt\":0}', null, '1646897906', '2', null);
INSERT INTO `cd_log` VALUES ('309888', 'admin', 'admin', 'http://localhost:2010/admin/Link.Link/update', '127.0.0.1', 'Mozilla/5.0 (Windows NT 10.0; Win64; x64; rv:98.0) Gecko/20100101 Firefox/98.0', '{\"link_id\":5,\"title\":\"测试啊啊啊\",\"url\":\"type=secren\",\"linkcata_id\":2,\"logo\":\"http:\\/\\/vue.whpj.vip\\/uploads\\/admin\\/202105\\/60af8d7d47a10.jpg\",\"status\":1,\"sortid\":1,\"create_time\":\"2021-09-28 23:01:08\"}', null, '1646902515', '2', null);
INSERT INTO `cd_log` VALUES ('309889', 'admin', 'admin', 'http://localhost:2010/admin/Node/update', '127.0.0.1', 'Mozilla/5.0 (Windows NT 10.0; Win64; x64; rv:98.0) Gecko/20100101 Firefox/98.0', '{\"node_id\":42,\"pid\":41,\"title\":\"前端技术分类\",\"type\":1,\"path\":\"\\/admin\\/Link.Linkcata\\/index.html\",\"status\":1,\"icon\":\"\",\"sortid\":42}', null, '1646903110', '2', null);
INSERT INTO `cd_log` VALUES ('309890', 'admin', 'admin', 'http://localhost:2010/admin/Node/update', '127.0.0.1', 'Mozilla/5.0 (Windows NT 10.0; Win64; x64; rv:98.0) Gecko/20100101 Firefox/98.0', '{\"node_id\":43,\"pid\":41,\"title\":\"前端技术\",\"type\":1,\"path\":\"\\/admin\\/Link.Link\\/index.html\",\"status\":1,\"icon\":\"\",\"sortid\":43}', null, '1646903145', '2', null);
INSERT INTO `cd_log` VALUES ('309891', 'admin', 'admin', 'http://localhost:2010/admin/Link.Link/delete', '127.0.0.1', 'Mozilla/5.0 (Windows NT 10.0; Win64; x64; rv:98.0) Gecko/20100101 Firefox/98.0', '{\"link_id\":5}', null, '1646903830', '2', null);
INSERT INTO `cd_log` VALUES ('309892', 'admin', 'admin', 'http://localhost:2010/admin/Link.Link/update', '127.0.0.1', 'Mozilla/5.0 (Windows NT 10.0; Win64; x64; rv:98.0) Gecko/20100101 Firefox/98.0', '{\"link_id\":4,\"title\":\"网易\",\"linkcata_id\":2,\"logo\":\"http:\\/\\/vue.whpj.vip\\/uploads\\/admin\\/202105\\/60af8d7d47a10.jpg\",\"status\":1,\"sortid\":10,\"create_time\":\"2021-05-27 21:20:15\"}', null, '1646904570', '2', null);
INSERT INTO `cd_log` VALUES ('309893', 'admin', 'admin', 'http://localhost:2010/admin/Link.Link/update', '127.0.0.1', 'Mozilla/5.0 (Windows NT 10.0; Win64; x64; rv:98.0) Gecko/20100101 Firefox/98.0', '{\"link_id\":4,\"title\":\"网易\",\"url\":\"http:\\/\\/16311.comhttp:\\/\\/16311.comhttp:\\/\\/16311.comhttp:\\/\\/16311.comhttp:\\/\\/16311.comhttp:\\/\\/16311.comhttp:\\/\\/16311.comhttp:\\/\\/16311.comhttp:\\/\\/16311.comhttp:\\/\\/16311.com\",\"linkcata_id\":2,\"logo\":\"http:\\/\\/vue.whpj.vip\\/uploads\\/admin\\/202105\\/60af8d7d47a10.jpg\",\"status\":1,\"sortid\":10,\"create_time\":\"2021-05-27 21:20:15\"}', null, '1646904610', '2', null);
INSERT INTO `cd_log` VALUES ('309894', 'admin', 'admin', 'http://localhost:2010/admin/Link.Link/update', '127.0.0.1', 'Mozilla/5.0 (Windows NT 10.0; Win64; x64; rv:98.0) Gecko/20100101 Firefox/98.0', '{\"link_id\":4,\"title\":\"网易\",\"linkcata_id\":2,\"logo\":\"http:\\/\\/vue.whpj.vip\\/uploads\\/admin\\/202105\\/60af8d7d47a10.jpg\",\"status\":1,\"sortid\":10,\"create_time\":\"2021-05-27 21:20:15\"}', null, '1646904616', '2', null);
INSERT INTO `cd_log` VALUES ('309895', 'admin', 'admin', 'http://localhost:2010/admin/Link.Link/update', '127.0.0.1', 'Mozilla/5.0 (Windows NT 10.0; Win64; x64; rv:98.0) Gecko/20100101 Firefox/98.0', '{\"link_id\":4,\"title\":\"网易\",\"url\":\"isfniasnfoasnofinasfiasnfoinewwfneiofnoiwfn weionfeiownf l;wf;lmnkqwnfoiewnenwgkndflkgnfdnglkdfnlgkndfgniowehoighweoiweklntklewngiorigwefew\",\"linkcata_id\":2,\"logo\":\"http:\\/\\/vue.whpj.vip\\/uploads\\/admin\\/202105\\/60af8d7d47a10.jpg\",\"status\":1,\"sortid\":10,\"create_time\":\"2021-05-27 21:20:15\"}', null, '1646904635', '2', null);
INSERT INTO `cd_log` VALUES ('309896', 'admin', 'admin', 'http://localhost:2010/admin/Link.Link/update', '127.0.0.1', 'Mozilla/5.0 (Windows NT 10.0; Win64; x64; rv:98.0) Gecko/20100101 Firefox/98.0', '{\"link_id\":4,\"title\":\"网易\",\"url\":\"\",\"linkcata_id\":2,\"logo\":\"http:\\/\\/vue.whpj.vip\\/uploads\\/admin\\/202105\\/60af8d7d47a10.jpg\",\"status\":1,\"sortid\":10,\"create_time\":\"2021-05-27 21:20:15\"}', null, '1646904649', '2', null);
INSERT INTO `cd_log` VALUES ('309897', 'admin', null, 'http://localhost:2010/admin/Link.Link/add', '127.0.0.1', 'Mozilla/5.0 (Windows NT 10.0; Win64; x64; rv:98.0) Gecko/20100101 Firefox/98.0', '{\"title\":\"\\u79fb\\u52a8\\u4f4d\\u7f6e\",\"url\":\"<p><span>\\ud83d\\ude03dsadas<\\/span><\\/p>\",\"linkcata_id\":2,\"logo\":\"\",\"status\":1,\"create_time\":\"\"}', 'SQLSTATE[HY000]: General error: 1366 Incorrect string value: \'\\xF0\\x9F\\x98\\x83ds...\' for column \'content\' at row 1', '1646905093', '3', null);
INSERT INTO `cd_log` VALUES ('309898', 'admin', null, 'http://localhost:2010/admin/Link.Link/add', '127.0.0.1', 'Mozilla/5.0 (Windows NT 10.0; Win64; x64; rv:98.0) Gecko/20100101 Firefox/98.0', '{\"title\":\"\\u79fb\\u52a8\\u4f4d\\u7f6e\",\"url\":\"<p><span>\\ud83d\\ude03dsadas<\\/span><\\/p>\",\"linkcata_id\":2,\"logo\":\"\",\"status\":1,\"create_time\":\"\"}', 'SQLSTATE[HY000]: General error: 1366 Incorrect string value: \'\\xF0\\x9F\\x98\\x83ds...\' for column \'content\' at row 1', '1646905099', '3', null);
INSERT INTO `cd_log` VALUES ('309899', 'admin', 'admin', 'http://localhost:2010/admin/Link.Link/add', '127.0.0.1', 'Mozilla/5.0 (Windows NT 10.0; Win64; x64; rv:98.0) Gecko/20100101 Firefox/98.0', '{\"title\":\"321312\",\"url\":\"3123\",\"linkcata_id\":1,\"logo\":\"\",\"status\":1,\"create_time\":\"\"}', null, '1646905116', '2', null);
INSERT INTO `cd_log` VALUES ('309900', 'admin', 'admin', 'http://localhost:2010/admin/Link.Link/delete', '127.0.0.1', 'Mozilla/5.0 (Windows NT 10.0; Win64; x64; rv:98.0) Gecko/20100101 Firefox/98.0', '{\"link_id\":9}', null, '1646905118', '2', null);
INSERT INTO `cd_log` VALUES ('309901', 'admin', 'admin', 'http://localhost:2010/admin/Link.Link/add', '127.0.0.1', 'Mozilla/5.0 (Windows NT 10.0; Win64; x64; rv:98.0) Gecko/20100101 Firefox/98.0', '{\"title\":\"213\",\"url\":\"<p>23123<br\\/><\\/p>\",\"linkcata_id\":1,\"logo\":\"\",\"status\":1,\"create_time\":\"\"}', null, '1646905198', '2', null);
INSERT INTO `cd_log` VALUES ('309902', 'admin', null, 'http://localhost:2010/admin/Link.Link/add', '127.0.0.1', 'Mozilla/5.0 (Windows NT 10.0; Win64; x64; rv:98.0) Gecko/20100101 Firefox/98.0', '{\"title\":\"\",\"url\":\"<p>123123<span>\\ud83d\\ude00<\\/span><\\/p>\",\"linkcata_id\":1,\"logo\":\"\",\"status\":1,\"create_time\":\"\"}', 'SQLSTATE[HY000]: General error: 1366 Incorrect string value: \'\\xF0\\x9F\\x98\\x80<\\...\' for column \'content\' at row 1', '1646905212', '3', null);
INSERT INTO `cd_log` VALUES ('309903', 'admin', 'admin', 'http://localhost:2010/admin/Link.Link/add', '127.0.0.1', 'Mozilla/5.0 (Windows NT 10.0; Win64; x64; rv:98.0) Gecko/20100101 Firefox/98.0', '{\"title\":\"ty地\",\"url\":\"安抚个人个人后台今天又今天已经t\'y\",\"linkcata_id\":2,\"logo\":\"\",\"status\":1,\"create_time\":\"\"}', null, '1646905310', '2', null);
INSERT INTO `cd_log` VALUES ('309904', 'admin', 'admin', 'http://localhost:2010/admin/Login/index.html', '127.0.0.1', 'Mozilla/5.0 (Windows NT 10.0; Win64; x64; rv:98.0) Gecko/20100101 Firefox/98.0', null, null, '1646963638', '1', null);
INSERT INTO `cd_log` VALUES ('309905', 'admin', 'admin', 'http://localhost:2010/admin/Link.Link/add', '127.0.0.1', 'Mozilla/5.0 (Windows NT 10.0; Win64; x64; rv:98.0) Gecko/20100101 Firefox/98.0', '{\"title\":\"2\",\"url\":\"3\",\"linkcata_id\":1,\"logo\":\"\",\"status\":1,\"create_time\":\"\"}', null, '1646964261', '2', null);
INSERT INTO `cd_log` VALUES ('309906', 'admin', 'admin', 'http://localhost:2010/admin/Link.Link/update', '127.0.0.1', 'Mozilla/5.0 (Windows NT 10.0; Win64; x64; rv:98.0) Gecko/20100101 Firefox/98.0', '{\"link_id\":11,\"title\":\"ty地\",\"url\":\"安抚个人个人后台今天又今天已经t\'y\",\"linkcata_id\":2,\"logo\":\"\",\"status\":1,\"sortid\":11,\"create_time\":\"2022-03-10 17:41:50\"}', null, '1646964616', '2', null);
INSERT INTO `cd_log` VALUES ('309907', 'admin', 'admin', 'http://localhost:2010/admin/Link.Link/update', '127.0.0.1', 'Mozilla/5.0 (Windows NT 10.0; Win64; x64; rv:98.0) Gecko/20100101 Firefox/98.0', '{\"link_id\":12,\"title\":\"2\",\"url\":\"32\",\"linkcata_id\":1,\"logo\":\"\",\"status\":1,\"sortid\":12,\"create_time\":\"2022-03-11 10:04:21\"}', null, '1646964619', '2', null);
INSERT INTO `cd_log` VALUES ('309908', 'admin', 'admin', 'http://localhost:2010/admin/Link.Link/update', '127.0.0.1', 'Mozilla/5.0 (Windows NT 10.0; Win64; x64; rv:98.0) Gecko/20100101 Firefox/98.0', '{\"link_id\":12,\"title\":\"2\",\"url\":\"32\",\"linkcata_id\":1,\"logo\":\"\",\"status\":1,\"sortid\":12,\"create_time\":\"2022-03-11 10:04:21\"}', null, '1646964636', '2', null);
INSERT INTO `cd_log` VALUES ('309909', 'admin', 'admin', 'http://localhost:2010/admin/Link.Link/add', '127.0.0.1', 'Mozilla/5.0 (Windows NT 10.0; Win64; x64; rv:98.0) Gecko/20100101 Firefox/98.0', '{\"title\":\"1\",\"linkcata_id\":3,\"logo\":\"\",\"status\":1,\"create_time\":\"\"}', null, '1646964715', '2', null);
INSERT INTO `cd_log` VALUES ('309910', 'admin', 'admin', 'http://localhost:2010/admin/Goods/update', '127.0.0.1', 'Mozilla/5.0 (Windows NT 10.0; Win64; x64; rv:98.0) Gecko/20100101 Firefox/98.0', '{\"goods_id\":5,\"goods_name\":\"九牧 JOMOO 不锈钢上水头编织软管 花洒喷头耐热防爆淋浴软管 H2BE2\",\"class_id\":2,\"supplier_id\":1,\"pic\":\"\\/uploads\\/admin\\/202203\\/622ab15dd20fa.jpg\",\"sale_price\":\"445.00\",\"images\":[{\"url\":\"http:\\/\\/vue.whpj.vip\\/uploads\\/admin\\/202105\\/60af9200b555c.jpg\",\"name\":\"5ff40b8d7fbd2.jpg\"},{\"url\":\"\\/uploads\\/admin\\/202110\\/61627c797917c.png\",\"name\":\"5ff5dfbd5b60a.png\"}],\"status\":1,\"cd\":\"\",\"store\":0,\"sortid\":5,\"create_time\":\"2021-10-10 16:05:13\",\"detail\":\"<p>fdfdfdfdfdfd<\\/p>\",\"user_id\":1}', null, '1646965137', '2', null);
INSERT INTO `cd_log` VALUES ('309911', 'admin', 'admin', 'http://localhost:2010/admin/Goods/update', '127.0.0.1', 'Mozilla/5.0 (Windows NT 10.0; Win64; x64; rv:98.0) Gecko/20100101 Firefox/98.0', '{\"goods_id\":5,\"goods_name\":\"九牧 JOMOO 不锈钢上水头编织软管 花洒喷头耐热防爆淋浴软管 H2BE2\",\"class_id\":2,\"supplier_id\":1,\"pic\":\"\\/uploads\\/admin\\/202203\\/622ab22e1daf8.jpg\",\"sale_price\":\"445.00\",\"images\":[{\"url\":\"http:\\/\\/vue.whpj.vip\\/uploads\\/admin\\/202105\\/60af9200b555c.jpg\",\"name\":\"5ff40b8d7fbd2.jpg\"},{\"url\":\"\\/uploads\\/admin\\/202110\\/61627c797917c.png\",\"name\":\"5ff5dfbd5b60a.png\"}],\"status\":1,\"cd\":\"\",\"store\":0,\"sortid\":5,\"create_time\":\"2021-10-10 16:05:13\",\"detail\":\"<p>fdfdfdfdfdfd<\\/p>\",\"user_id\":1}', null, '1646965295', '2', null);
INSERT INTO `cd_log` VALUES ('309912', 'admin', 'admin', 'http://localhost:2010/admin/Cms.Content/update', '127.0.0.1', 'Mozilla/5.0 (Windows NT 10.0; Win64; x64; rv:98.0) Gecko/20100101 Firefox/98.0', '{\"content_id\":72,\"title\":\"测试标题\",\"class_id\":13,\"pic\":\"\\/uploads\\/admin\\/202110\\/617125c9dc3be.jpg\",\"status\":1,\"position\":[\"1\"],\"jumpurl\":\"\",\"create_time\":\"2019-05-01 11:59:04\",\"author\":\"admin\",\"keyword\":[],\"description\":\"\",\"sortid\":72,\"views\":220}', null, '1646965552', '2', null);
INSERT INTO `cd_log` VALUES ('309913', 'admin', 'admin', 'http://localhost:2010/admin/Cms.Content/update', '127.0.0.1', 'Mozilla/5.0 (Windows NT 10.0; Win64; x64; rv:98.0) Gecko/20100101 Firefox/98.0', '{\"content_id\":72,\"title\":\"测试标题\",\"class_id\":13,\"pic\":\"\\/uploads\\/admin\\/202110\\/617125c9dc3be.jpg\",\"detail\":\"<p><img src=\\\"\\/uploads\\/admin\\/202203\\/622ab22e1daf8.jpg\\\" style=\\\"max-width:100%;\\\"\\/><\\/p><p><img src=\\\"\\/uploads\\/admin\\/202203\\/622ab32554293.png\\\" style=\\\"max-width:100%;\\\"\\/><\\/p>\",\"status\":1,\"position\":[\"1\"],\"jumpurl\":\"\",\"create_time\":\"2019-05-01 11:59:04\",\"author\":\"admin\",\"keyword\":[],\"description\":\"\",\"sortid\":72,\"views\":221}', null, '1646965584', '2', null);
INSERT INTO `cd_log` VALUES ('309914', 'admin', 'admin', 'http://localhost:2010/admin/Cms.Content/update', '127.0.0.1', 'Mozilla/5.0 (Windows NT 10.0; Win64; x64; rv:98.0) Gecko/20100101 Firefox/98.0', '{\"content_id\":72,\"title\":\"测试标题\",\"class_id\":13,\"pic\":\"\\/uploads\\/admin\\/202110\\/617125c9dc3be.jpg\",\"detail\":\" \",\"status\":1,\"position\":[\"1\"],\"jumpurl\":\"\",\"create_time\":\"2019-05-01 11:59:04\",\"author\":\"admin\",\"keyword\":[],\"description\":\"\",\"sortid\":72,\"views\":222}', null, '1646965679', '2', null);
INSERT INTO `cd_log` VALUES ('309915', 'admin', 'admin', 'http://localhost:2010/admin/Cms.Content/update', '127.0.0.1', 'Mozilla/5.0 (Windows NT 10.0; Win64; x64; rv:98.0) Gecko/20100101 Firefox/98.0', '{\"content_id\":72,\"title\":\"测试标题\",\"class_id\":13,\"pic\":\"\\/uploads\\/admin\\/202110\\/617125c9dc3be.jpg\",\"detail\":\"\",\"status\":1,\"position\":[\"1\"],\"jumpurl\":\"\",\"create_time\":\"2019-05-01 11:59:04\",\"author\":\"admin\",\"keyword\":[],\"description\":\"\",\"sortid\":72,\"views\":224}', null, '1646965753', '2', null);
INSERT INTO `cd_log` VALUES ('309916', 'admin', 'admin', 'http://localhost:2010/admin/Cms.Content/update', '127.0.0.1', 'Mozilla/5.0 (Windows NT 10.0; Win64; x64; rv:98.0) Gecko/20100101 Firefox/98.0', '{\"content_id\":72,\"title\":\"测试标题\",\"class_id\":13,\"pic\":\"\\/uploads\\/admin\\/202110\\/617125c9dc3be.jpg\",\"status\":1,\"position\":[\"1\"],\"jumpurl\":\"\",\"create_time\":\"2019-05-01 11:59:04\",\"author\":\"admin\",\"keyword\":[],\"description\":\"\",\"sortid\":72,\"views\":224}', null, '1646965781', '2', null);
INSERT INTO `cd_log` VALUES ('309917', 'admin', 'admin', 'http://localhost:2010/admin/Cms.Content/update', '127.0.0.1', 'Mozilla/5.0 (Windows NT 10.0; Win64; x64; rv:98.0) Gecko/20100101 Firefox/98.0', '{\"content_id\":72,\"title\":\"测试标题\",\"class_id\":13,\"pic\":\"\\/uploads\\/admin\\/202110\\/617125c9dc3be.jpg\",\"detail\":\"<p><img src=\\\"\\/uploads\\/admin\\/202203\\/622ab22e1daf8.jpg\\\" style=\\\"max-width:100%;\\\"\\/><\\/p><p><img src=\\\"\\/uploads\\/admin\\/202203\\/622ab32554293.png\\\" style=\\\"max-width:100%;\\\"\\/><\\/p>\",\"status\":1,\"position\":[\"1\"],\"jumpurl\":\"\",\"create_time\":\"2019-05-01 11:59:04\",\"author\":\"admin\",\"keyword\":[],\"description\":\"\",\"sortid\":72,\"views\":225}', null, '1646965795', '2', null);
INSERT INTO `cd_log` VALUES ('309918', 'admin', 'admin', 'http://localhost:2010/admin/Cms.Catagory/update', '127.0.0.1', 'Mozilla/5.0 (Windows NT 10.0; Win64; x64; rv:98.0) Gecko/20100101 Firefox/98.0', '{\"class_id\":22,\"pid\":null,\"class_name\":\"内容模\",\"subtitle\":null,\"type\":1,\"list_tpl\":\"list\",\"detail_tpl\":\"view2\",\"pic\":null,\"keyword\":[],\"description\":null,\"jumpurl\":null,\"status\":1,\"sortid\":22,\"filepath\":null,\"filename\":\"index.html\",\"module_id\":1055,\"upload_config_id\":null}', null, '1646966271', '2', null);
INSERT INTO `cd_log` VALUES ('309919', 'admin', 'admin', 'http://localhost:2010/admin/Login/index.html', '127.0.0.1', 'Mozilla/5.0 (Windows NT 10.0; Win64; x64; rv:98.0) Gecko/20100101 Firefox/98.0', null, null, '1646968295', '1', null);
INSERT INTO `cd_log` VALUES ('309920', 'admin', 'admin', 'http://localhost:2010/admin/Login/index.html', '::1', 'Mozilla/5.0 (Windows NT 10.0; Win64; x64) AppleWebKit/537.36 (KHTML, like Gecko) Chrome/99.0.4844.51 Safari/537.36 Edg/99.0.1150.36', null, null, '1646970993', '1', null);
INSERT INTO `cd_log` VALUES ('309921', 'admin', 'admin', 'http://localhost:2010/admin/Login/index.html', '127.0.0.1', 'Mozilla/5.0 (Windows NT 10.0; Win64; x64; rv:98.0) Gecko/20100101 Firefox/98.0', null, null, '1646982596', '1', null);
INSERT INTO `cd_log` VALUES ('309922', 'admin', 'admin', 'http://localhost:2010/admin/Login/index.html', '127.0.0.1', 'Mozilla/5.0 (Windows NT 10.0; Win64; x64; rv:98.0) Gecko/20100101 Firefox/98.0', null, null, '1647393642', '1', null);
INSERT INTO `cd_log` VALUES ('309923', 'admin', 'admin', 'http://localhost:2010/admin/Login/index.html', '127.0.0.1', 'Mozilla/5.0 (Windows NT 10.0; Win64; x64; rv:98.0) Gecko/20100101 Firefox/98.0', null, null, '1647484562', '1', null);
INSERT INTO `cd_log` VALUES ('309924', 'admin', 'admin', 'http://localhost:2010/admin/Node/update', '127.0.0.1', 'Mozilla/5.0 (Windows NT 10.0; Win64; x64; rv:98.0) Gecko/20100101 Firefox/98.0', '{\"node_id\":44,\"title\":\"操作笔记\",\"type\":1,\"path\":\"\\/admin\\/Batch\\/index.html\",\"status\":1,\"icon\":\"dripicons-wallet\",\"sortid\":44}', null, '1647487546', '2', null);
INSERT INTO `cd_log` VALUES ('309925', 'admin', 'admin', 'http://localhost:2010/admin/Link.Link/update', '127.0.0.1', 'Mozilla/5.0 (Windows NT 10.0; Win64; x64; rv:98.0) Gecko/20100101 Firefox/98.0', '{\"link_id\":13,\"title\":\"12\",\"linkcata_id\":3,\"logo\":\"\",\"status\":1,\"sortid\":13,\"create_time\":\"2022-03-11 10:11:55\"}', null, '1647489186', '2', null);
INSERT INTO `cd_log` VALUES ('309926', 'admin', null, 'http://localhost:2010/admin/Batch/index', '127.0.0.1', 'Mozilla/5.0 (Windows NT 10.0; Win64; x64; rv:98.0) Gecko/20100101 Firefox/98.0', '{\"limit\":20,\"page\":1,\"bq\":\"vue\"}', 'where express error:LIKR', '1647501770', '3', null);
INSERT INTO `cd_log` VALUES ('309927', 'admin', null, 'http://localhost:2010/admin/Batch/index', '127.0.0.1', 'Mozilla/5.0 (Windows NT 10.0; Win64; x64; rv:98.0) Gecko/20100101 Firefox/98.0', '{\"limit\":20,\"page\":1,\"bq\":\"vue\"}', 'where express error:LIKR', '1647501775', '3', null);
INSERT INTO `cd_log` VALUES ('309928', 'admin', 'admin', 'http://localhost:2010/admin/Cms.Content/update', '127.0.0.1', 'Mozilla/5.0 (Windows NT 10.0; Win64; x64; rv:98.0) Gecko/20100101 Firefox/98.0', '{\"content_id\":73,\"title\":\"一款基于Intel I350AM4芯片的POE网卡\",\"class_id\":9,\"pic\":\"\",\"status\":1,\"position\":[],\"jumpurl\":\"\",\"create_time\":\"2021-08-08 20:56:18\",\"author\":\"\",\"keyword\":[],\"description\":\"\",\"sortid\":73,\"views\":69}', null, '1647504681', '2', null);
INSERT INTO `cd_log` VALUES ('309929', 'admin', 'admin', 'http://localhost:2010/admin/Cms.Content/update', '127.0.0.1', 'Mozilla/5.0 (Windows NT 10.0; Win64; x64; rv:98.0) Gecko/20100101 Firefox/98.0', '{\"content_id\":73,\"title\":\"一款基于Intel I350AM4芯片的POE网卡1\",\"class_id\":9,\"pic\":\"\",\"status\":1,\"position\":[],\"jumpurl\":\"\",\"create_time\":\"2021-08-08 20:56:18\",\"author\":\"\",\"keyword\":[],\"description\":\"\",\"sortid\":73,\"views\":70}', null, '1647504711', '2', null);
INSERT INTO `cd_log` VALUES ('309930', 'admin', 'admin', 'http://localhost:2010/admin/Cms.Content/update', '127.0.0.1', 'Mozilla/5.0 (Windows NT 10.0; Win64; x64; rv:98.0) Gecko/20100101 Firefox/98.0', '{\"content_id\":73,\"title\":\"一款基于Intel I350AM4芯片的POE网卡1\",\"class_id\":9,\"pic\":\"\",\"status\":1,\"position\":[],\"jumpurl\":\"\",\"create_time\":\"2021-08-08 20:56:18\",\"author\":\"\",\"keyword\":[],\"description\":\"\",\"sortid\":73,\"views\":70}', null, '1647504722', '2', null);
INSERT INTO `cd_log` VALUES ('309931', 'admin', 'admin', 'http://localhost:2010/admin/Cms.Content/update', '127.0.0.1', 'Mozilla/5.0 (Windows NT 10.0; Win64; x64; rv:98.0) Gecko/20100101 Firefox/98.0', '{\"content_id\":75,\"title\":\"带内容模型的文章测试\",\"class_id\":22,\"pic\":\"http:\\/\\/vue.whpj.vip\\/uploads\\/admin\\/202105\\/60af8d85f101d.jpg\",\"detail\":\"<p>内容模型<img src=\\\"http:\\/\\/vue.whpj.vip\\/uploads\\/admin\\/202105\\/60af8d85f101d.jpg\\\" style=\\\"max-width: 100%;\\\"\\/><\\/p>\",\"status\":1,\"position\":[\"2\",\"1\"],\"jumpurl\":\"\",\"create_time\":\"2021-10-21 17:23:53\",\"author\":\"\",\"keyword\":[],\"description\":\"2131\",\"sortid\":75,\"views\":9,\"id\":1,\"wbk\":\"文本框\",\"xlk\":1,\"xldx\":[\"1\",\"2\"],\"dxk\":1,\"dxka\":[],\"kg\":1,\"wby\":\"文本与测试\",\"rqk\":\"2021-10-20\",\"rqfw\":[\"2021-10-20T16:00:00.000Z\",\"2021-10-29T16:00:00.000Z\"],\"dt\":\"http:\\/\\/vue.whpj.vip\\/uploads\\/admin\\/202105\\/60af91ffbd6f8.jpg\",\"dt2\":\"http:\\/\\/vue.whpj.vip\\/uploads\\/admin\\/202105\\/60afbe5f64890.jpg\",\"file\":\"http:\\/\\/vue.whpj.vip\\/uploads\\/admin\\/202105\\/60af94abc6d3a.jpg\",\"files\":[{\"url\":\"http:\\/\\/vue.whpj.vip\\/uploads\\/admin\\/202105\\/60af94abc6d3a.jpg\",\"name\":\"a4 - 副本.jpg\"},{\"url\":\"http:\\/\\/vue.whpj.vip\\/uploads\\/admin\\/202105\\/60af8d85f101d.jpg\",\"name\":\"a5 - 副本 (2).jpg\"}],\"jsq\":23,\"bq\":[\"vueamdin\",\"快速生成\",\"不写代码\"],\"hk\":22,\"color\":\"rgba(193, 57, 57, 1)\",\"jzd\":[{\"key\":\"A\",\"val\":\"中国\"},{\"key\":\"B\",\"val\":\"美国\"},{\"key\":\"C\",\"val\":\"法国\"}],\"ssq\":[\"天津市\",\"市辖区\",\"河东区\"],\"dddt\":\"{\\\"address\\\":\\\"武汉市江岸区沿江大道兰陵路-公交车站\\\",\\\"lng\\\":114.307996,\\\"lat\\\":30.589417}\",\"gddt\":\"{\\\"address\\\":\\\"湖北省武汉市江岸区一元街街道诚昌里\\\",\\\"lng\\\":114.2978,\\\"lat\\\":30.585191}\",\"txdt\":\"{\\\"address\\\":\\\"湖北省武汉市洪山区珞狮路北港村公交站珞狮路北港村公交站\\\",\\\"lng\\\":114.343628,\\\"lat\\\":30.498732}\",\"wangeditor\":\"<p>测试1<\\/p>\",\"tinymce\":\"<p>测试2<img src=\\\"http:\\/\\/vue.whpj.vip\\/uploads\\/admin\\/202105\\/60af8d85f101d.jpg\\\" alt=\\\"\\\" width=\\\"200\\\" height=\\\"200\\\" \\/><\\/p>\",\"images\":[{\"url\":\"http:\\/\\/vue.whpj.vip\\/uploads\\/admin\\/202105\\/60af8d85f101d.jpg\",\"name\":\"a5 - 副本 (2).jpg\"},{\"url\":\"http:\\/\\/vue.whpj.vip\\/uploads\\/admin\\/202105\\/60af94abc6d3a.jpg\",\"name\":\"a4 - 副本.jpg\"},{\"url\":\"http:\\/\\/vue.whpj.vip\\/uploads\\/admin\\/202105\\/60af8d752fe38.jpg\",\"name\":\"a3 - 副本 (2).jpg\"}]}', null, '1647505018', '2', null);
INSERT INTO `cd_log` VALUES ('309932', 'admin', 'admin', 'http://localhost:2010/admin/Cms.Content/update', '127.0.0.1', 'Mozilla/5.0 (Windows NT 10.0; Win64; x64; rv:98.0) Gecko/20100101 Firefox/98.0', '{\"content_id\":73,\"title\":\"一款基于Intel I350AM4芯片的POE网卡1\",\"class_id\":9,\"pic\":\"\",\"status\":1,\"position\":[],\"jumpurl\":\"\",\"create_time\":\"2021-08-08 20:56:18\",\"author\":\"\",\"keyword\":[\"2222222\"],\"description\":\"123\",\"sortid\":73,\"views\":71}', null, '1647505104', '2', null);
INSERT INTO `cd_log` VALUES ('309933', 'admin', 'admin', 'http://localhost:2010/admin/Cms.Content/update', '127.0.0.1', 'Mozilla/5.0 (Windows NT 10.0; Win64; x64; rv:98.0) Gecko/20100101 Firefox/98.0', '{\"content_id\":73,\"title\":\"一款基于Intel I350AM4芯片的POE网卡1\",\"class_id\":9,\"pic\":\"\",\"status\":1,\"position\":[],\"jumpurl\":\"\",\"create_time\":\"2021-08-08 20:56:18\",\"author\":\"\",\"keyword\":[\"2222222\"],\"description\":\"123\",\"sortid\":73,\"views\":72}', null, '1647505193', '2', null);
INSERT INTO `cd_log` VALUES ('309934', 'admin', 'admin', 'http://localhost:2010/admin/Cms.Content/update', '127.0.0.1', 'Mozilla/5.0 (Windows NT 10.0; Win64; x64; rv:98.0) Gecko/20100101 Firefox/98.0', '{\"content_id\":73,\"title\":\"一款基于Intel I350AM4芯片的POE网卡1\",\"class_id\":9,\"pic\":\"\",\"status\":1,\"position\":[],\"jumpurl\":\"\",\"create_time\":\"2021-08-08 20:56:18\",\"author\":\"\",\"keyword\":[\"2222222\"],\"description\":\"123\",\"sortid\":73,\"views\":72}', null, '1647505196', '2', null);
INSERT INTO `cd_log` VALUES ('309935', 'admin', 'admin', 'http://localhost:2010/admin/Cms.Content/update', '127.0.0.1', 'Mozilla/5.0 (Windows NT 10.0; Win64; x64; rv:98.0) Gecko/20100101 Firefox/98.0', '{\"content_id\":73,\"title\":\"一款基于Intel I350AM4芯片的POE网卡1\",\"class_id\":9,\"pic\":\"\",\"status\":1,\"position\":[],\"jumpurl\":\"\",\"create_time\":\"2021-08-08 20:56:18\",\"author\":\"\",\"keyword\":[\"2222222\"],\"description\":\"123\",\"sortid\":73,\"views\":72}', null, '1647505204', '2', null);
INSERT INTO `cd_log` VALUES ('309936', 'admin', 'admin', 'http://localhost:2010/admin/Cms.Content/update', '127.0.0.1', 'Mozilla/5.0 (Windows NT 10.0; Win64; x64; rv:98.0) Gecko/20100101 Firefox/98.0', '{\"content_id\":73,\"title\":\"一款基于Intel I350AM4芯片的POE网卡1\",\"class_id\":9,\"pic\":\"\",\"status\":1,\"position\":[],\"jumpurl\":\"\",\"create_time\":\"2021-08-08 20:56:18\",\"author\":\"\",\"keyword\":[\"2222222\"],\"description\":\"123\",\"sortid\":73,\"views\":72}', null, '1647505238', '2', null);
INSERT INTO `cd_log` VALUES ('309937', 'admin', 'admin', 'http://localhost:2010/admin/Cms.Content/update', '127.0.0.1', 'Mozilla/5.0 (Windows NT 10.0; Win64; x64; rv:98.0) Gecko/20100101 Firefox/98.0', '{\"content_id\":73,\"title\":\"一款基于Intel I350AM4芯片的POE网卡1\",\"class_id\":9,\"pic\":\"\",\"status\":1,\"position\":[],\"jumpurl\":\"\",\"create_time\":\"2021-08-08 20:56:18\",\"author\":\"\",\"keyword\":[\"2222222\"],\"description\":\"123\",\"sortid\":73,\"views\":72}', null, '1647505255', '2', null);
INSERT INTO `cd_log` VALUES ('309938', 'admin', 'admin', 'http://localhost:2010/admin/Cms.Content/update', '127.0.0.1', 'Mozilla/5.0 (Windows NT 10.0; Win64; x64; rv:98.0) Gecko/20100101 Firefox/98.0', '{\"content_id\":73,\"title\":\"一款基于Intel I350AM4芯片的POE网卡1\",\"class_id\":9,\"pic\":\"\",\"status\":1,\"position\":[],\"jumpurl\":\"\",\"create_time\":\"2021-08-08 20:56:18\",\"author\":\"\",\"keyword\":[\"2222222\"],\"description\":\"123\",\"sortid\":73,\"views\":72}', null, '1647505263', '2', null);
INSERT INTO `cd_log` VALUES ('309939', 'admin', 'admin', 'http://localhost:2010/admin/Cms.Content/update', '127.0.0.1', 'Mozilla/5.0 (Windows NT 10.0; Win64; x64; rv:98.0) Gecko/20100101 Firefox/98.0', '{\"content_id\":73,\"title\":\"一款基于Intel I350AM4芯片的POE网卡1\",\"class_id\":9,\"pic\":\"\",\"status\":1,\"position\":[],\"jumpurl\":\"\",\"create_time\":\"2021-08-08 20:56:18\",\"author\":\"\",\"keyword\":[],\"description\":\"123\",\"sortid\":73,\"views\":72}', null, '1647505317', '2', null);
INSERT INTO `cd_log` VALUES ('309940', 'admin', 'admin', 'http://localhost:2010/admin/Cms.Content/update', '127.0.0.1', 'Mozilla/5.0 (Windows NT 10.0; Win64; x64; rv:98.0) Gecko/20100101 Firefox/98.0', '{\"content_id\":73,\"title\":\"一款基于Intel I350AM4芯片的POE网卡1\",\"class_id\":9,\"pic\":\"\",\"status\":1,\"position\":[],\"jumpurl\":\"\",\"create_time\":\"2021-08-08 20:56:18\",\"author\":\"\",\"keyword\":[],\"description\":\"123\",\"sortid\":73,\"views\":72}', null, '1647505321', '2', null);
INSERT INTO `cd_log` VALUES ('309941', 'admin', 'admin', 'http://localhost:2010/admin/Cms.Content/update', '127.0.0.1', 'Mozilla/5.0 (Windows NT 10.0; Win64; x64; rv:98.0) Gecko/20100101 Firefox/98.0', '{\"content_id\":73,\"title\":\"一款基于Intel I350AM4芯片的POE网卡1\",\"class_id\":9,\"pic\":\"\",\"status\":1,\"position\":[],\"jumpurl\":\"\",\"create_time\":\"2021-08-08 20:56:18\",\"author\":\"\",\"keyword\":[],\"description\":\"123564864\",\"sortid\":73,\"views\":72}', null, '1647505364', '2', null);
INSERT INTO `cd_log` VALUES ('309942', 'admin', 'admin', 'http://localhost:2010/admin/Cms.Content/update', '127.0.0.1', 'Mozilla/5.0 (Windows NT 10.0; Win64; x64; rv:98.0) Gecko/20100101 Firefox/98.0', '{\"content_id\":73,\"title\":\"一款基于Intel I350AM4芯片的POE网卡1\",\"class_id\":9,\"pic\":\"\",\"status\":1,\"position\":[\"2\"],\"jumpurl\":\"31231\",\"create_time\":\"2021-08-08 20:56:18\",\"author\":\"1231\",\"keyword\":[],\"description\":\"123564864\",\"sortid\":73,\"views\":72,\"subtitle\":\"312\"}', null, '1647505372', '2', null);
INSERT INTO `cd_log` VALUES ('309943', 'admin', 'admin', 'http://localhost:2010/admin/Cms.Content/update', '127.0.0.1', 'Mozilla/5.0 (Windows NT 10.0; Win64; x64; rv:98.0) Gecko/20100101 Firefox/98.0', '{\"content_id\":73,\"title\":\"一款基于Intel I350AM4芯片的POE网卡1\",\"class_id\":9,\"pic\":\"\",\"status\":1,\"position\":[\"2\"],\"jumpurl\":\"31231\",\"create_time\":\"2021-08-08 20:56:18\",\"author\":\"1231\",\"keyword\":[],\"description\":\"123564864\",\"sortid\":73,\"views\":72,\"subtitle\":\"213123213\"}', null, '1647505381', '2', null);
INSERT INTO `cd_log` VALUES ('309944', 'admin', 'admin', 'http://localhost:2010/admin/Cms.Content/update', '127.0.0.1', 'Mozilla/5.0 (Windows NT 10.0; Win64; x64; rv:98.0) Gecko/20100101 Firefox/98.0', '{\"content_id\":73,\"title\":\"一款基于Intel I350AM4芯片的POE网卡1\",\"class_id\":9,\"pic\":\"\",\"status\":1,\"position\":[\"2\"],\"jumpurl\":\"31231\",\"create_time\":\"2021-08-08 20:56:18\",\"author\":\"1231\",\"keyword\":[],\"description\":\"123564864\",\"sortid\":73,\"views\":72}', null, '1647505499', '2', null);
INSERT INTO `cd_log` VALUES ('309945', 'admin', 'admin', 'http://localhost:2010/admin/Cms.Content/update', '127.0.0.1', 'Mozilla/5.0 (Windows NT 10.0; Win64; x64; rv:98.0) Gecko/20100101 Firefox/98.0', '{\"content_id\":73,\"title\":\"一款基于Intel I350AM4芯片的POE网卡1\",\"class_id\":9,\"pic\":\"\",\"status\":1,\"position\":[\"2\"],\"jumpurl\":\"31231\",\"create_time\":\"2021-08-08 20:56:18\",\"author\":\"1231\",\"keyword\":[],\"description\":\"123564864\",\"sortid\":73,\"views\":72}', null, '1647505648', '2', null);
INSERT INTO `cd_log` VALUES ('309946', 'admin', 'admin', 'http://localhost:2010/admin/Cms.Content/update', '127.0.0.1', 'Mozilla/5.0 (Windows NT 10.0; Win64; x64; rv:98.0) Gecko/20100101 Firefox/98.0', '{\"content_id\":73,\"title\":\"一款基于Intel I350AM4芯片的POE网卡1\",\"class_id\":9,\"pic\":\"\",\"status\":1,\"position\":[\"2\"],\"jumpurl\":\"31231\",\"create_time\":\"2021-08-08 20:56:18\",\"author\":\"1231\",\"keyword\":[],\"description\":\"123564864\",\"sortid\":73,\"views\":72}', null, '1647506111', '2', null);
INSERT INTO `cd_log` VALUES ('309947', 'admin', 'admin', 'http://localhost:2010/admin/Cms.Content/update', '127.0.0.1', 'Mozilla/5.0 (Windows NT 10.0; Win64; x64; rv:98.0) Gecko/20100101 Firefox/98.0', '{\"content_id\":73,\"title\":\"一款基于Intel I350AM4芯片的POE网卡1\",\"class_id\":9,\"pic\":\"\",\"status\":1,\"position\":[\"2\"],\"jumpurl\":\"31231\",\"create_time\":\"2021-08-08 20:56:18\",\"author\":\"1231\",\"keyword\":[],\"description\":\"123564864\",\"sortid\":73,\"views\":72}', null, '1647506357', '2', null);
INSERT INTO `cd_log` VALUES ('309948', 'admin', 'admin', 'http://localhost:2010/admin/Batch/update', '127.0.0.1', 'Mozilla/5.0 (Windows NT 10.0; Win64; x64; rv:98.0) Gecko/20100101 Firefox/98.0', '{\"batch_id\":13,\"title\":\"寒塘冷月\",\"sex\":1,\"status\":1,\"amount\":\"568.00\",\"wb\":\"会更好\",\"bq\":[\"xhadmin\",\"vue\",\"房贷首付\"],\"sortid\":6,\"jsq\":4545}', null, '1647506661', '2', null);
INSERT INTO `cd_log` VALUES ('309949', 'admin', 'admin', 'http://localhost:2010/admin/Cms.Content/update', '127.0.0.1', 'Mozilla/5.0 (Windows NT 10.0; Win64; x64; rv:98.0) Gecko/20100101 Firefox/98.0', '{\"content_id\":73,\"title\":\"一款基于Intel I350AM4芯片的POE网卡1\",\"class_id\":9,\"pic\":\"\",\"status\":1,\"position\":[],\"jumpurl\":\"31231\",\"create_time\":\"2021-08-08 20:56:18\",\"author\":\"1231\",\"keyword\":[],\"description\":\"123564864\",\"sortid\":73,\"views\":72}', null, '1647506812', '2', null);
INSERT INTO `cd_log` VALUES ('309950', 'admin', null, 'http://localhost:2010/admin/Cms.Content/getInfo', '127.0.0.1', 'Mozilla/5.0 (Windows NT 10.0; Win64; x64; rv:98.0) Gecko/20100101 Firefox/98.0', '{\"content_id\":73}', 'SQLSTATE[42S22]: Column not found: 1054 Unknown column \'keyword\' in \'field list\'', '1647507151', '3', null);
INSERT INTO `cd_log` VALUES ('309951', 'admin', null, 'http://localhost:2010/admin/Cms.Content/getInfo', '127.0.0.1', 'Mozilla/5.0 (Windows NT 10.0; Win64; x64; rv:98.0) Gecko/20100101 Firefox/98.0', '{\"content_id\":73}', 'SQLSTATE[42S22]: Column not found: 1054 Unknown column \'keyword\' in \'field list\'', '1647507155', '3', null);
INSERT INTO `cd_log` VALUES ('309952', 'admin', null, 'http://localhost:2010/admin/Cms.Content/getInfo', '127.0.0.1', 'Mozilla/5.0 (Windows NT 10.0; Win64; x64; rv:98.0) Gecko/20100101 Firefox/98.0', '{\"content_id\":73}', 'SQLSTATE[42S22]: Column not found: 1054 Unknown column \'keyword\' in \'field list\'', '1647507168', '3', null);
INSERT INTO `cd_log` VALUES ('309953', 'admin', null, 'http://localhost:2010/admin/Cms.Content/getInfo', '127.0.0.1', 'Mozilla/5.0 (Windows NT 10.0; Win64; x64; rv:98.0) Gecko/20100101 Firefox/98.0', '{\"content_id\":73}', 'SQLSTATE[42S22]: Column not found: 1054 Unknown column \'keyword\' in \'field list\'', '1647507171', '3', null);
INSERT INTO `cd_log` VALUES ('309954', 'admin', null, 'http://localhost:2010/admin/Cms.Content/getInfo', '127.0.0.1', 'Mozilla/5.0 (Windows NT 10.0; Win64; x64; rv:98.0) Gecko/20100101 Firefox/98.0', '{\"content_id\":73}', 'SQLSTATE[42S22]: Column not found: 1054 Unknown column \'keyword\' in \'field list\'', '1647507179', '3', null);
INSERT INTO `cd_log` VALUES ('309955', 'admin', null, 'http://localhost:2010/admin/Cms.Content/getInfo', '127.0.0.1', 'Mozilla/5.0 (Windows NT 10.0; Win64; x64; rv:98.0) Gecko/20100101 Firefox/98.0', '{\"content_id\":23}', 'SQLSTATE[42S22]: Column not found: 1054 Unknown column \'keyword\' in \'field list\'', '1647507198', '3', null);
INSERT INTO `cd_log` VALUES ('309956', 'admin', null, 'http://localhost:2010/admin/Cms.Content/getInfo', '127.0.0.1', 'Mozilla/5.0 (Windows NT 10.0; Win64; x64; rv:98.0) Gecko/20100101 Firefox/98.0', '{\"content_id\":73}', 'SQLSTATE[42S22]: Column not found: 1054 Unknown column \'keyword\' in \'field list\'', '1647507228', '3', null);
INSERT INTO `cd_log` VALUES ('309957', 'admin', null, 'http://localhost:2010/admin/Cms.Content/getInfo', '127.0.0.1', 'Mozilla/5.0 (Windows NT 10.0; Win64; x64; rv:98.0) Gecko/20100101 Firefox/98.0', '{\"content_id\":73}', 'SQLSTATE[42S22]: Column not found: 1054 Unknown column \'keyword\' in \'field list\'', '1647507230', '3', null);
INSERT INTO `cd_log` VALUES ('309958', 'admin', null, 'http://localhost:2010/admin/Cms.Content/getInfo', '127.0.0.1', 'Mozilla/5.0 (Windows NT 10.0; Win64; x64; rv:98.0) Gecko/20100101 Firefox/98.0', '{\"content_id\":73}', 'SQLSTATE[42S22]: Column not found: 1054 Unknown column \'keyword\' in \'field list\'', '1647507230', '3', null);
INSERT INTO `cd_log` VALUES ('309959', 'admin', null, 'http://localhost:2010/admin/Cms.Content/getInfo', '127.0.0.1', 'Mozilla/5.0 (Windows NT 10.0; Win64; x64; rv:98.0) Gecko/20100101 Firefox/98.0', '{\"content_id\":73}', 'SQLSTATE[42S22]: Column not found: 1054 Unknown column \'keyword\' in \'field list\'', '1647507231', '3', null);
INSERT INTO `cd_log` VALUES ('309960', 'admin', null, 'http://localhost:2010/admin/Cms.Content/getInfo', '127.0.0.1', 'Mozilla/5.0 (Windows NT 10.0; Win64; x64; rv:98.0) Gecko/20100101 Firefox/98.0', '{\"content_id\":73}', 'SQLSTATE[42S22]: Column not found: 1054 Unknown column \'keyword\' in \'field list\'', '1647507231', '3', null);
INSERT INTO `cd_log` VALUES ('309961', 'admin', 'admin', 'http://localhost:2010/admin/Cms.Content/update', '127.0.0.1', 'Mozilla/5.0 (Windows NT 10.0; Win64; x64; rv:98.0) Gecko/20100101 Firefox/98.0', '{\"content_id\":73,\"title\":\"一款基于Intel I350AM4芯片的POE网卡1\",\"class_id\":9,\"pic\":\"\",\"status\":1,\"position\":[],\"jumpurl\":\"31231\",\"create_time\":\"2021-08-08 20:56:18\",\"author\":\"1231\",\"keywords\":[],\"description\":\"123564864\",\"sortid\":73,\"views\":72,\"keyword\":[\"\"]}', null, '1647507272', '2', null);
INSERT INTO `cd_log` VALUES ('309962', 'admin', 'admin', 'http://localhost:2010/admin/Cms.Content/update', '127.0.0.1', 'Mozilla/5.0 (Windows NT 10.0; Win64; x64; rv:98.0) Gecko/20100101 Firefox/98.0', '{\"content_id\":73,\"title\":\"一款基于Intel I350AM4芯片的POE网卡1\",\"class_id\":9,\"pic\":\"\",\"status\":1,\"position\":[],\"jumpurl\":\"31231\",\"create_time\":\"2021-08-08 20:56:18\",\"author\":\"1231\",\"description\":\"123564864\",\"sortid\":73,\"views\":72,\"keyword\":[\"\"],\"keywords\":[]}', null, '1647508183', '2', null);
INSERT INTO `cd_log` VALUES ('309963', 'admin', 'admin', 'http://localhost:2010/admin/Cms.Content/update', '127.0.0.1', 'Mozilla/5.0 (Windows NT 10.0; Win64; x64; rv:98.0) Gecko/20100101 Firefox/98.0', '{\"content_id\":75,\"title\":\"带内容模型的文章测试\",\"class_id\":22,\"pic\":\"http:\\/\\/vue.whpj.vip\\/uploads\\/admin\\/202105\\/60af8d85f101d.jpg\",\"detail\":\"<p>内容模型<img src=\\\"http:\\/\\/vue.whpj.vip\\/uploads\\/admin\\/202105\\/60af8d85f101d.jpg\\\" style=\\\"max-width: 100%;\\\"\\/><\\/p>\",\"status\":1,\"position\":[\"2\",\"1\"],\"jumpurl\":\"\",\"create_time\":\"2021-10-21 17:23:53\",\"author\":\"\",\"keywords\":[\"\"],\"description\":\"2131\",\"sortid\":75,\"views\":9,\"keyword\":[],\"id\":1,\"wbk\":\"文本框\",\"xlk\":1,\"xldx\":[\"1\",\"2\"],\"dxk\":1,\"dxka\":[],\"kg\":1,\"wby\":\"文本与测试\",\"rqk\":\"2021-10-20\",\"rqfw\":[\"2021-10-20T16:00:00.000Z\",\"2021-10-29T16:00:00.000Z\"],\"dt\":\"http:\\/\\/vue.whpj.vip\\/uploads\\/admin\\/202105\\/60af91ffbd6f8.jpg\",\"dt2\":\"http:\\/\\/vue.whpj.vip\\/uploads\\/admin\\/202105\\/60afbe5f64890.jpg\",\"file\":\"http:\\/\\/vue.whpj.vip\\/uploads\\/admin\\/202105\\/60af94abc6d3a.jpg\",\"files\":[{\"url\":\"http:\\/\\/vue.whpj.vip\\/uploads\\/admin\\/202105\\/60af94abc6d3a.jpg\",\"name\":\"a4 - 副本.jpg\"},{\"url\":\"http:\\/\\/vue.whpj.vip\\/uploads\\/admin\\/202105\\/60af8d85f101d.jpg\",\"name\":\"a5 - 副本 (2).jpg\"}],\"jsq\":23,\"bq\":[\"vueamdin\",\"快速生成\",\"不写代码\"],\"hk\":22,\"color\":\"rgba(193, 57, 57, 1)\",\"jzd\":[{\"key\":\"A\",\"val\":\"中国\"},{\"key\":\"B\",\"val\":\"美国\"},{\"key\":\"C\",\"val\":\"法国\"}],\"ssq\":[\"天津市\",\"市辖区\",\"河东区\"],\"dddt\":\"{\\\"address\\\":\\\"武汉市江岸区沿江大道兰陵路-公交车站\\\",\\\"lng\\\":114.307996,\\\"lat\\\":30.589417}\",\"gddt\":\"{\\\"address\\\":\\\"湖北省武汉市江岸区一元街街道诚昌里\\\",\\\"lng\\\":114.2978,\\\"lat\\\":30.585191}\",\"txdt\":\"{\\\"address\\\":\\\"湖北省武汉市洪山区珞狮路北港村公交站珞狮路北港村公交站\\\",\\\"lng\\\":114.343628,\\\"lat\\\":30.498732}\",\"wangeditor\":\"<p>测试1<\\/p>\",\"tinymce\":\"<p>测试2<img src=\\\"http:\\/\\/vue.whpj.vip\\/uploads\\/admin\\/202105\\/60af8d85f101d.jpg\\\" alt=\\\"\\\" width=\\\"200\\\" height=\\\"200\\\" \\/><\\/p>\",\"images\":[{\"url\":\"http:\\/\\/vue.whpj.vip\\/uploads\\/admin\\/202105\\/60af8d85f101d.jpg\",\"name\":\"a5 - 副本 (2).jpg\"},{\"url\":\"http:\\/\\/vue.whpj.vip\\/uploads\\/admin\\/202105\\/60af94abc6d3a.jpg\",\"name\":\"a4 - 副本.jpg\"},{\"url\":\"http:\\/\\/vue.whpj.vip\\/uploads\\/admin\\/202105\\/60af8d752fe38.jpg\",\"name\":\"a3 - 副本 (2).jpg\"}]}', null, '1647509113', '2', null);
INSERT INTO `cd_log` VALUES ('309964', 'admin', 'admin', 'http://localhost:2010/admin/Cms.Content/update', '127.0.0.1', 'Mozilla/5.0 (Windows NT 10.0; Win64; x64; rv:98.0) Gecko/20100101 Firefox/98.0', '{\"content_id\":73,\"title\":\"一款基于Intel I350AM4芯片的POE网卡1\",\"class_id\":9,\"pic\":\"\",\"status\":1,\"position\":[],\"jumpurl\":\"31231\",\"create_time\":\"2021-08-08 20:56:18\",\"author\":\"1231\",\"keywords\":[\"\"],\"description\":\"123564864\",\"sortid\":73,\"views\":72,\"keyword\":[]}', null, '1647509123', '2', null);
INSERT INTO `cd_log` VALUES ('309965', 'admin', 'admin', 'http://localhost:2010/admin/Cms.Content/update', '127.0.0.1', 'Mozilla/5.0 (Windows NT 10.0; Win64; x64; rv:98.0) Gecko/20100101 Firefox/98.0', '{\"content_id\":73,\"title\":\"一款基于Intel I350AM4芯片的POE网卡1\",\"class_id\":9,\"pic\":\"\",\"status\":1,\"position\":[],\"jumpurl\":\"31231\",\"create_time\":\"2021-08-08 20:56:18\",\"author\":\"1231\",\"keywords\":[\"\"],\"description\":\"123564864\",\"sortid\":73,\"views\":72,\"keyword\":[]}', null, '1647509174', '2', null);
INSERT INTO `cd_log` VALUES ('309966', 'admin', 'admin', 'http://localhost:2010/admin/Cms.Content/update', '127.0.0.1', 'Mozilla/5.0 (Windows NT 10.0; Win64; x64; rv:98.0) Gecko/20100101 Firefox/98.0', '{\"content_id\":73,\"title\":\"一款基于Intel I350AM4芯片的POE网卡1\",\"class_id\":9,\"pic\":\"\",\"status\":1,\"position\":[],\"jumpurl\":\"31231\",\"create_time\":\"2021-08-08 20:56:18\",\"author\":\"1231\",\"keywords\":[\"\"],\"description\":\"123564864\",\"sortid\":73,\"views\":72,\"keyword\":[]}', null, '1647509284', '2', null);
INSERT INTO `cd_log` VALUES ('309967', 'admin', null, 'http://localhost:2010/admin/Cms.Content/getInfo', '127.0.0.1', 'Mozilla/5.0 (Windows NT 10.0; Win64; x64; rv:98.0) Gecko/20100101 Firefox/98.0', '{\"content_id\":75}', 'SQLSTATE[42S22]: Column not found: 1054 Unknown column \'keyword\' in \'field list\'', '1647509592', '3', null);
INSERT INTO `cd_log` VALUES ('309968', 'admin', 'admin', 'http://localhost:2010/admin/Cms.Content/update', '127.0.0.1', 'Mozilla/5.0 (Windows NT 10.0; Win64; x64; rv:98.0) Gecko/20100101 Firefox/98.0', '{\"content_id\":73,\"title\":\"一款基于Intel I350AM4芯片的POE网卡1\",\"class_id\":9,\"pic\":\"\",\"status\":1,\"position\":[],\"jumpurl\":\"31231\",\"create_time\":\"2021-08-08 20:56:18\",\"author\":\"1231\",\"keywords\":[\"645\",\"6456\"],\"description\":\"123564864\",\"sortid\":73,\"views\":72,\"keyword\":[\"\"]}', null, '1647509636', '2', null);
INSERT INTO `cd_log` VALUES ('309969', 'admin', 'admin', 'http://localhost:2010/admin/Login/index.html', '127.0.0.1', 'Mozilla/5.0 (Windows NT 10.0; Win64; x64; rv:98.0) Gecko/20100101 Firefox/98.0', null, null, '1647565761', '1', null);
INSERT INTO `cd_log` VALUES ('309970', 'admin', 'admin', 'http://localhost:2010/admin/Batch/delete', '127.0.0.1', 'Mozilla/5.0 (Windows NT 10.0; Win64; x64; rv:98.0) Gecko/20100101 Firefox/98.0', '{\"batch_id\":13}', null, '1647566861', '2', null);
INSERT INTO `cd_log` VALUES ('309971', 'admin', 'admin', 'http://localhost:2010/admin/Batch/add', '127.0.0.1', 'Mozilla/5.0 (Windows NT 10.0; Win64; x64; rv:98.0) Gecko/20100101 Firefox/98.0', '{\"title\":\"iis 网站下看板娘文件Moc、Mtn文件404解决办法\",\"sex\":1,\"status\":1,\"amount\":\"http:\\/\\/www.bpwen.cn\\/show\\/2118\\/9477\",\"wb\":\"文件拓展名：.moc\\nMIME类型（M）: application\\/x-mocha\\n文件拓展名：.mtn\\nMIME类型（M）: application\\/octet-stream\",\"bq\":[\"iis\"]}', null, '1647568506', '2', null);
INSERT INTO `cd_log` VALUES ('309972', 'admin', 'admin', 'http://localhost:2010/admin/Batch/add', '127.0.0.1', 'Mozilla/5.0 (Windows NT 10.0; Win64; x64; rv:98.0) Gecko/20100101 Firefox/98.0', '{\"title\":\"原因:CORS 头缺少 ‘Access-Control-Allow-Origin’ 解决办法\",\"sex\":1,\"status\":1,\"amount\":\"\",\"wb\":\"IIS配置：在iis添加HTTP响应头\\n1.Access-Control-Allow-Headers：Content-Type, api_key, Authorization\\n2.Access-Control-Allow-Origin：*\",\"bq\":[\"iis\"]}', null, '1647568672', '2', null);
INSERT INTO `cd_log` VALUES ('309973', 'admin', 'admin', 'http://localhost:2010/admin/Batch/add', '127.0.0.1', 'Mozilla/5.0 (Windows NT 10.0; Win64; x64; rv:98.0) Gecko/20100101 Firefox/98.0', '{\"title\":\"生成二维码的网址\",\"sex\":1,\"status\":1,\"amount\":\"\",\"wb\":\"https:\\/\\/cli.im\\/url\",\"bq\":[\"二维码\"]}', null, '1647568787', '2', null);
INSERT INTO `cd_log` VALUES ('309974', 'admin', 'admin', 'http://localhost:2010/admin/Batch/update', '127.0.0.1', 'Mozilla/5.0 (Windows NT 10.0; Win64; x64; rv:98.0) Gecko/20100101 Firefox/98.0', '{\"batch_id\":3,\"title\":\"生成二维码的网址\",\"sex\":1,\"status\":1,\"amount\":\"https:\\/\\/cli.im\\/url\",\"wb\":\"\",\"bq\":[\"二维码\"],\"sortid\":3,\"jsq\":null}', null, '1647569664', '2', null);
INSERT INTO `cd_log` VALUES ('309975', 'admin', 'admin', 'http://localhost:2010/admin/Batch/update', '127.0.0.1', 'Mozilla/5.0 (Windows NT 10.0; Win64; x64; rv:98.0) Gecko/20100101 Firefox/98.0', '{\"batch_id\":2,\"title\":\"原因:CORS 头缺少 ‘Access-Control-Allow-Origin’ 解决办法\",\"sex\":1,\"status\":1,\"amount\":\"\",\"wb\":\"IIS配置：在iis添加HTTP响应头\\n1.Access-Control-Allow-Headers：Content-Type, api_key, Authorization\\n2.Access-Control-Allow-Origin：*\",\"bq\":[\"iis\"],\"sortid\":2,\"jsq\":null}', null, '1647569708', '2', null);
INSERT INTO `cd_log` VALUES ('309976', 'admin', 'admin', 'http://localhost:2010/admin/Batch/update', '127.0.0.1', 'Mozilla/5.0 (Windows NT 10.0; Win64; x64; rv:98.0) Gecko/20100101 Firefox/98.0', '{\"batch_id\":1,\"title\":\"iis 网站下看板娘文件Moc、Mtn文件404解决办法\",\"sex\":1,\"status\":1,\"amount\":\"http:\\/\\/www.bpwen.cn\\/show\\/2118\\/9477\",\"wb\":\"文件拓展名：.moc\\nMIME类型（M）: application\\/x-mocha\\n文件拓展名：.mtn\\nMIME类型（M）: application\\/octet-stream\",\"bq\":[\"iis\"],\"sortid\":1,\"jsq\":null}', null, '1647569711', '2', null);
INSERT INTO `cd_log` VALUES ('309977', 'admin', 'admin', 'http://localhost:2010/admin/Batch/add', '127.0.0.1', 'Mozilla/5.0 (Windows NT 10.0; Win64; x64; rv:98.0) Gecko/20100101 Firefox/98.0', '{\"title\":\"在线压缩图片\",\"sex\":1,\"status\":1,\"amount\":\"https:\\/\\/www.bejson.com\\/ui\\/compress_img\\/\",\"wb\":\"\",\"bq\":[\"压缩图片\"]}', null, '1647569950', '2', null);
INSERT INTO `cd_log` VALUES ('309978', 'admin', 'admin', 'http://localhost:2010/admin/Batch/update', '127.0.0.1', 'Mozilla/5.0 (Windows NT 10.0; Win64; x64; rv:98.0) Gecko/20100101 Firefox/98.0', '{\"batch_id\":4,\"title\":\"在线压缩图片\",\"sex\":1,\"status\":1,\"amount\":\"https:\\/\\/www.bejson.com\\/ui\\/compress_img\\/\",\"wb\":\"\",\"bq\":[\"压缩图片\"],\"sortid\":4,\"jsq\":null,\"file\":\"\\/uploads\\/admin\\/202203\\/6233f2bd85e0f.xls\"}', null, '1647571649', '2', null);
INSERT INTO `cd_log` VALUES ('309979', 'admin', 'admin', 'http://localhost:2010/admin/Batch/update', '127.0.0.1', 'Mozilla/5.0 (Windows NT 10.0; Win64; x64; rv:98.0) Gecko/20100101 Firefox/98.0', '{\"batch_id\":4,\"title\":\"在线压缩图片\",\"sex\":1,\"status\":1,\"amount\":\"https:\\/\\/www.bejson.com\\/ui\\/compress_img\\/\",\"wb\":\"\",\"bq\":[\"压缩图片\"],\"sortid\":4,\"jsq\":null,\"file\":\"\\/uploads\\/admin\\/202203\\/6233f2eda18dc.xlsx\"}', null, '1647571694', '2', null);
INSERT INTO `cd_log` VALUES ('309980', 'admin', 'admin', 'http://localhost:2010/admin/Batch/update', '127.0.0.1', 'Mozilla/5.0 (Windows NT 10.0; Win64; x64; rv:98.0) Gecko/20100101 Firefox/98.0', '{\"batch_id\":4,\"title\":\"在线压缩图片\",\"sex\":1,\"status\":1,\"amount\":\"https:\\/\\/www.bejson.com\\/ui\\/compress_img\\/\",\"wb\":\"\",\"bq\":[\"压缩图片\"],\"file\":\"\",\"sortid\":4,\"jsq\":null}', null, '1647572282', '2', null);
INSERT INTO `cd_log` VALUES ('309981', 'admin', 'admin', 'http://localhost:2010/admin/Adminuser/delete', '127.0.0.1', 'Mozilla/5.0 (Windows NT 10.0; Win64; x64; rv:98.0) Gecko/20100101 Firefox/98.0', '{\"user_id\":29}', null, '1647573160', '2', null);
INSERT INTO `cd_log` VALUES ('309982', 'admin', 'admin', 'http://localhost:2010/admin/Role/delete', '127.0.0.1', 'Mozilla/5.0 (Windows NT 10.0; Win64; x64; rv:98.0) Gecko/20100101 Firefox/98.0', '{\"role_id\":50}', null, '1647573165', '2', null);
INSERT INTO `cd_log` VALUES ('309983', 'admin', 'admin', 'http://localhost:2010/admin/Cms.Content/update', '127.0.0.1', 'Mozilla/5.0 (Windows NT 10.0; Win64; x64; rv:98.0) Gecko/20100101 Firefox/98.0', '{\"content_id\":73,\"title\":\"一款基于Intel I350AM4芯片的POE网卡1\",\"class_id\":9,\"pic\":\"\",\"status\":1,\"position\":[],\"jumpurl\":\"\",\"create_time\":\"2021-08-08 20:56:18\",\"author\":\"1231\",\"keywords\":[\"645\",\"6456\"],\"description\":\"123564864\",\"sortid\":73,\"views\":72}', null, '1647583423', '2', null);
INSERT INTO `cd_log` VALUES ('309984', 'admin', 'admin', 'http://localhost:2010/admin/Batch/add', '127.0.0.1', 'Mozilla/5.0 (Windows NT 10.0; Win64; x64; rv:98.0) Gecko/20100101 Firefox/98.0', '{\"title\":\"IIS配置SSL并强制开启https教程\",\"sex\":1,\"status\":1,\"amount\":\"\",\"wb\":\"参考文档\",\"file\":\"\\/uploads\\/admin\\/202203\\/62343add8aae4.docx\",\"bq\":[\"iis\"]}', null, '1647590110', '2', null);
INSERT INTO `cd_log` VALUES ('309985', 'admin', 'admin', 'http://localhost:2010/admin/Uploadfile/add', '127.0.0.1', 'Mozilla/5.0 (Windows NT 10.0; Win64; x64; rv:98.0) Gecko/20100101 Firefox/98.0', '{\"title\":\"\",\"pic\":\"\",\"pic_2\":\"\",\"pics\":[{\"url\":\"\\/uploads\\/admin\\/202203\\/62344d9021057.jpg\",\"name\":\"320.jpg\"},{\"url\":\"\\/uploads\\/admin\\/202203\\/62344d9021057.jpg\",\"name\":\"320.jpg\"}],\"file\":\"\",\"files\":[]}', null, '1647594900', '2', null);
INSERT INTO `cd_log` VALUES ('309986', 'admin', 'admin', 'http://localhost:2010/admin/Uploadfile/update', '127.0.0.1', 'Mozilla/5.0 (Windows NT 10.0; Win64; x64; rv:98.0) Gecko/20100101 Firefox/98.0', '{\"uploadfile_id\":2,\"title\":\"\",\"pic\":\"\",\"pic_2\":\"\",\"pics\":[{\"url\":\"\\/uploads\\/admin\\/202203\\/62344d9021057.jpg\",\"name\":\"320.jpg\"},{\"url\":\"\\/uploads\\/admin\\/202203\\/62344d9021057.jpg\",\"name\":\"320.jpg\"},{\"url\":\"\\/uploads\\/admin\\/202203\\/62344d9021057.jpg\",\"name\":\"320.jpg\"}],\"file\":\"\",\"files\":[]}', null, '1647594905', '2', null);
INSERT INTO `cd_log` VALUES ('309987', 'admin', 'admin', 'http://localhost:1998/admin/Login/index.html', '::1', 'Mozilla/5.0 (Windows NT 10.0; Win64; x64) AppleWebKit/537.36 (KHTML, like Gecko) Chrome/97.0.4692.99 Safari/537.36', null, null, '1647615551', '1', null);
INSERT INTO `cd_log` VALUES ('309988', 'admin', 'admin', 'http://localhost:1998/admin/Batch/add', '::1', 'Mozilla/5.0 (Windows NT 10.0; Win64; x64) AppleWebKit/537.36 (KHTML, like Gecko) Chrome/97.0.4692.99 Safari/537.36', '{\"title\":\"iis下 URL Rewrite组件\",\"sex\":1,\"status\":1,\"amount\":\"https:\\/\\/www.iis.net\\/downloads\\/microsoft\\/url-rewrite#additionalDownloads\",\"wb\":\"url重写组件，没有的话config里配置的rewrite不生效会报错\",\"file\":\"\",\"bq\":[\"iis\"]}', null, '1647615863', '2', null);
INSERT INTO `cd_log` VALUES ('309989', 'admin', 'admin', 'http://localhost:1998/admin/Batch/update', '::1', 'Mozilla/5.0 (Windows NT 10.0; Win64; x64) AppleWebKit/537.36 (KHTML, like Gecko) Chrome/97.0.4692.99 Safari/537.36', '{\"batch_id\":6,\"title\":\"iis下 URL Rewrite组件\",\"sex\":1,\"status\":1,\"amount\":\"https:\\/\\/www.iis.net\\/downloads\\/microsoft\\/url-rewrite#additionalDownloads\",\"wb\":\"url重写组件，没有的话config里配置的rewrite不生效会报错\",\"bq\":[\"iis\"],\"file\":\"\",\"sortid\":6,\"jsq\":null}', null, '1647615938', '2', null);
INSERT INTO `cd_log` VALUES ('309990', 'admin', 'admin', 'http://localhost:1998/admin/Batch/update', '::1', 'Mozilla/5.0 (Windows NT 10.0; Win64; x64) AppleWebKit/537.36 (KHTML, like Gecko) Chrome/97.0.4692.99 Safari/537.36', '{\"batch_id\":6,\"title\":\"iis下 URL Rewrite组件\",\"sex\":1,\"status\":1,\"amount\":\"https:\\/\\/www.iis.net\\/downloads\\/microsoft\\/url-rewrite#additionalDownloads\",\"wb\":\"url重写组件，没有的话config里配置的rewrite不生效会报错\",\"bq\":[\"iis\"],\"file\":\"\\/uploads\\/admin\\/202203\\/6234a0ff1b153.zip\",\"sortid\":6,\"jsq\":null}', null, '1647616256', '2', null);
INSERT INTO `cd_log` VALUES ('309991', 'admin', 'admin', 'http://localhost:1998/admin/Batch/add', '::1', 'Mozilla/5.0 (Windows NT 10.0; Win64; x64) AppleWebKit/537.36 (KHTML, like Gecko) Chrome/97.0.4692.99 Safari/537.36', '{\"title\":\"上传图片文件报错，fopen() expects parameter 1 to be a\",\"sex\":1,\"status\":1,\"amount\":\"\",\"wb\":\"给临时目录 C:\\\\Windows\\\\Temp 加上 user 读取权限就可以。\",\"file\":\"\",\"bq\":[\"window\"]}', null, '1647616448', '2', null);
INSERT INTO `cd_log` VALUES ('309992', 'admin', 'admin', 'http://localhost:1998/admin/Batch/add', '::1', 'Mozilla/5.0 (Windows NT 10.0; Win64; x64) AppleWebKit/537.36 (KHTML, like Gecko) Chrome/97.0.4692.99 Safari/537.36', '{\"title\":\"微软常用运行库合集包v2019.07.20\",\"sex\":1,\"status\":1,\"amount\":\"\",\"wb\":\"见附件\",\"file\":\"\",\"bq\":[\"window\"]}', null, '1647617111', '2', null);
INSERT INTO `cd_log` VALUES ('309993', 'admin', 'admin', 'http://localhost:1998/admin/Batch/update', '::1', 'Mozilla/5.0 (Windows NT 10.0; Win64; x64) AppleWebKit/537.36 (KHTML, like Gecko) Chrome/97.0.4692.99 Safari/537.36', '{\"batch_id\":8,\"title\":\"微软常用运行库合集包v2019.07.20\",\"sex\":1,\"status\":1,\"amount\":\"https:\\/\\/www.zdfans.com\\/html\\/6826.html\",\"wb\":\"见链接\",\"bq\":[\"window\"],\"file\":\"\",\"sortid\":8,\"jsq\":null}', null, '1647617615', '2', null);
INSERT INTO `cd_log` VALUES ('309994', 'admin', 'admin', 'http://localhost:1998/admin/Login/index.html', '::1', 'Mozilla/5.0 (Windows NT 10.0; Win64; x64) AppleWebKit/537.36 (KHTML, like Gecko) Chrome/97.0.4692.99 Safari/537.36', null, null, '1647665207', '1', null);
INSERT INTO `cd_log` VALUES ('309995', 'admin', 'admin', 'http://localhost:1998/admin/Login/index.html', '::1', 'Mozilla/5.0 (Windows NT 10.0; Win64; x64) AppleWebKit/537.36 (KHTML, like Gecko) Chrome/97.0.4692.99 Safari/537.36', null, null, '1648134224', '1', null);
INSERT INTO `cd_log` VALUES ('309996', 'admin', 'admin', 'http://localhost:1998/admin/Link.Link/add', '::1', 'Mozilla/5.0 (Windows NT 10.0; Win64; x64) AppleWebKit/537.36 (KHTML, like Gecko) Chrome/97.0.4692.99 Safari/537.36', '{\"title\":\"web三大标准\",\"url\":\"结构(html)、表现(css)、行为(javascript)\",\"linkcata_id\":1,\"logo\":\"\",\"status\":1,\"create_time\":\"\"}', null, '1648134275', '2', null);
INSERT INTO `cd_log` VALUES ('309997', 'admin', 'admin', 'http://localhost:1998/admin/Link.Link/add', '::1', 'Mozilla/5.0 (Windows NT 10.0; Win64; x64) AppleWebKit/537.36 (KHTML, like Gecko) Chrome/97.0.4692.99 Safari/537.36', '{\"title\":\"<html lang=\\\"zh-CN\\\">\",\"url\":\"<html lang=\\\"zh-CN\\\">中文\\n<html lang=\\\"en\\\">英文\",\"linkcata_id\":1,\"logo\":\"\",\"status\":1,\"create_time\":\"\"}', null, '1648134305', '2', null);
INSERT INTO `cd_log` VALUES ('309998', 'admin', 'admin', 'http://localhost:1998/admin/Link.Link/add', '::1', 'Mozilla/5.0 (Windows NT 10.0; Win64; x64) AppleWebKit/537.36 (KHTML, like Gecko) Chrome/97.0.4692.99 Safari/537.36', '{\"title\":\"字符集 编码\",\"url\":\"<meta charset=\\\"UTF-8\\\">\",\"linkcata_id\":1,\"logo\":\"\",\"status\":1,\"create_time\":\"\"}', null, '1648134323', '2', null);
INSERT INTO `cd_log` VALUES ('309999', 'admin', 'admin', 'http://localhost:1998/admin/Link.Link/add', '::1', 'Mozilla/5.0 (Windows NT 10.0; Win64; x64) AppleWebKit/537.36 (KHTML, like Gecko) Chrome/97.0.4692.99 Safari/537.36', '{\"title\":\"将网页里的所有a链接都改成跳转新页面\",\"url\":\"<head>\\n   <base traget=\\\"_blank\\\">\\n<\\/head>\",\"linkcata_id\":1,\"logo\":\"\",\"status\":1,\"create_time\":\"\"}', null, '1648134358', '2', null);
INSERT INTO `cd_log` VALUES ('310000', 'admin', 'admin', 'http://localhost:1998/admin/Link.Link/add', '::1', 'Mozilla/5.0 (Windows NT 10.0; Win64; x64) AppleWebKit/537.36 (KHTML, like Gecko) Chrome/97.0.4692.99 Safari/537.36', '{\"title\":\"表格标题 在表格上方居中\",\"url\":\"<table>\\n         <caption>22<\\/caption>\\n<\\/table>\",\"linkcata_id\":1,\"logo\":\"\",\"status\":1,\"create_time\":\"\"}', null, '1648134381', '2', null);
INSERT INTO `cd_log` VALUES ('310001', 'admin', 'admin', 'http://localhost:1998/admin/Link.Link/add', '::1', 'Mozilla/5.0 (Windows NT 10.0; Win64; x64) AppleWebKit/537.36 (KHTML, like Gecko) Chrome/97.0.4692.99 Safari/537.36', '{\"title\":\"光标点击文字会定位到表单里 for是索引\",\"url\":\"<lable for=\\\"username\\\">名字<\\/lable><input type = \\\"text\\\" id=\\\"username\\\" name=\\\"username\\\">\",\"linkcata_id\":1,\"logo\":\"\",\"status\":1,\"create_time\":\"\"}', null, '1648134409', '2', null);
INSERT INTO `cd_log` VALUES ('310002', 'admin', 'admin', 'http://localhost:1998/admin/Link.Link/add', '::1', 'Mozilla/5.0 (Windows NT 10.0; Win64; x64) AppleWebKit/537.36 (KHTML, like Gecko) Chrome/97.0.4692.99 Safari/537.36', '{\"title\":\"有h5的声明可以省略<style>中的type = css\",\"url\":\"有h5的声明可以省略<style>中的type = css\",\"linkcata_id\":2,\"logo\":\"\",\"status\":1,\"create_time\":\"\"}', null, '1648134481', '2', null);
INSERT INTO `cd_log` VALUES ('310003', 'admin', 'admin', 'http://localhost:1998/admin/Link.Link/update', '::1', 'Mozilla/5.0 (Windows NT 10.0; Win64; x64) AppleWebKit/537.36 (KHTML, like Gecko) Chrome/97.0.4692.99 Safari/537.36', '{\"link_id\":7,\"title\":\"<style><\\/style>技巧\",\"url\":\"有h5的声明可以省略<style>中的type = css\",\"linkcata_id\":2,\"logo\":\"\",\"status\":1,\"sortid\":7,\"create_time\":\"2022-03-24 23:08:01\"}', null, '1648134504', '2', null);
INSERT INTO `cd_log` VALUES ('310004', 'admin', 'admin', 'http://localhost:1998/admin/Link.Link/add', '::1', 'Mozilla/5.0 (Windows NT 10.0; Win64; x64) AppleWebKit/537.36 (KHTML, like Gecko) Chrome/97.0.4692.99 Safari/537.36', '{\"title\":\"*通配符选择器\",\"url\":\"*通配符选择器 会匹配所有的元素（不建议随便使用 会降低页面响应速度）\\n例如：*{margin:0;padding:0;}\",\"linkcata_id\":2,\"logo\":\"\",\"status\":1,\"create_time\":\"\"}', null, '1648134523', '2', null);
INSERT INTO `cd_log` VALUES ('310005', 'admin', 'admin', 'http://localhost:1998/admin/Link.Link/add', '::1', 'Mozilla/5.0 (Windows NT 10.0; Win64; x64) AppleWebKit/537.36 (KHTML, like Gecko) Chrome/97.0.4692.99 Safari/537.36', '{\"title\":\"子元素选择器\",\"url\":\".header>h3{color:red;}\",\"linkcata_id\":2,\"logo\":\"\",\"status\":1,\"create_time\":\"\"}', null, '1648134538', '2', null);
INSERT INTO `cd_log` VALUES ('310006', 'admin', 'admin', 'http://localhost:1998/admin/Link.Link/add', '::1', 'Mozilla/5.0 (Windows NT 10.0; Win64; x64) AppleWebKit/537.36 (KHTML, like Gecko) Chrome/97.0.4692.99 Safari/537.36', '{\"title\":\"a标签\",\"url\":\"a:link 未访问的链接\\na:visited 已访问的链接\\na:hover 产鼠标移动到链接上\\na:active 选定的链接\\n注意：要按照顺序写 否则不生效 lvha\",\"linkcata_id\":2,\"logo\":\"\",\"status\":1,\"create_time\":\"\"}', null, '1648134566', '2', null);
INSERT INTO `cd_log` VALUES ('310007', 'admin', 'admin', 'http://localhost:1998/admin/Link.Link/add', '::1', 'Mozilla/5.0 (Windows NT 10.0; Win64; x64) AppleWebKit/537.36 (KHTML, like Gecko) Chrome/97.0.4692.99 Safari/537.36', '{\"title\":\"块元素和行内元素\",\"linkcata_id\":2,\"logo\":\"\",\"status\":1,\"create_time\":\"\"}', null, '1648134620', '2', null);
INSERT INTO `cd_log` VALUES ('310008', 'admin', 'admin', 'http://localhost:1998/admin/Link.Link/add', '::1', 'Mozilla/5.0 (Windows NT 10.0; Win64; x64) AppleWebKit/537.36 (KHTML, like Gecko) Chrome/97.0.4692.99 Safari/537.36', '{\"title\":\"文本垂直居中\",\"url\":\"行高等于高度可以让单行文本垂直居中（line-height）\",\"linkcata_id\":2,\"logo\":\"\",\"status\":1,\"create_time\":\"\"}', null, '1648134659', '2', null);
INSERT INTO `cd_log` VALUES ('310009', 'admin', 'admin', 'http://localhost:1998/admin/Link.Link/add', '::1', 'Mozilla/5.0 (Windows NT 10.0; Win64; x64) AppleWebKit/537.36 (KHTML, like Gecko) Chrome/97.0.4692.99 Safari/537.36', '{\"title\":\" background-postion\",\"linkcata_id\":2,\"logo\":\"\",\"status\":1,\"create_time\":\"\"}', null, '1648134683', '2', null);
INSERT INTO `cd_log` VALUES ('310010', 'admin', 'admin', 'http://localhost:1998/admin/Link.Link/add', '::1', 'Mozilla/5.0 (Windows NT 10.0; Win64; x64) AppleWebKit/537.36 (KHTML, like Gecko) Chrome/97.0.4692.99 Safari/537.36', '{\"title\":\"background-attachment\",\"url\":\"background-attachment:scoll | fixed 背景附着 滚动或固定 不会随着滚动条的滚动而滚动\",\"linkcata_id\":2,\"logo\":\"\",\"status\":1,\"create_time\":\"\"}', null, '1648134697', '2', null);
INSERT INTO `cd_log` VALUES ('310011', 'admin', 'admin', 'http://localhost:1998/admin/Link.Link/add', '::1', 'Mozilla/5.0 (Windows NT 10.0; Win64; x64) AppleWebKit/537.36 (KHTML, like Gecko) Chrome/97.0.4692.99 Safari/537.36', '{\"title\":\"JS的组成\",\"url\":\"1.ECMAscript（JavaScript语法）\\n2.DOM（页面文档对象模型）\\n3.BOM（浏览器对象模型）\",\"linkcata_id\":3,\"logo\":\"\",\"status\":1,\"create_time\":\"\"}', null, '1648134823', '2', null);
INSERT INTO `cd_log` VALUES ('310012', 'admin', 'admin', 'http://localhost:1998/admin/Link.Link/add', '::1', 'Mozilla/5.0 (Windows NT 10.0; Win64; x64) AppleWebKit/537.36 (KHTML, like Gecko) Chrome/97.0.4692.99 Safari/537.36', '{\"title\":\"关键字不能作为变量名、方法名\",\"linkcata_id\":3,\"logo\":\"\",\"status\":1,\"create_time\":\"\"}', null, '1648135540', '2', null);
INSERT INTO `cd_log` VALUES ('310013', 'admin', 'admin', 'http://localhost:1998/admin/Login/index.html', '::1', 'Mozilla/5.0 (Windows NT 10.0; Win64; x64) AppleWebKit/537.36 (KHTML, like Gecko) Chrome/97.0.4692.99 Safari/537.36', null, null, '1648287541', '1', null);
INSERT INTO `cd_log` VALUES ('310014', 'admin', 'admin', 'http://localhost:1998/admin/Link.Link/add', '::1', 'Mozilla/5.0 (Windows NT 10.0; Win64; x64) AppleWebKit/537.36 (KHTML, like Gecko) Chrome/97.0.4692.99 Safari/537.36', '{\"title\":\"arguments的用法\",\"url\":\"在函数里特有的方法，可以获取对方调用函数时传过来的参数，没有设置形参时可以使用\",\"linkcata_id\":3,\"logo\":\"\",\"status\":1,\"create_time\":\"\"}', null, '1648287632', '2', null);
INSERT INTO `cd_log` VALUES ('310015', 'admin', 'admin', 'http://localhost:1998/admin/Link.Link/add', '::1', 'Mozilla/5.0 (Windows NT 10.0; Win64; x64) AppleWebKit/537.36 (KHTML, like Gecko) Chrome/97.0.4692.99 Safari/537.36', '{\"title\":\"从执行效率来看全局变量和局部变量\",\"url\":\"(1）全局变量只有浏览器关闭的时候才会销毁，比较占内存资源\\n(2）局部变量当我们程序执行完毕就会销毁，比较节约内存资源\\n\",\"linkcata_id\":3,\"logo\":\"\",\"status\":1,\"create_time\":\"\"}', null, '1648288208', '2', null);
INSERT INTO `cd_log` VALUES ('310016', 'admin', 'admin', 'http://localhost:1998/admin/Link.Link/add', '::1', 'Mozilla/5.0 (Windows NT 10.0; Win64; x64) AppleWebKit/537.36 (KHTML, like Gecko) Chrome/97.0.4692.99 Safari/537.36', '{\"title\":\"预解析\",\"linkcata_id\":3,\"logo\":\"\",\"status\":1,\"create_time\":\"\"}', null, '1648288698', '2', null);
INSERT INTO `cd_log` VALUES ('310017', 'admin', 'admin', 'http://x.cvoit.com:2037/admin/Login/index.html', '192.168.4.5', 'Mozilla/5.0 (Windows NT 10.0; Win64; x64; rv:98.0) Gecko/20100101 Firefox/98.0', null, null, '1649294889', '1', null);
INSERT INTO `cd_log` VALUES ('310018', 'admin', 'admin', 'http://x.cvoit.com:2037/admin/Login/index.html', '192.168.4.5', 'Mozilla/5.0 (Windows NT 10.0; Win64; x64; rv:98.0) Gecko/20100101 Firefox/98.0', null, null, '1649294917', '1', null);
INSERT INTO `cd_log` VALUES ('310019', 'admin', 'admin', 'http://x.cvoit.com:2037/admin/Batch/add', '192.168.4.5', 'Mozilla/5.0 (Windows NT 10.0; Win64; x64; rv:98.0) Gecko/20100101 Firefox/98.0', '{\"title\":\"上传文件过大 413 Request Entity Too Large\",\"sex\":1,\"status\":1,\"amount\":\"https:\\/\\/blog.csdn.net\\/qq_42152033\\/article\\/details\\/108745903\",\"wb\":\"在webconfig里添加以下代码：\\n<security>\\n      <requestFiltering>\\n        <requestLimits maxAllowedContentLength=\\\"2147483647\\\"><\\/requestLimits>\\n      <\\/requestFiltering>\\n\\n<\\/security>\",\"file\":\"\",\"bq\":[\"iis\"]}', null, '1649294945', '2', null);
INSERT INTO `cd_log` VALUES ('310020', 'admin', 'admin', 'http://x.cvoit.com:2037/admin/Uploadfile/delete', '192.168.4.5', 'Mozilla/5.0 (Windows NT 10.0; Win64; x64; rv:98.0) Gecko/20100101 Firefox/98.0', '{\"uploadfile_id\":1}', null, '1649297703', '2', null);
INSERT INTO `cd_log` VALUES ('310021', 'admin', 'admin', 'http://x.cvoit.com:2037/admin/Uploadfile/delete', '192.168.4.5', 'Mozilla/5.0 (Windows NT 10.0; Win64; x64; rv:98.0) Gecko/20100101 Firefox/98.0', '{\"uploadfile_id\":2}', null, '1649297704', '2', null);
INSERT INTO `cd_log` VALUES ('310022', 'admin', 'admin', 'http://x.cvoit.com:2037/admin/Batch/add', '192.168.4.5', 'Mozilla/5.0 (Windows NT 10.0; Win64; x64; rv:98.0) Gecko/20100101 Firefox/98.0', '{\"title\":\"H5移动端跳转QQ 实现在线客服\",\"sex\":1,\"status\":1,\"amount\":\"\",\"wb\":\"<a href=\\\"mqqwpa:\\/\\/im\\/chat?chat_type=wpa&uin=123456&version=1&src_type=web&web_src=oicqzone.com\\\"><img src=\\\"http:\\/\\/wpa.qq.com\\/pa?p=2:123456:41\\\"><\\/a>\",\"file\":\"\",\"bq\":[\"html5\"]}', null, '1649298504', '2', null);
INSERT INTO `cd_log` VALUES ('310023', 'admin', 'admin', 'http://x.cvoit.com:2037/admin/Login/index.html', '192.168.4.5', 'Mozilla/5.0 (Windows NT 10.0; Win64; x64; rv:98.0) Gecko/20100101 Firefox/98.0', null, null, '1649407112', '1', null);
INSERT INTO `cd_log` VALUES ('310024', 'admin', 'admin', 'http://x.cvoit.com:2037/admin/Batch/add', '192.168.4.5', 'Mozilla/5.0 (Windows NT 10.0; Win64; x64; rv:98.0) Gecko/20100101 Firefox/98.0', '{\"title\":\"如何弹出QQ临时对话框实现不添加好友在线交谈效果\",\"sex\":1,\"status\":1,\"amount\":\"https:\\/\\/shang.qq.com\",\"wb\":\"用对应的QQ登录复制代码即可实现\",\"file\":\"\",\"bq\":[\"QQ\"]}', null, '1649407198', '2', null);
INSERT INTO `cd_log` VALUES ('310025', 'admin', 'admin', 'http://x.cvoit.com:2037/admin/Login/index.html', '192.168.4.5', 'Mozilla/5.0 (Windows NT 10.0; Win64; x64; rv:99.0) Gecko/20100101 Firefox/99.0', null, null, '1649670569', '1', null);
INSERT INTO `cd_log` VALUES ('310026', 'admin', 'admin', 'http://localhost:2010/admin/Node/add', '127.0.0.1', 'Mozilla/5.0 (Windows NT 10.0; Win64; x64; rv:99.0) Gecko/20100101 Firefox/99.0', '{\"title\":\"资源下载\",\"type\":1,\"path\":\"\",\"status\":1,\"icon\":\"\"}', null, '1649728594', '2', null);
INSERT INTO `cd_log` VALUES ('310027', 'admin', 'admin', 'http://localhost:2010/admin/Node/update', '127.0.0.1', 'Mozilla/5.0 (Windows NT 10.0; Win64; x64; rv:99.0) Gecko/20100101 Firefox/99.0', '{\"node_id\":65,\"title\":\"资源下载\",\"type\":1,\"path\":\"\\/admin\\/Download\\/index.html\",\"status\":1,\"icon\":\"\",\"sortid\":45}', null, '1649728697', '2', null);
INSERT INTO `cd_log` VALUES ('310028', 'admin', null, 'http://localhost:2010/admin/Download/index', '127.0.0.1', 'Mozilla/5.0 (Windows NT 10.0; Win64; x64; rv:99.0) Gecko/20100101 Firefox/99.0', '{\"limit\":20,\"page\":1}', 'SQLSTATE[42S22]: Column not found: 1054 Unknown column \'batch_id\' in \'field list\'', '1649729046', '3', null);
INSERT INTO `cd_log` VALUES ('310029', 'admin', null, 'http://localhost:2010/admin/Download/index', '127.0.0.1', 'Mozilla/5.0 (Windows NT 10.0; Win64; x64; rv:99.0) Gecko/20100101 Firefox/99.0', '{\"limit\":20,\"page\":1}', 'SQLSTATE[42S22]: Column not found: 1054 Unknown column \'batch_id\' in \'field list\'', '1649729050', '3', null);
INSERT INTO `cd_log` VALUES ('310030', 'admin', 'admin', 'http://localhost:2010/admin/Download/add', '127.0.0.1', 'Mozilla/5.0 (Windows NT 10.0; Win64; x64; rv:99.0) Gecko/20100101 Firefox/99.0', '{\"title\":\"ces\",\"sex\":1,\"status\":1,\"amount\":\"231\",\"wb\":\"12\",\"file\":\"\\/uploads\\/admin\\/202204\\/6254e14d15623.zip\",\"bq\":[\"iis\"]}', null, '1649729870', '2', null);
INSERT INTO `cd_log` VALUES ('310031', 'admin', 'admin', 'http://localhost:2010/admin/Download/delete', '127.0.0.1', 'Mozilla/5.0 (Windows NT 10.0; Win64; x64; rv:99.0) Gecko/20100101 Firefox/99.0', '{\"download_id\":2}', null, '1649729894', '2', null);
INSERT INTO `cd_log` VALUES ('310032', 'admin', 'admin', 'http://localhost:2010/admin/Download/delete', '127.0.0.1', 'Mozilla/5.0 (Windows NT 10.0; Win64; x64; rv:99.0) Gecko/20100101 Firefox/99.0', '{\"download_id\":1}', null, '1649729897', '2', null);
INSERT INTO `cd_log` VALUES ('310033', 'admin', 'admin', 'http://localhost:2010/admin/Download/add', '127.0.0.1', 'Mozilla/5.0 (Windows NT 10.0; Win64; x64; rv:99.0) Gecko/20100101 Firefox/99.0', '{\"title\":\"1\",\"status\":1,\"file\":\"\\/uploads\\/admin\\/202204\\/6254e49e7db75.zip\",\"bq\":[\"1\"]}', null, '1649730719', '2', null);
INSERT INTO `cd_log` VALUES ('310034', 'admin', null, 'http://localhost:2010/admin/Download/getUpdateInfo', '127.0.0.1', 'Mozilla/5.0 (Windows NT 10.0; Win64; x64; rv:99.0) Gecko/20100101 Firefox/99.0', '{\"download_id\":3}', 'SQLSTATE[42S22]: Column not found: 1054 Unknown column \'sex\' in \'field list\'', '1649730720', '3', null);
INSERT INTO `cd_log` VALUES ('310035', 'admin', null, 'http://localhost:2010/admin/Download/getUpdateInfo', '127.0.0.1', 'Mozilla/5.0 (Windows NT 10.0; Win64; x64; rv:99.0) Gecko/20100101 Firefox/99.0', '{\"download_id\":3}', 'SQLSTATE[42S22]: Column not found: 1054 Unknown column \'sex\' in \'field list\'', '1649730722', '3', null);
INSERT INTO `cd_log` VALUES ('310036', 'admin', null, 'http://localhost:2010/admin/Download/detail', '127.0.0.1', 'Mozilla/5.0 (Windows NT 10.0; Win64; x64; rv:99.0) Gecko/20100101 Firefox/99.0', '{\"download_id\":3}', 'SQLSTATE[42S22]: Column not found: 1054 Unknown column \'sex\' in \'field list\'', '1649730722', '3', null);
INSERT INTO `cd_log` VALUES ('310037', 'admin', null, 'http://localhost:2010/admin/Download/getUpdateInfo', '127.0.0.1', 'Mozilla/5.0 (Windows NT 10.0; Win64; x64; rv:99.0) Gecko/20100101 Firefox/99.0', '{\"download_id\":3}', 'SQLSTATE[42S22]: Column not found: 1054 Unknown column \'sex\' in \'field list\'', '1649730745', '3', null);
INSERT INTO `cd_log` VALUES ('310038', 'admin', null, 'http://localhost:2010/admin/Download/getUpdateInfo', '127.0.0.1', 'Mozilla/5.0 (Windows NT 10.0; Win64; x64; rv:99.0) Gecko/20100101 Firefox/99.0', '{\"download_id\":3}', 'SQLSTATE[42S22]: Column not found: 1054 Unknown column \'sex\' in \'field list\'', '1649730749', '3', null);
INSERT INTO `cd_log` VALUES ('310039', 'admin', null, 'http://localhost:2010/admin/Download/getUpdateInfo', '127.0.0.1', 'Mozilla/5.0 (Windows NT 10.0; Win64; x64; rv:99.0) Gecko/20100101 Firefox/99.0', '{\"download_id\":3}', 'SQLSTATE[42S22]: Column not found: 1054 Unknown column \'sex\' in \'field list\'', '1649730753', '3', null);
INSERT INTO `cd_log` VALUES ('310040', 'admin', null, 'http://localhost:2010/admin/Download/getUpdateInfo', '127.0.0.1', 'Mozilla/5.0 (Windows NT 10.0; Win64; x64; rv:99.0) Gecko/20100101 Firefox/99.0', '{\"download_id\":3}', 'SQLSTATE[42S22]: Column not found: 1054 Unknown column \'sex\' in \'field list\'', '1649730793', '3', null);
INSERT INTO `cd_log` VALUES ('310041', 'admin', null, 'http://localhost:2010/admin/Download/getUpdateInfo', '127.0.0.1', 'Mozilla/5.0 (Windows NT 10.0; Win64; x64; rv:99.0) Gecko/20100101 Firefox/99.0', '{\"download_id\":3}', 'SQLSTATE[42S22]: Column not found: 1054 Unknown column \'sex\' in \'field list\'', '1649730806', '3', null);
INSERT INTO `cd_log` VALUES ('310042', 'admin', null, 'http://localhost:2010/admin/Download/getUpdateInfo', '127.0.0.1', 'Mozilla/5.0 (Windows NT 10.0; Win64; x64; rv:99.0) Gecko/20100101 Firefox/99.0', '{\"download_id\":3}', 'SQLSTATE[42S22]: Column not found: 1054 Unknown column \'sex\' in \'field list\'', '1649730810', '3', null);
INSERT INTO `cd_log` VALUES ('310043', 'admin', 'admin', 'http://localhost:2010/admin/Download/update', '127.0.0.1', 'Mozilla/5.0 (Windows NT 10.0; Win64; x64; rv:99.0) Gecko/20100101 Firefox/99.0', '{\"download_id\":3,\"title\":\"1\",\"status\":1,\"file\":\"\\/uploads\\/admin\\/202204\\/6254e49e7db75.zip\",\"sortid\":3,\"bq\":[\"12\"]}', null, '1649730864', '2', null);
INSERT INTO `cd_log` VALUES ('310044', 'admin', 'admin', 'http://localhost:2010/admin/Download/update', '127.0.0.1', 'Mozilla/5.0 (Windows NT 10.0; Win64; x64; rv:99.0) Gecko/20100101 Firefox/99.0', '{\"download_id\":3,\"title\":\"1\",\"status\":1,\"bq\":[\"65+5\"],\"file\":\"\\/uploads\\/admin\\/202204\\/6254e49e7db75.zip\",\"sortid\":3}', null, '1649730969', '2', null);
INSERT INTO `cd_log` VALUES ('310045', 'admin', 'admin', 'http://localhost:2010/admin/Download/delete', '127.0.0.1', 'Mozilla/5.0 (Windows NT 10.0; Win64; x64; rv:99.0) Gecko/20100101 Firefox/99.0', '{\"download_id\":3}', null, '1649730975', '2', null);
INSERT INTO `cd_log` VALUES ('310046', 'admin', 'admin', 'http://localhost:2010/admin/Login/index.html', '127.0.0.1', 'Mozilla/5.0 (Windows NT 10.0; Win64; x64; rv:99.0) Gecko/20100101 Firefox/99.0', null, null, '1649824017', '1', null);
INSERT INTO `cd_log` VALUES ('310047', 'admin', 'admin', 'http://localhost:2010/admin/Login/index.html', '127.0.0.1', 'Mozilla/5.0 (Windows NT 10.0; Win64; x64; rv:99.0) Gecko/20100101 Firefox/99.0', null, null, '1649842695', '1', null);
INSERT INTO `cd_log` VALUES ('310048', 'admin', 'admin', 'http://localhost:2010/admin/Login/index.html', '127.0.0.1', 'Mozilla/5.0 (Windows NT 10.0; Win64; x64; rv:99.0) Gecko/20100101 Firefox/99.0', null, null, '1649898369', '1', null);
INSERT INTO `cd_log` VALUES ('310049', 'admin', 'admin', 'http://localhost:2010/admin/Cms.Catagory/update', '127.0.0.1', 'Mozilla/5.0 (Windows NT 10.0; Win64; x64; rv:99.0) Gecko/20100101 Firefox/99.0', '{\"class_id\":7,\"class_name\":\"公司简介\",\"subtitle\":\"\",\"type\":1,\"list_tpl\":\"book\",\"detail_tpl\":\"\",\"pic\":\"\",\"keyword\":[],\"description\":\"\",\"jumpurl\":\"\",\"status\":1,\"sortid\":1,\"filepath\":\"\\/about\",\"filename\":\"index.html\",\"module_id\":5,\"upload_config_id\":null}', null, '1649921770', '2', null);
INSERT INTO `cd_log` VALUES ('310050', 'index', null, 'http://localhost:2010/index/about/7.html', '127.0.0.1', 'Mozilla/5.0 (Windows NT 10.0; Win64; x64; rv:99.0) Gecko/20100101 Firefox/99.0', '{\"class_id\":\"7\"}', 'SQLSTATE[42S02]: Base table or view not found: 1146 Table \'vuecms.cd_book\' doesn\'t exist', '1649921773', '3', null);
INSERT INTO `cd_log` VALUES ('310051', 'admin', 'admin', 'http://localhost:2010/admin/Cms.Catagory/update', '127.0.0.1', 'Mozilla/5.0 (Windows NT 10.0; Win64; x64; rv:99.0) Gecko/20100101 Firefox/99.0', '{\"class_id\":7,\"class_name\":\"公司简介\",\"subtitle\":\"\",\"type\":1,\"list_tpl\":\"about\",\"detail_tpl\":\"\",\"pic\":\"\",\"keyword\":[],\"description\":\"\",\"jumpurl\":\"\",\"status\":1,\"sortid\":1,\"filepath\":\"\\/about\",\"filename\":\"index.html\",\"module_id\":5,\"upload_config_id\":null}', null, '1649921789', '2', null);
INSERT INTO `cd_log` VALUES ('310052', 'admin', 'admin', 'http://localhost:2010/admin/Cms.Catagory/update', '127.0.0.1', 'Mozilla/5.0 (Windows NT 10.0; Win64; x64; rv:99.0) Gecko/20100101 Firefox/99.0', '{\"class_id\":8,\"class_name\":\"产品中心\",\"subtitle\":\"\",\"type\":2,\"list_tpl\":\"book\",\"detail_tpl\":\"viewproduct\",\"pic\":\"\",\"keyword\":[],\"description\":\"\",\"jumpurl\":\"\",\"status\":1,\"sortid\":2,\"filepath\":\"\\/html\\/chanpinzhongxin\",\"filename\":\"index.html\",\"module_id\":0,\"upload_config_id\":null}', null, '1649921837', '2', null);
INSERT INTO `cd_log` VALUES ('310053', 'index', null, 'http://localhost:2010/index/about/8.html', '127.0.0.1', 'Mozilla/5.0 (Windows NT 10.0; Win64; x64; rv:99.0) Gecko/20100101 Firefox/99.0', '{\"class_id\":\"8\"}', 'SQLSTATE[42S02]: Base table or view not found: 1146 Table \'vuecms.cd_book\' doesn\'t exist', '1649921839', '3', null);
INSERT INTO `cd_log` VALUES ('310054', 'admin', 'admin', 'http://localhost:2010/admin/Cms.Catagory/update', '127.0.0.1', 'Mozilla/5.0 (Windows NT 10.0; Win64; x64; rv:99.0) Gecko/20100101 Firefox/99.0', '{\"class_id\":8,\"class_name\":\"产品中心\",\"subtitle\":\"\",\"type\":2,\"list_tpl\":\"view\",\"detail_tpl\":\"viewproduct\",\"pic\":\"\",\"keyword\":[],\"description\":\"\",\"jumpurl\":\"\",\"status\":1,\"sortid\":2,\"filepath\":\"\\/html\\/chanpinzhongxin\",\"filename\":\"index.html\",\"module_id\":0,\"upload_config_id\":null}', null, '1649921875', '2', null);
INSERT INTO `cd_log` VALUES ('310055', 'admin', 'admin', 'http://localhost:2010/admin/Cms.Catagory/update', '127.0.0.1', 'Mozilla/5.0 (Windows NT 10.0; Win64; x64; rv:99.0) Gecko/20100101 Firefox/99.0', '{\"class_id\":8,\"class_name\":\"产品中心\",\"subtitle\":\"\",\"type\":2,\"list_tpl\":\"about\",\"detail_tpl\":\"viewproduct\",\"pic\":\"\",\"keyword\":[],\"description\":\"\",\"jumpurl\":\"\",\"status\":1,\"sortid\":2,\"filepath\":\"\\/html\\/chanpinzhongxin\",\"filename\":\"index.html\",\"module_id\":0,\"upload_config_id\":null}', null, '1649921946', '2', null);
INSERT INTO `cd_log` VALUES ('310056', 'admin', 'admin', 'http://localhost:2010/admin/Cms.Catagory/update', '127.0.0.1', 'Mozilla/5.0 (Windows NT 10.0; Win64; x64; rv:99.0) Gecko/20100101 Firefox/99.0', '{\"class_id\":7,\"class_name\":\"公司简介\",\"subtitle\":\"\",\"type\":1,\"list_tpl\":\"view\",\"detail_tpl\":\"\",\"pic\":\"\",\"keyword\":[],\"description\":\"\",\"jumpurl\":\"\",\"status\":1,\"sortid\":1,\"filepath\":\"\\/about\",\"filename\":\"index.html\",\"module_id\":5,\"upload_config_id\":null}', null, '1649921974', '2', null);
INSERT INTO `cd_log` VALUES ('310057', 'admin', 'admin', 'http://localhost:2010/admin/Cms.Catagory/update', '127.0.0.1', 'Mozilla/5.0 (Windows NT 10.0; Win64; x64; rv:99.0) Gecko/20100101 Firefox/99.0', '{\"class_id\":7,\"class_name\":\"公司简介\",\"subtitle\":\"\",\"type\":1,\"list_tpl\":\"header\",\"detail_tpl\":\"\",\"pic\":\"\",\"keyword\":[],\"description\":\"\",\"jumpurl\":\"\",\"status\":1,\"sortid\":1,\"filepath\":\"\\/about\",\"filename\":\"index.html\",\"module_id\":5,\"upload_config_id\":null}', null, '1649921987', '2', null);
INSERT INTO `cd_log` VALUES ('310058', 'admin', 'admin', 'http://localhost:2010/admin/Cms.Catagory/update', '127.0.0.1', 'Mozilla/5.0 (Windows NT 10.0; Win64; x64; rv:99.0) Gecko/20100101 Firefox/99.0', '{\"class_id\":7,\"class_name\":\"公司简介\",\"subtitle\":\"\",\"type\":1,\"list_tpl\":\"about\",\"detail_tpl\":\"\",\"pic\":\"\",\"keyword\":[],\"description\":\"\",\"jumpurl\":\"\",\"status\":1,\"sortid\":1,\"filepath\":\"\\/about\",\"filename\":\"index.html\",\"module_id\":5,\"upload_config_id\":null}', null, '1649922018', '2', null);
INSERT INTO `cd_log` VALUES ('310059', 'admin', 'admin', 'http://localhost:2010/admin/Cms.Catagory/update', '127.0.0.1', 'Mozilla/5.0 (Windows NT 10.0; Win64; x64; rv:99.0) Gecko/20100101 Firefox/99.0', '{\"class_id\":7,\"class_name\":\"公司简介\",\"subtitle\":\"\",\"type\":1,\"list_tpl\":\"\",\"detail_tpl\":\"\",\"pic\":\"\",\"keyword\":[],\"description\":\"\",\"jumpurl\":\"\",\"status\":1,\"sortid\":1,\"filepath\":\"\\/about\",\"filename\":\"index.html\",\"module_id\":5,\"upload_config_id\":null}', null, '1649922697', '2', null);
INSERT INTO `cd_log` VALUES ('310060', 'admin', 'admin', 'http://localhost:2010/admin/Cms.Catagory/update', '127.0.0.1', 'Mozilla/5.0 (Windows NT 10.0; Win64; x64; rv:99.0) Gecko/20100101 Firefox/99.0', '{\"class_id\":7,\"class_name\":\"公司简介\",\"subtitle\":\"\",\"type\":1,\"list_tpl\":\"about\",\"detail_tpl\":\"\",\"pic\":\"\",\"keyword\":[],\"description\":\"\",\"jumpurl\":\"\",\"status\":1,\"sortid\":1,\"filepath\":\"\\/about\",\"filename\":\"index.html\",\"module_id\":5,\"upload_config_id\":null}', null, '1649922708', '2', null);
INSERT INTO `cd_log` VALUES ('310061', 'admin', 'admin', 'http://localhost:2010/admin/Cms.Catagory/update', '127.0.0.1', 'Mozilla/5.0 (Windows NT 10.0; Win64; x64; rv:99.0) Gecko/20100101 Firefox/99.0', '{\"class_id\":7,\"class_name\":\"公司简介\",\"subtitle\":\"\",\"type\":1,\"list_tpl\":\"\",\"detail_tpl\":\"\",\"pic\":\"\",\"keyword\":[],\"description\":\"\",\"jumpurl\":\"\",\"status\":1,\"sortid\":1,\"filepath\":\"\\/about\",\"filename\":\"index.html\",\"module_id\":5,\"upload_config_id\":null}', null, '1649922728', '2', null);
INSERT INTO `cd_log` VALUES ('310062', 'admin', 'admin', 'http://localhost:2010/admin/Cms.Catagory/update', '127.0.0.1', 'Mozilla/5.0 (Windows NT 10.0; Win64; x64; rv:99.0) Gecko/20100101 Firefox/99.0', '{\"class_id\":7,\"class_name\":\"公司简介\",\"subtitle\":\"\",\"type\":1,\"list_tpl\":\"about\",\"detail_tpl\":\"\",\"pic\":\"\",\"keyword\":[],\"description\":\"\",\"jumpurl\":\"\",\"status\":1,\"sortid\":1,\"filepath\":\"\\/about\",\"filename\":\"index.html\",\"module_id\":5,\"upload_config_id\":null}', null, '1649922874', '2', null);
INSERT INTO `cd_log` VALUES ('310063', 'admin', 'admin', 'http://localhost:2010/admin/Cms.Catagory/update', '127.0.0.1', 'Mozilla/5.0 (Windows NT 10.0; Win64; x64; rv:99.0) Gecko/20100101 Firefox/99.0', '{\"class_id\":7,\"class_name\":\"公司简介\",\"subtitle\":\"\",\"type\":1,\"list_tpl\":\"view\",\"detail_tpl\":\"\",\"pic\":\"\",\"keyword\":[],\"description\":\"\",\"jumpurl\":\"\",\"status\":1,\"sortid\":1,\"filepath\":\"\\/about\",\"filename\":\"index.html\",\"module_id\":5,\"upload_config_id\":null}', null, '1649922929', '2', null);
INSERT INTO `cd_log` VALUES ('310064', 'admin', 'admin', 'http://localhost:2010/admin/Cms.Catagory/update', '127.0.0.1', 'Mozilla/5.0 (Windows NT 10.0; Win64; x64; rv:99.0) Gecko/20100101 Firefox/99.0', '{\"class_id\":7,\"class_name\":\"公司简介\",\"subtitle\":\"\",\"type\":1,\"list_tpl\":\"\",\"detail_tpl\":\"\",\"pic\":\"\",\"keyword\":[],\"description\":\"\",\"jumpurl\":\"\",\"status\":1,\"sortid\":1,\"filepath\":\"\\/about\",\"filename\":\"index.html\",\"module_id\":5,\"upload_config_id\":null}', null, '1649923139', '2', null);
INSERT INTO `cd_log` VALUES ('310065', 'admin', 'admin', 'http://localhost:2010/admin/Cms.Catagory/update', '127.0.0.1', 'Mozilla/5.0 (Windows NT 10.0; Win64; x64; rv:99.0) Gecko/20100101 Firefox/99.0', '{\"class_id\":7,\"class_name\":\"公司简介\",\"subtitle\":\"\",\"type\":1,\"list_tpl\":\"view\",\"detail_tpl\":\"\",\"pic\":\"\",\"keyword\":[],\"description\":\"\",\"jumpurl\":\"\",\"status\":1,\"sortid\":1,\"filepath\":\"\\/about\",\"filename\":\"index.html\",\"module_id\":5,\"upload_config_id\":null}', null, '1649923188', '2', null);
INSERT INTO `cd_log` VALUES ('310066', 'admin', 'admin', 'http://localhost:2010/admin/Cms.Catagory/update', '127.0.0.1', 'Mozilla/5.0 (Windows NT 10.0; Win64; x64; rv:99.0) Gecko/20100101 Firefox/99.0', '{\"class_id\":7,\"class_name\":\"公司简介\",\"subtitle\":\"\",\"type\":1,\"list_tpl\":\"view_product\",\"detail_tpl\":\"\",\"pic\":\"\",\"keyword\":[],\"description\":\"\",\"jumpurl\":\"\",\"status\":1,\"sortid\":1,\"filepath\":\"\\/about\",\"filename\":\"index.html\",\"module_id\":5,\"upload_config_id\":null}', null, '1649923322', '2', null);
INSERT INTO `cd_log` VALUES ('310067', 'admin', 'admin', 'http://localhost:2010/admin/Cms.Catagory/update', '127.0.0.1', 'Mozilla/5.0 (Windows NT 10.0; Win64; x64; rv:99.0) Gecko/20100101 Firefox/99.0', '{\"class_id\":7,\"class_name\":\"公司简介\",\"subtitle\":\"\",\"type\":1,\"list_tpl\":\"book\",\"detail_tpl\":\"\",\"pic\":\"\",\"keyword\":[],\"description\":\"\",\"jumpurl\":\"\",\"status\":1,\"sortid\":1,\"filepath\":\"\\/about\",\"filename\":\"index.html\",\"module_id\":5,\"upload_config_id\":null}', null, '1649923376', '2', null);
INSERT INTO `cd_log` VALUES ('310068', 'index', null, 'http://localhost:2010/index/about/7.html', '127.0.0.1', 'Mozilla/5.0 (Windows NT 10.0; Win64; x64; rv:99.0) Gecko/20100101 Firefox/99.0', '{\"class_id\":\"7\"}', 'SQLSTATE[42S02]: Base table or view not found: 1146 Table \'vuecms.cd_book\' doesn\'t exist', '1649923378', '3', null);
INSERT INTO `cd_log` VALUES ('310069', 'admin', 'admin', 'http://localhost:2010/admin/Cms.Catagory/update', '127.0.0.1', 'Mozilla/5.0 (Windows NT 10.0; Win64; x64; rv:99.0) Gecko/20100101 Firefox/99.0', '{\"class_id\":7,\"class_name\":\"公司简介\",\"subtitle\":\"\",\"type\":1,\"list_tpl\":\"blog\",\"detail_tpl\":\"\",\"pic\":\"\",\"keyword\":[],\"description\":\"\",\"jumpurl\":\"\",\"status\":1,\"sortid\":1,\"filepath\":\"\\/about\",\"filename\":\"index.html\",\"module_id\":5,\"upload_config_id\":null}', null, '1649923791', '2', null);
INSERT INTO `cd_log` VALUES ('310070', 'admin', 'admin', 'http://localhost:2010/admin/Cms.Catagory/update', '127.0.0.1', 'Mozilla/5.0 (Windows NT 10.0; Win64; x64; rv:99.0) Gecko/20100101 Firefox/99.0', '{\"class_id\":7,\"class_name\":\"公司简介\",\"subtitle\":\"\",\"type\":1,\"list_tpl\":\"book\",\"detail_tpl\":\"\",\"pic\":\"\",\"keyword\":[],\"description\":\"\",\"jumpurl\":\"\",\"status\":1,\"sortid\":1,\"filepath\":\"\\/about\",\"filename\":\"index.html\",\"module_id\":5,\"upload_config_id\":null}', null, '1649923957', '2', null);
INSERT INTO `cd_log` VALUES ('310071', 'index', null, 'http://localhost:2010/index/about/7.html', '127.0.0.1', 'Mozilla/5.0 (Windows NT 10.0; Win64; x64; rv:99.0) Gecko/20100101 Firefox/99.0', '{\"class_id\":\"7\"}', 'SQLSTATE[42S02]: Base table or view not found: 1146 Table \'vuecms.cd_book\' doesn\'t exist', '1649923958', '3', null);
INSERT INTO `cd_log` VALUES ('310072', 'index', null, 'http://localhost:2010/index/about/7.html', '127.0.0.1', 'Mozilla/5.0 (Windows NT 10.0; Win64; x64; rv:99.0) Gecko/20100101 Firefox/99.0', '{\"class_id\":\"7\"}', 'SQLSTATE[42S22]: Column not found: 1054 Unknown column \'book_id\' in \'order clause\'', '1649923972', '3', null);
INSERT INTO `cd_log` VALUES ('310073', 'index', null, 'http://localhost:2010/index/about/7.html', '127.0.0.1', 'Mozilla/5.0 (Windows NT 10.0; Win64; x64; rv:99.0) Gecko/20100101 Firefox/99.0', '{\"class_id\":\"7\"}', 'SQLSTATE[42S22]: Column not found: 1054 Unknown column \'book_id\' in \'order clause\'', '1649923974', '3', null);
INSERT INTO `cd_log` VALUES ('310074', 'admin', 'admin', 'http://localhost:2010/admin/Cms.Catagory/update', '127.0.0.1', 'Mozilla/5.0 (Windows NT 10.0; Win64; x64; rv:99.0) Gecko/20100101 Firefox/99.0', '{\"class_id\":7,\"class_name\":\"公司简介\",\"subtitle\":\"\",\"type\":1,\"list_tpl\":\"about\",\"detail_tpl\":\"\",\"pic\":\"\",\"keyword\":[],\"description\":\"\",\"jumpurl\":\"\",\"status\":1,\"sortid\":1,\"filepath\":\"\\/about\",\"filename\":\"index.html\",\"module_id\":5,\"upload_config_id\":null}', null, '1649924396', '2', null);
INSERT INTO `cd_log` VALUES ('310075', 'admin', 'admin', 'http://localhost:2010/admin/Link.Linkcata/update', '127.0.0.1', 'Mozilla/5.0 (Windows NT 10.0; Win64; x64; rv:99.0) Gecko/20100101 Firefox/99.0', '{\"linkcata_id\":3,\"class_name\":\"JavaScript\",\"status\":1,\"jdt\":0}', null, '1649929909', '2', null);
INSERT INTO `cd_log` VALUES ('310076', 'admin', 'admin', 'http://localhost:2010/admin/Login/index.html', '127.0.0.1', 'Mozilla/5.0 (Windows NT 10.0; Win64; x64; rv:99.0) Gecko/20100101 Firefox/99.0', null, null, '1650265173', '1', null);
INSERT INTO `cd_log` VALUES ('310077', 'admin', 'admin', 'http://localhost:2010/admin/Uploadfile/add', '127.0.0.1', 'Mozilla/5.0 (Windows NT 10.0; Win64; x64; rv:99.0) Gecko/20100101 Firefox/99.0', '{\"title\":\"\",\"pic\":\"\",\"pic_2\":\"\",\"pics\":[],\"file\":\"\\/uploads\\/admin\\/202204\\/625d0eca8840d.zip\",\"files\":[]}', null, '1650265804', '2', null);
INSERT INTO `cd_log` VALUES ('310078', 'admin', 'admin', 'http://localhost:2010/admin/Uploadfile/add', '127.0.0.1', 'Mozilla/5.0 (Windows NT 10.0; Win64; x64; rv:99.0) Gecko/20100101 Firefox/99.0', '{\"title\":\"\",\"pic\":\"\",\"pic_2\":\"\",\"pics\":[],\"file\":\"\\/uploads\\/admin\\/202204\\/625d0eca8840d.zip\",\"files\":[]}', null, '1650265809', '2', null);
INSERT INTO `cd_log` VALUES ('310079', 'admin', 'admin', 'http://localhost:2010/admin/Uploadfile/add', '127.0.0.1', 'Mozilla/5.0 (Windows NT 10.0; Win64; x64; rv:99.0) Gecko/20100101 Firefox/99.0', '{\"title\":\"\",\"pic\":\"\",\"pic_2\":\"\\/uploads\\/admin\\/202204\\/625d274e295e5.jpg\",\"pics\":[],\"file\":\"\",\"files\":[]}', null, '1650272081', '2', null);
INSERT INTO `cd_log` VALUES ('310080', 'admin', 'admin', 'http://localhost:2010/admin/Uploadfile/delete', '127.0.0.1', 'Mozilla/5.0 (Windows NT 10.0; Win64; x64; rv:99.0) Gecko/20100101 Firefox/99.0', '{\"uploadfile_id\":3}', null, '1650272122', '2', null);
INSERT INTO `cd_log` VALUES ('310081', 'admin', 'admin', 'http://localhost:2010/admin/Login/index.html', '127.0.0.1', 'Mozilla/5.0 (Windows NT 10.0; Win64; x64; rv:99.0) Gecko/20100101 Firefox/99.0', null, null, '1650427786', '1', null);
INSERT INTO `cd_log` VALUES ('310082', 'admin', 'admin', 'http://localhost:2010/admin/Uploadfile/add', '127.0.0.1', 'Mozilla/5.0 (Windows NT 10.0; Win64; x64; rv:99.0) Gecko/20100101 Firefox/99.0', '{\"title\":\"\",\"pic\":\"\",\"pic_2\":\"\",\"pics\":[],\"file\":\"\\/uploads\\/admin\\/202204\\/6260f91400c65.mp4\",\"files\":[]}', null, '1650522398', '2', null);
INSERT INTO `cd_log` VALUES ('310083', 'admin', 'admin', 'http://localhost:2010/admin/Uploadfile/delete', '127.0.0.1', 'Mozilla/5.0 (Windows NT 10.0; Win64; x64; rv:99.0) Gecko/20100101 Firefox/99.0', '{\"uploadfile_id\":4}', null, '1650522402', '2', null);
INSERT INTO `cd_log` VALUES ('310084', 'admin', 'admin', 'http://localhost:2010/admin/Login/index.html', '127.0.0.1', 'Mozilla/5.0 (Windows NT 10.0; Win64; x64; rv:100.0) Gecko/20100101 Firefox/100.0', null, null, '1652145555', '1', null);
INSERT INTO `cd_log` VALUES ('310085', 'admin', null, 'http://localhost:2010/admin/Cms.Content/getInfo', '127.0.0.1', 'Mozilla/5.0 (Windows NT 10.0; Win64; x64; rv:100.0) Gecko/20100101 Firefox/100.0', '{\"content_id\":75}', 'SQLSTATE[42S22]: Column not found: 1054 Unknown column \'keyword\' in \'field list\'', '1652145564', '3', null);
INSERT INTO `cd_log` VALUES ('310086', 'admin', null, 'http://localhost:2010/admin/Cms.Content/getInfo', '127.0.0.1', 'Mozilla/5.0 (Windows NT 10.0; Win64; x64; rv:100.0) Gecko/20100101 Firefox/100.0', '{\"content_id\":74}', 'SQLSTATE[42S22]: Column not found: 1054 Unknown column \'keyword\' in \'field list\'', '1652145565', '3', null);
INSERT INTO `cd_log` VALUES ('310087', 'admin', null, 'http://localhost:2010/admin/Cms.Content/getInfo', '127.0.0.1', 'Mozilla/5.0 (Windows NT 10.0; Win64; x64; rv:100.0) Gecko/20100101 Firefox/100.0', '{\"content_id\":73}', 'SQLSTATE[42S22]: Column not found: 1054 Unknown column \'keyword\' in \'field list\'', '1652145567', '3', null);
INSERT INTO `cd_log` VALUES ('310088', 'admin', null, 'http://localhost:2010/admin/Cms.Content/getInfo', '127.0.0.1', 'Mozilla/5.0 (Windows NT 10.0; Win64; x64; rv:100.0) Gecko/20100101 Firefox/100.0', '{\"content_id\":75}', 'SQLSTATE[42S22]: Column not found: 1054 Unknown column \'keyword\' in \'field list\'', '1652145572', '3', null);
INSERT INTO `cd_log` VALUES ('310089', 'admin', null, 'http://localhost:2010/admin/Cms.Content/getInfo', '127.0.0.1', 'Mozilla/5.0 (Windows NT 10.0; Win64; x64; rv:100.0) Gecko/20100101 Firefox/100.0', '{\"content_id\":75}', 'SQLSTATE[42S22]: Column not found: 1054 Unknown column \'keyword\' in \'field list\'', '1652149540', '3', null);
INSERT INTO `cd_log` VALUES ('310090', 'admin', null, 'http://localhost:2010/admin/Cms.Content/getInfo', '127.0.0.1', 'Mozilla/5.0 (Windows NT 10.0; Win64; x64; rv:100.0) Gecko/20100101 Firefox/100.0', '{\"content_id\":75}', 'SQLSTATE[42S22]: Column not found: 1054 Unknown column \'keyword\' in \'field list\'', '1652149545', '3', null);
INSERT INTO `cd_log` VALUES ('310091', 'admin', null, 'http://localhost:2010/admin/Cms.Content/getInfo', '127.0.0.1', 'Mozilla/5.0 (Windows NT 10.0; Win64; x64; rv:100.0) Gecko/20100101 Firefox/100.0', '{\"content_id\":74}', 'SQLSTATE[42S22]: Column not found: 1054 Unknown column \'keyword\' in \'field list\'', '1652149567', '3', null);
INSERT INTO `cd_log` VALUES ('310092', 'admin', null, 'http://localhost:2010/admin/Cms.Content/getInfo', '127.0.0.1', 'Mozilla/5.0 (Windows NT 10.0; Win64; x64; rv:100.0) Gecko/20100101 Firefox/100.0', '{\"content_id\":73}', 'SQLSTATE[42S22]: Column not found: 1054 Unknown column \'keyword\' in \'field list\'', '1652149665', '3', null);
INSERT INTO `cd_log` VALUES ('310093', 'admin', null, 'http://localhost:2010/admin/Cms.Content/getInfo', '127.0.0.1', 'Mozilla/5.0 (Windows NT 10.0; Win64; x64; rv:100.0) Gecko/20100101 Firefox/100.0', '{\"content_id\":72}', 'SQLSTATE[42S22]: Column not found: 1054 Unknown column \'keyword\' in \'field list\'', '1652149730', '3', null);
INSERT INTO `cd_log` VALUES ('310094', 'admin', null, 'http://localhost:2010/admin/Cms.Content/getInfo', '127.0.0.1', 'Mozilla/5.0 (Windows NT 10.0; Win64; x64; rv:100.0) Gecko/20100101 Firefox/100.0', '{\"content_id\":75}', 'SQLSTATE[42S22]: Column not found: 1054 Unknown column \'keyword\' in \'field list\'', '1652149735', '3', null);
INSERT INTO `cd_log` VALUES ('310095', 'admin', null, 'http://localhost:2010/admin/Cms.Content/getInfo', '127.0.0.1', 'Mozilla/5.0 (Windows NT 10.0; Win64; x64; rv:100.0) Gecko/20100101 Firefox/100.0', '{\"content_id\":74}', 'SQLSTATE[42S22]: Column not found: 1054 Unknown column \'keyword\' in \'field list\'', '1652149740', '3', null);
INSERT INTO `cd_log` VALUES ('310096', 'admin', null, 'http://localhost:2010/admin/Cms.Content/getInfo', '127.0.0.1', 'Mozilla/5.0 (Windows NT 10.0; Win64; x64; rv:100.0) Gecko/20100101 Firefox/100.0', '{\"content_id\":73}', 'SQLSTATE[42S22]: Column not found: 1054 Unknown column \'keyword\' in \'field list\'', '1652149824', '3', null);
INSERT INTO `cd_log` VALUES ('310097', 'admin', null, 'http://localhost:2010/admin/Cms.Content/getInfo', '127.0.0.1', 'Mozilla/5.0 (Windows NT 10.0; Win64; x64; rv:100.0) Gecko/20100101 Firefox/100.0', '{\"content_id\":75}', 'SQLSTATE[42S22]: Column not found: 1054 Unknown column \'keyword\' in \'field list\'', '1652149890', '3', null);
INSERT INTO `cd_log` VALUES ('310098', 'admin', null, 'http://localhost:2010/admin/Cms.Content/getInfo', '127.0.0.1', 'Mozilla/5.0 (Windows NT 10.0; Win64; x64; rv:100.0) Gecko/20100101 Firefox/100.0', '{\"content_id\":74}', 'SQLSTATE[42S22]: Column not found: 1054 Unknown column \'keyword\' in \'field list\'', '1652149892', '3', null);
INSERT INTO `cd_log` VALUES ('310099', 'admin', 'admin', 'http://localhost:2010/admin/Editor/update', '127.0.0.1', 'Mozilla/5.0 (Windows NT 10.0; Win64; x64; rv:100.0) Gecko/20100101 Firefox/100.0', '{\"editor_id\":1,\"title\":\"这是系统生成的编辑器组件\",\"wangeditor\":\"<p>测试<img src=\\\"http:\\/\\/vue.whpj.vip\\/uploads\\/admin\\/202105\\/60af9043e29d0.jpg\\\" style=\\\"max-width: 100%;\\\"\\/><\\/p>\",\"ueditor\":\"<p><img src=\\\"http:\\/\\/vue.whpj.vip\\/uploads\\/admin\\/202105\\/60af9200b555c.jpg\\\" alt=\\\"\\\" width=\\\"200\\\" height=\\\"200\\\" \\/>测试额呢<\\/p>\"}', null, '1652155798', '2', null);
INSERT INTO `cd_log` VALUES ('310100', 'admin', 'admin', 'http://localhost:2010/admin/Login/index.html', '127.0.0.1', 'Mozilla/5.0 (Windows NT 10.0; Win64; x64; rv:100.0) Gecko/20100101 Firefox/100.0', null, null, '1652769379', '1', null);
INSERT INTO `cd_log` VALUES ('310101', 'admin', 'admin', 'http://localhost:2010/admin/Login/index.html', '127.0.0.1', 'Mozilla/5.0 (Windows NT 10.0; Win64; x64; rv:100.0) Gecko/20100101 Firefox/100.0', null, null, '1653278606', '1', null);
INSERT INTO `cd_log` VALUES ('310102', 'admin', 'admin', 'http://localhost:2010/admin/Cms.Catagory/add', '127.0.0.1', 'Mozilla/5.0 (Windows NT 10.0; Win64; x64; rv:100.0) Gecko/20100101 Firefox/100.0', '{\"type\":1,\"status\":1,\"filename\":\"index.html\",\"list_tpl\":\"\",\"detail_tpl\":\"\",\"keyword\":[],\"class_name\":\"首页轮播图\"}', null, '1653279752', '2', null);
INSERT INTO `cd_log` VALUES ('310103', 'admin', 'admin', 'http://localhost:2010/admin/Cms.Content/add', '127.0.0.1', 'Mozilla/5.0 (Windows NT 10.0; Win64; x64; rv:100.0) Gecko/20100101 Firefox/100.0', '{\"title\":\"轮播图1\",\"pic\":\"\\/uploads\\/admin\\/202205\\/628b0c6108fe5.jpg\",\"detail\":\"\",\"status\":1,\"position\":[],\"jumpurl\":\"\",\"create_time\":\"\",\"keyword\":[],\"description\":\"\",\"views\":0,\"author\":\"\",\"subtitle\":\"\",\"class_id\":23}', null, '1653279842', '2', null);
INSERT INTO `cd_log` VALUES ('310104', 'admin', 'admin', 'http://localhost:2010/admin/Cms.Content/add', '127.0.0.1', 'Mozilla/5.0 (Windows NT 10.0; Win64; x64; rv:100.0) Gecko/20100101 Firefox/100.0', '{\"title\":\"轮播图2\",\"pic\":\"\\/uploads\\/admin\\/202205\\/628b0c6fb2ffe.jpg\",\"detail\":\"\",\"status\":1,\"position\":[],\"jumpurl\":\"\",\"create_time\":\"\",\"keyword\":[],\"description\":\"\",\"views\":0,\"author\":\"\",\"subtitle\":\"\",\"class_id\":23}', null, '1653279858', '2', null);
INSERT INTO `cd_log` VALUES ('310105', 'admin', 'admin', 'http://localhost:2010/admin/Login/index.html', '127.0.0.1', 'Mozilla/5.0 (Windows NT 10.0; Win64; x64; rv:100.0) Gecko/20100101 Firefox/100.0', null, null, '1653634639', '1', null);
INSERT INTO `cd_log` VALUES ('310106', 'admin', 'admin', 'http://localhost:2010/admin/Cms.Content/update', '127.0.0.1', 'Mozilla/5.0 (Windows NT 10.0; Win64; x64; rv:100.0) Gecko/20100101 Firefox/100.0', '{\"content_id\":76,\"title\":\" \",\"class_id\":23,\"pic\":\"\\/uploads\\/admin\\/202205\\/629081a48ee22.jpg\",\"detail\":\"\",\"status\":1,\"position\":[],\"jumpurl\":\"\",\"create_time\":\"2022-05-23 12:24:02\",\"author\":\"\",\"keyword\":[\"\"],\"description\":\"\",\"sortid\":76,\"views\":0,\"keywords\":[]}', null, '1653637547', '2', null);
INSERT INTO `cd_log` VALUES ('310107', 'admin', 'admin', 'http://localhost:2010/admin/Cms.Content/update', '127.0.0.1', 'Mozilla/5.0 (Windows NT 10.0; Win64; x64; rv:100.0) Gecko/20100101 Firefox/100.0', '{\"content_id\":76,\"title\":\"一杯茶 一包烟 一个bug改一天\",\"class_id\":23,\"pic\":\"\\/uploads\\/admin\\/202205\\/629081a48ee22.jpg\",\"detail\":\"\",\"status\":1,\"position\":[],\"jumpurl\":\"\",\"create_time\":\"2022-05-23 12:24:02\",\"author\":\"\",\"keyword\":[\"\"],\"description\":\"\",\"sortid\":76,\"views\":0,\"keywords\":[]}', null, '1653637590', '2', null);
INSERT INTO `cd_log` VALUES ('310108', 'admin', 'admin', 'http://localhost:2010/admin/Cms.Content/update', '127.0.0.1', 'Mozilla/5.0 (Windows NT 10.0; Win64; x64; rv:100.0) Gecko/20100101 Firefox/100.0', '{\"content_id\":77,\"title\":\"程序不是年轻的专利，但是，他属于年轻\",\"class_id\":23,\"pic\":\"\\/uploads\\/admin\\/202205\\/629081e7afce5.png\",\"detail\":\"\",\"status\":1,\"position\":[],\"jumpurl\":\"\",\"create_time\":\"2022-05-23 12:24:18\",\"author\":\"\",\"keyword\":[\"\"],\"description\":\"\",\"sortid\":77,\"views\":0,\"keywords\":[]}', null, '1653637673', '2', null);
INSERT INTO `cd_log` VALUES ('310109', 'admin', 'admin', 'http://localhost:2010/admin/Cms.Content/update', '127.0.0.1', 'Mozilla/5.0 (Windows NT 10.0; Win64; x64; rv:100.0) Gecko/20100101 Firefox/100.0', '{\"content_id\":77,\"title\":\"程序不是年轻的专利，但是，他属于年轻\",\"class_id\":23,\"pic\":\"\\/uploads\\/admin\\/202205\\/629082ccebb54.png\",\"detail\":\"\",\"status\":1,\"position\":[],\"jumpurl\":\"\",\"create_time\":\"2022-05-23 12:24:18\",\"author\":\"\",\"keyword\":[\"\"],\"description\":\"\",\"sortid\":77,\"views\":0,\"keywords\":[]}', null, '1653637838', '2', null);
INSERT INTO `cd_log` VALUES ('310110', 'admin', 'admin', 'http://localhost:2010/admin/Cms.Catagory/add', '127.0.0.1', 'Mozilla/5.0 (Windows NT 10.0; Win64; x64; rv:100.0) Gecko/20100101 Firefox/100.0', '{\"type\":1,\"status\":1,\"filename\":\"index.html\",\"list_tpl\":\"\",\"detail_tpl\":\"\",\"keyword\":[],\"class_name\":\"首页轮播图\"}', null, '1653638339', '2', null);
INSERT INTO `cd_log` VALUES ('310111', 'admin', 'admin', 'http://localhost:2010/admin/Cms.Content/add', '127.0.0.1', 'Mozilla/5.0 (Windows NT 10.0; Win64; x64; rv:100.0) Gecko/20100101 Firefox/100.0', '{\"title\":\"一杯茶，一包烟，一个bug改一天\",\"pic\":\"\\/uploads\\/admin\\/202205\\/629081a48ee22.jpg\",\"detail\":\"\",\"status\":1,\"position\":[],\"jumpurl\":\"\",\"create_time\":\"\",\"keyword\":[],\"description\":\"\",\"views\":0,\"author\":\"\",\"subtitle\":\"\",\"class_id\":1}', null, '1653638360', '2', null);
INSERT INTO `cd_log` VALUES ('310112', 'admin', 'admin', 'http://localhost:2010/admin/Cms.Content/add', '127.0.0.1', 'Mozilla/5.0 (Windows NT 10.0; Win64; x64; rv:100.0) Gecko/20100101 Firefox/100.0', '{\"title\":\"程序不是年轻的专利，但是，他属于年轻\",\"pic\":\"\\/uploads\\/admin\\/202205\\/629082ccebb54.png\",\"detail\":\"\",\"status\":1,\"position\":[],\"jumpurl\":\"\",\"create_time\":\"\",\"keyword\":[],\"description\":\"\",\"views\":0,\"author\":\"\",\"subtitle\":\"\",\"class_id\":1}', null, '1653638404', '2', null);
INSERT INTO `cd_log` VALUES ('310113', 'admin', 'admin', 'http://localhost:2010/admin/Cms.Content/update', '127.0.0.1', 'Mozilla/5.0 (Windows NT 10.0; Win64; x64; rv:100.0) Gecko/20100101 Firefox/100.0', '{\"content_id\":2,\"title\":\"程序不是年轻的专利，但是，他属于年轻\",\"class_id\":1,\"pic\":\"\\/uploads\\/admin\\/202205\\/629082ccebb54.png\",\"detail\":\"\",\"status\":1,\"position\":[],\"jumpurl\":\"\",\"create_time\":\"2022-05-27 16:00:04\",\"author\":\"\",\"keyword\":[\"\"],\"description\":\"\",\"sortid\":2,\"views\":0,\"keywords\":[]}', null, '1653638445', '2', null);
INSERT INTO `cd_log` VALUES ('310114', 'admin', 'admin', 'http://localhost:2010/admin/Cms.Content/update', '127.0.0.1', 'Mozilla/5.0 (Windows NT 10.0; Win64; x64; rv:100.0) Gecko/20100101 Firefox/100.0', '{\"content_id\":1,\"title\":\"一杯茶，一包烟，一个bug改一天\",\"class_id\":1,\"pic\":\"\\/uploads\\/admin\\/202205\\/629081a48ee22.jpg\",\"detail\":\"\",\"status\":1,\"position\":[],\"jumpurl\":\"\",\"create_time\":\"2022-05-27 15:59:20\",\"author\":\"\",\"keyword\":[\"\"],\"description\":\"\",\"sortid\":1,\"views\":0,\"keywords\":[]}', null, '1653638686', '2', null);
INSERT INTO `cd_log` VALUES ('310115', 'admin', 'admin', 'http://localhost:2010/admin/Cms.Catagory/add', '127.0.0.1', 'Mozilla/5.0 (Windows NT 10.0; Win64; x64; rv:100.0) Gecko/20100101 Firefox/100.0', '{\"type\":1,\"status\":1,\"filename\":\"index.html\",\"list_tpl\":\"\",\"detail_tpl\":\"\",\"keyword\":[],\"class_name\":\"首页轮播图\"}', null, '1653638943', '2', null);
INSERT INTO `cd_log` VALUES ('310116', 'admin', 'admin', 'http://localhost:2010/admin/Cms.Catagory/delete', '127.0.0.1', 'Mozilla/5.0 (Windows NT 10.0; Win64; x64; rv:100.0) Gecko/20100101 Firefox/100.0', '{\"class_id\":23}', null, '1653638949', '2', null);
INSERT INTO `cd_log` VALUES ('310117', 'admin', 'admin', 'http://localhost:2010/admin/Cms.Content/add', '127.0.0.1', 'Mozilla/5.0 (Windows NT 10.0; Win64; x64; rv:100.0) Gecko/20100101 Firefox/100.0', '{\"title\":\"一杯茶，一包烟，一个bug改一天\",\"pic\":\"\\/uploads\\/admin\\/202205\\/629081a48ee22.jpg\",\"detail\":\"\",\"status\":1,\"position\":[],\"jumpurl\":\"\",\"create_time\":\"\",\"keyword\":[],\"description\":\"\",\"views\":0,\"author\":\"\",\"subtitle\":\"\",\"class_id\":24}', null, '1653638971', '2', null);
INSERT INTO `cd_log` VALUES ('310118', 'admin', 'admin', 'http://localhost:2010/admin/Cms.Content/update', '127.0.0.1', 'Mozilla/5.0 (Windows NT 10.0; Win64; x64; rv:100.0) Gecko/20100101 Firefox/100.0', '{\"content_id\":76,\"title\":\"一杯茶，一包烟，一个bug改一天\",\"class_id\":24,\"pic\":\"\\/uploads\\/admin\\/202205\\/629081a48ee22.jpg\",\"detail\":\"\",\"status\":1,\"position\":[],\"jumpurl\":\"\",\"create_time\":\"2022-05-27 16:09:31\",\"author\":\"\",\"keyword\":[\"\"],\"description\":\"\",\"sortid\":76,\"views\":0,\"keywords\":[]}', null, '1653639081', '2', null);
INSERT INTO `cd_log` VALUES ('310119', 'admin', 'admin', 'http://localhost:2010/admin/Cms.Content/update', '127.0.0.1', 'Mozilla/5.0 (Windows NT 10.0; Win64; x64; rv:100.0) Gecko/20100101 Firefox/100.0', '{\"content_id\":75,\"title\":\"带内容模型的文章测试\",\"class_id\":22,\"pic\":\"\\/uploads\\/admin\\/202205\\/629087d6e00ad.png\",\"detail\":\"<p>内容模型<img src=\\\"http:\\/\\/vue.whpj.vip\\/uploads\\/admin\\/202105\\/60af8d85f101d.jpg\\\" style=\\\"max-width: 100%;\\\"\\/><\\/p>\",\"status\":1,\"position\":[\"2\",\"1\"],\"jumpurl\":\"\",\"create_time\":\"2021-10-21 17:23:53\",\"author\":\"\",\"keyword\":[\"23\"],\"description\":\"\",\"sortid\":75,\"views\":7,\"keywords\":[],\"id\":1,\"wbk\":\"文本框\",\"xlk\":1,\"xldx\":[\"1\",\"2\"],\"dxk\":1,\"dxka\":[],\"kg\":1,\"wby\":\"文本与测试\",\"rqk\":\"2021-10-20\",\"rqfw\":[\"2021-10-20T16:00:00.000Z\",\"2021-10-29T16:00:00.000Z\"],\"dt\":\"http:\\/\\/vue.whpj.vip\\/uploads\\/admin\\/202105\\/60af91ffbd6f8.jpg\",\"dt2\":\"http:\\/\\/vue.whpj.vip\\/uploads\\/admin\\/202105\\/60afbe5f64890.jpg\",\"file\":\"http:\\/\\/vue.whpj.vip\\/uploads\\/admin\\/202105\\/60af94abc6d3a.jpg\",\"files\":[{\"url\":\"http:\\/\\/vue.whpj.vip\\/uploads\\/admin\\/202105\\/60af94abc6d3a.jpg\",\"name\":\"a4 - 副本.jpg\"},{\"url\":\"http:\\/\\/vue.whpj.vip\\/uploads\\/admin\\/202105\\/60af8d85f101d.jpg\",\"name\":\"a5 - 副本 (2).jpg\"}],\"jsq\":23,\"bq\":[\"vueamdin\",\"快速生成\",\"不写代码\"],\"hk\":22,\"color\":\"rgba(193, 57, 57, 1)\",\"jzd\":[{\"key\":\"A\",\"val\":\"中国\"},{\"key\":\"B\",\"val\":\"美国\"},{\"key\":\"C\",\"val\":\"法国\"}],\"ssq\":[\"天津市\",\"市辖区\",\"河东区\"],\"dddt\":\"{\\\"address\\\":\\\"武汉市江岸区沿江大道兰陵路-公交车站\\\",\\\"lng\\\":114.307996,\\\"lat\\\":30.589417}\",\"gddt\":\"{\\\"address\\\":\\\"湖北省武汉市江岸区一元街街道诚昌里\\\",\\\"lng\\\":114.2978,\\\"lat\\\":30.585191}\",\"txdt\":\"{\\\"address\\\":\\\"湖北省武汉市洪山区珞狮路北港村公交站珞狮路北港村公交站\\\",\\\"lng\\\":114.343628,\\\"lat\\\":30.498732}\",\"wangeditor\":\"<p>测试1<\\/p>\",\"tinymce\":\"<p>测试2<img src=\\\"http:\\/\\/vue.whpj.vip\\/uploads\\/admin\\/202105\\/60af8d85f101d.jpg\\\" alt=\\\"\\\" width=\\\"200\\\" height=\\\"200\\\" \\/><\\/p>\",\"images\":[{\"url\":\"http:\\/\\/vue.whpj.vip\\/uploads\\/admin\\/202105\\/60af8d85f101d.jpg\",\"name\":\"a5 - 副本 (2).jpg\"},{\"url\":\"http:\\/\\/vue.whpj.vip\\/uploads\\/admin\\/202105\\/60af94abc6d3a.jpg\",\"name\":\"a4 - 副本.jpg\"},{\"url\":\"http:\\/\\/vue.whpj.vip\\/uploads\\/admin\\/202105\\/60af8d752fe38.jpg\",\"name\":\"a3 - 副本 (2).jpg\"}]}', null, '1653639139', '2', null);
INSERT INTO `cd_log` VALUES ('310120', 'admin', 'admin', 'http://localhost:2010/admin/Cms.Content/update', '127.0.0.1', 'Mozilla/5.0 (Windows NT 10.0; Win64; x64; rv:100.0) Gecko/20100101 Firefox/100.0', '{\"content_id\":76,\"title\":\"一杯茶，一包烟，一个bug改一天\",\"class_id\":24,\"pic\":\"\\/uploads\\/admin\\/202205\\/629087d6e00ad.png\",\"detail\":\"\",\"status\":1,\"position\":[],\"jumpurl\":\"\",\"create_time\":\"2022-05-27 16:09:31\",\"author\":\"\",\"keyword\":[\"\"],\"description\":\"\",\"sortid\":76,\"views\":0,\"keywords\":[]}', null, '1653639156', '2', null);
INSERT INTO `cd_log` VALUES ('310121', 'admin', 'admin', 'http://localhost:2010/admin/Cms.Content/update', '127.0.0.1', 'Mozilla/5.0 (Windows NT 10.0; Win64; x64; rv:100.0) Gecko/20100101 Firefox/100.0', '{\"content_id\":76,\"title\":\"一杯茶，一包烟，一个bug改一天\",\"class_id\":24,\"pic\":\"\\/uploads\\/admin\\/202205\\/629081a48ee22.jpg\",\"detail\":\"\",\"status\":1,\"position\":[],\"jumpurl\":\"\",\"create_time\":\"2022-05-27 16:09:31\",\"author\":\"\",\"keyword\":[\"\"],\"description\":\"\",\"sortid\":76,\"views\":0,\"keywords\":[]}', null, '1653639167', '2', null);
INSERT INTO `cd_log` VALUES ('310122', 'admin', 'admin', 'http://localhost:2010/admin/Cms.Content/update', '127.0.0.1', 'Mozilla/5.0 (Windows NT 10.0; Win64; x64; rv:100.0) Gecko/20100101 Firefox/100.0', '{\"content_id\":76,\"title\":\"一杯茶，一包烟，一个bug改一天\",\"class_id\":24,\"pic\":\"\\/uploads\\/admin\\/202205\\/629081a48ee22.jpg\",\"detail\":\"\",\"status\":1,\"position\":[],\"jumpurl\":\"\",\"create_time\":\"2022-05-27 16:09:31\",\"author\":\"\",\"keyword\":[\"\"],\"description\":\"\",\"sortid\":76,\"views\":0,\"keywords\":[]}', null, '1653639197', '2', null);
INSERT INTO `cd_log` VALUES ('310123', 'admin', 'admin', 'http://localhost:2010/admin/Cms.Content/update', '127.0.0.1', 'Mozilla/5.0 (Windows NT 10.0; Win64; x64; rv:100.0) Gecko/20100101 Firefox/100.0', '{\"content_id\":76,\"title\":\"一杯茶，一包烟，一个bug改一天\",\"class_id\":24,\"pic\":\"\\/uploads\\/admin\\/202205\\/629087d6e00ad.png\",\"detail\":\"\",\"status\":1,\"position\":[],\"jumpurl\":\"\",\"create_time\":\"2022-05-27 16:09:31\",\"author\":\"\",\"keyword\":[\"\"],\"description\":\"\",\"sortid\":76,\"views\":0,\"keywords\":[]}', null, '1653639210', '2', null);
INSERT INTO `cd_log` VALUES ('310124', 'admin', 'admin', 'http://localhost:2010/admin/Cms.Content/update', '127.0.0.1', 'Mozilla/5.0 (Windows NT 10.0; Win64; x64; rv:100.0) Gecko/20100101 Firefox/100.0', '{\"content_id\":76,\"title\":\"一杯茶，一包烟，一个bug改一天\",\"class_id\":24,\"pic\":\"\\/uploads\\/admin\\/202205\\/629082ccebb54.png\",\"detail\":\"\",\"status\":1,\"position\":[],\"jumpurl\":\"\",\"create_time\":\"2022-05-27 16:09:31\",\"author\":\"\",\"keyword\":[\"\"],\"description\":\"\",\"sortid\":76,\"views\":0,\"keywords\":[]}', null, '1653639221', '2', null);
INSERT INTO `cd_log` VALUES ('310125', 'admin', 'admin', 'http://localhost:2010/admin/Cms.Content/update', '127.0.0.1', 'Mozilla/5.0 (Windows NT 10.0; Win64; x64; rv:100.0) Gecko/20100101 Firefox/100.0', '{\"content_id\":76,\"title\":\"一杯茶，一包烟，一个bug改一天\",\"class_id\":24,\"pic\":\"\\/uploads\\/admin\\/202205\\/629081a48ee22.jpg\",\"detail\":\"\",\"status\":1,\"position\":[],\"jumpurl\":\"\",\"create_time\":\"2022-05-27 16:09:31\",\"author\":\"\",\"keyword\":[\"\"],\"description\":\"\",\"sortid\":76,\"views\":0,\"keywords\":[]}', null, '1653639241', '2', null);
INSERT INTO `cd_log` VALUES ('310126', 'admin', 'admin', 'http://localhost:2010/admin/Cms.Content/update', '127.0.0.1', 'Mozilla/5.0 (Windows NT 10.0; Win64; x64; rv:100.0) Gecko/20100101 Firefox/100.0', '{\"content_id\":76,\"title\":\"一杯茶，一包烟，一个bug改一天\",\"class_id\":24,\"pic\":\"\\/uploads\\/admin\\/202205\\/629081a48ee22.jpg\",\"detail\":\"\",\"status\":1,\"position\":[],\"jumpurl\":\"\",\"create_time\":\"2022-05-27 16:09:31\",\"author\":\"\",\"keyword\":[\"\"],\"description\":\"\",\"sortid\":76,\"views\":0,\"keywords\":[]}', null, '1653639250', '2', null);
INSERT INTO `cd_log` VALUES ('310127', 'admin', 'admin', 'http://localhost:2010/admin/Login/index.html', '::1', 'Mozilla/5.0 (Windows NT 10.0; Win64; x64) AppleWebKit/537.36 (KHTML, like Gecko) Chrome/102.0.5005.61 Safari/537.36', null, null, '1653639371', '1', null);
INSERT INTO `cd_log` VALUES ('310128', 'admin', 'admin', 'http://localhost:2010/admin/Cms.Catagory/add', '::1', 'Mozilla/5.0 (Windows NT 10.0; Win64; x64) AppleWebKit/537.36 (KHTML, like Gecko) Chrome/102.0.5005.61 Safari/537.36', '{\"type\":1,\"status\":1,\"filename\":\"index.html\",\"list_tpl\":\"\",\"detail_tpl\":\"\",\"keyword\":[],\"class_name\":\"首页轮播图\"}', null, '1653639382', '2', null);
INSERT INTO `cd_log` VALUES ('310129', 'admin', 'admin', 'http://localhost:2010/admin/Login/index.html', '127.0.0.1', 'Mozilla/5.0 (Windows NT 10.0; Win64; x64; rv:100.0) Gecko/20100101 Firefox/100.0', null, null, '1653639430', '1', null);
INSERT INTO `cd_log` VALUES ('310130', 'admin', 'admin', 'http://localhost:2010/admin/Cms.Content/add', '127.0.0.1', 'Mozilla/5.0 (Windows NT 10.0; Win64; x64; rv:100.0) Gecko/20100101 Firefox/100.0', '{\"title\":\"一杯茶，一包烟，一个bug改一天\",\"pic\":\"\\/uploads\\/admin\\/202205\\/6290896915aed.jpg\",\"detail\":\"\",\"status\":1,\"position\":[],\"jumpurl\":\"\",\"create_time\":\"\",\"keyword\":[],\"description\":\"\",\"views\":0,\"author\":\"\",\"subtitle\":\"\",\"class_id\":1}', null, '1653639533', '2', null);
INSERT INTO `cd_log` VALUES ('310131', 'admin', 'admin', 'http://localhost:2010/admin/Cms.Content/add', '127.0.0.1', 'Mozilla/5.0 (Windows NT 10.0; Win64; x64; rv:100.0) Gecko/20100101 Firefox/100.0', '{\"title\":\"程序不是年轻的专利，但是，他属于年轻\",\"pic\":\"\\/uploads\\/admin\\/202205\\/6290898ddf043.png\",\"detail\":\"\",\"status\":1,\"position\":[],\"jumpurl\":\"\",\"create_time\":\"\",\"keyword\":[],\"description\":\"\",\"views\":0,\"author\":\"\",\"subtitle\":\"\",\"class_id\":1}', null, '1653639568', '2', null);
INSERT INTO `cd_log` VALUES ('310132', 'admin', 'admin', 'http://localhost:2010/admin/Cms.Content/add', '127.0.0.1', 'Mozilla/5.0 (Windows NT 10.0; Win64; x64; rv:100.0) Gecko/20100101 Firefox/100.0', '{\"title\":\"一个人静静坐在电脑面前写代码的感觉，那是什么感觉？那是武林高手闭关修炼的感觉\",\"pic\":\"\\/uploads\\/admin\\/202205\\/62908a209ef7c.jpg\",\"detail\":\"\",\"status\":1,\"position\":[],\"jumpurl\":\"\",\"create_time\":\"\",\"keyword\":[],\"description\":\"\",\"views\":0,\"author\":\"\",\"subtitle\":\"\",\"class_id\":1}', null, '1653639713', '2', null);
INSERT INTO `cd_log` VALUES ('310133', 'index', null, 'http://localhost:2010/', '127.0.0.1', 'Mozilla/5.0 (Windows NT 10.0; Win64; x64; rv:100.0) Gecko/20100101 Firefox/100.0', '[]', 'SQLSTATE[42S22]: Column not found: 1054 Unknown column \'id\' in \'order clause\'', '1653639784', '3', null);
INSERT INTO `cd_log` VALUES ('310134', 'index', null, 'http://localhost:2010/', '127.0.0.1', 'Mozilla/5.0 (Windows NT 10.0; Win64; x64; rv:100.0) Gecko/20100101 Firefox/100.0', '[]', 'SQLSTATE[42S22]: Column not found: 1054 Unknown column \'id\' in \'order clause\'', '1653639785', '3', null);
INSERT INTO `cd_log` VALUES ('310135', 'index', null, 'http://localhost:2010/', '127.0.0.1', 'Mozilla/5.0 (Windows NT 10.0; Win64; x64; rv:100.0) Gecko/20100101 Firefox/100.0', '[]', 'SQLSTATE[42S22]: Column not found: 1054 Unknown column \'id\' in \'order clause\'', '1653639786', '3', null);
INSERT INTO `cd_log` VALUES ('310136', 'admin', 'admin', 'http://localhost:2010/admin/Cms.Content/add', '127.0.0.1', 'Mozilla/5.0 (Windows NT 10.0; Win64; x64; rv:100.0) Gecko/20100101 Firefox/100.0', '{\"title\":\"前期追深度，否则会华而不实，后期追广度，否则会坐井观天\",\"pic\":\"\\/uploads\\/admin\\/202205\\/62908929abd26.jpg\",\"detail\":\"\",\"status\":1,\"position\":[],\"jumpurl\":\"\",\"create_time\":\"\",\"keyword\":[],\"description\":\"\",\"views\":0,\"author\":\"\",\"subtitle\":\"\",\"class_id\":1}', null, '1653639935', '2', null);
INSERT INTO `cd_log` VALUES ('310137', 'admin', 'admin', 'http://localhost:2010/admin/Cms.Content/update', '127.0.0.1', 'Mozilla/5.0 (Windows NT 10.0; Win64; x64; rv:100.0) Gecko/20100101 Firefox/100.0', '{\"content_id\":4,\"title\":\"前期追深度，否则会华而不实，后期追广度，否则会坐井观天\",\"class_id\":1,\"pic\":\"\\/uploads\\/admin\\/202205\\/62908b412e827.jpg\",\"detail\":\"\",\"status\":1,\"position\":[],\"jumpurl\":\"\",\"create_time\":\"2022-05-27 16:25:35\",\"author\":\"\",\"keyword\":[\"\"],\"description\":\"\",\"sortid\":4,\"views\":0,\"keywords\":[]}', null, '1653640002', '2', null);
INSERT INTO `cd_log` VALUES ('310138', 'admin', 'admin', 'http://localhost:2010/admin/Cms.Content/update', '127.0.0.1', 'Mozilla/5.0 (Windows NT 10.0; Win64; x64; rv:100.0) Gecko/20100101 Firefox/100.0', '{\"content_id\":4,\"title\":\"前期追深度，否则会华而不实，后期追广度，否则会坐井观天\",\"class_id\":1,\"pic\":\"\\/uploads\\/admin\\/202205\\/62908bb7cf913.jpg\",\"detail\":\"\",\"status\":1,\"position\":[],\"jumpurl\":\"\",\"create_time\":\"2022-05-27 16:25:35\",\"author\":\"\",\"keyword\":[\"\"],\"description\":\"\",\"sortid\":4,\"views\":0,\"keywords\":[]}', null, '1653640120', '2', null);
INSERT INTO `cd_log` VALUES ('310139', 'admin', 'admin', 'http://localhost:2010/admin/Cms.Content/update', '127.0.0.1', 'Mozilla/5.0 (Windows NT 10.0; Win64; x64; rv:100.0) Gecko/20100101 Firefox/100.0', '{\"content_id\":4,\"title\":\"前期追深度，否则会华而不实，后期追广度，否则会坐井观天\",\"class_id\":1,\"pic\":\"\\/uploads\\/admin\\/202205\\/62908bb7cf913.jpg\",\"detail\":\"\",\"status\":1,\"position\":[],\"jumpurl\":\"\",\"create_time\":\"2022-05-27 16:25:35\",\"author\":\"\",\"keyword\":[\"\"],\"description\":\"\",\"sortid\":4,\"views\":1,\"keywords\":[]}', null, '1653641232', '2', null);
INSERT INTO `cd_log` VALUES ('310140', 'admin', 'admin', 'http://localhost:2010/admin/Cms.Content/update', '127.0.0.1', 'Mozilla/5.0 (Windows NT 10.0; Win64; x64; rv:100.0) Gecko/20100101 Firefox/100.0', '{\"content_id\":4,\"title\":\"前期追深度，否则会华而不实，后期追广度，否则会坐井观天\",\"class_id\":1,\"pic\":\"\\/uploads\\/admin\\/202205\\/62908bb7cf913.jpg\",\"detail\":\"\",\"status\":1,\"position\":[],\"jumpurl\":\"\",\"create_time\":\"2022-05-27 16:25:35\",\"author\":\"\",\"keyword\":[\"\"],\"description\":\"\",\"sortid\":4,\"views\":3,\"keywords\":[]}', null, '1653641236', '2', null);
INSERT INTO `cd_log` VALUES ('310141', 'admin', 'admin', 'http://localhost:2010/admin/Cms.Content/update', '127.0.0.1', 'Mozilla/5.0 (Windows NT 10.0; Win64; x64; rv:100.0) Gecko/20100101 Firefox/100.0', '{\"content_id\":2,\"title\":\"程序不是年轻的专利，但是，他属于年轻\",\"class_id\":1,\"pic\":\"\\/uploads\\/admin\\/202205\\/629093a253772.png\",\"detail\":\"\",\"status\":1,\"position\":[],\"jumpurl\":\"\",\"create_time\":\"2022-05-27 16:19:28\",\"author\":\"\",\"keyword\":[\"\"],\"description\":\"\",\"sortid\":2,\"views\":0,\"keywords\":[]}', null, '1653642147', '2', null);
INSERT INTO `cd_log` VALUES ('310142', 'admin', 'admin', 'http://localhost:2010/admin/Cms.Content/update', '127.0.0.1', 'Mozilla/5.0 (Windows NT 10.0; Win64; x64; rv:100.0) Gecko/20100101 Firefox/100.0', '{\"content_id\":4,\"title\":\"前期追深度，否则会华而不实，后期追广度，否则会坐井观天\",\"class_id\":1,\"pic\":\"\\/uploads\\/admin\\/202205\\/629093c103879.jpg\",\"detail\":\"\",\"status\":1,\"position\":[],\"jumpurl\":\"\",\"create_time\":\"2022-05-27 16:25:35\",\"author\":\"\",\"keyword\":[\"\"],\"description\":\"\",\"sortid\":4,\"views\":3,\"keywords\":[]}', null, '1653642177', '2', null);
INSERT INTO `cd_log` VALUES ('310143', 'admin', 'admin', 'http://localhost:2010/admin/Cms.Catagory/update', '127.0.0.1', 'Mozilla/5.0 (Windows NT 10.0; Win64; x64; rv:100.0) Gecko/20100101 Firefox/100.0', '{\"class_id\":1,\"pid\":null,\"class_name\":\"首页轮播图\",\"subtitle\":null,\"type\":1,\"list_tpl\":\"\",\"detail_tpl\":\"view\",\"pic\":null,\"keyword\":[],\"description\":null,\"jumpurl\":null,\"status\":1,\"sortid\":1,\"filepath\":null,\"filename\":\"index.html\",\"module_id\":null,\"upload_config_id\":null}', null, '1653642357', '2', null);
INSERT INTO `cd_log` VALUES ('310144', 'admin', 'admin', 'http://localhost:2010/admin/Cms.Catagory/add', '127.0.0.1', 'Mozilla/5.0 (Windows NT 10.0; Win64; x64; rv:100.0) Gecko/20100101 Firefox/100.0', '{\"type\":1,\"status\":1,\"filename\":\"index.html\",\"list_tpl\":\"\",\"detail_tpl\":\"\",\"keyword\":[],\"class_name\":\"首页导航\"}', null, '1653644692', '2', null);
INSERT INTO `cd_log` VALUES ('310145', 'admin', 'admin', 'http://localhost:2010/admin/Cms.Catagory/add', '127.0.0.1', 'Mozilla/5.0 (Windows NT 10.0; Win64; x64; rv:100.0) Gecko/20100101 Firefox/100.0', '{\"class_id\":2,\"pid\":2,\"type\":1,\"list_tpl\":\"\",\"detail_tpl\":\"\",\"status\":1,\"filepath\":null,\"filename\":\"index.html\",\"module_id\":null,\"upload_config_id\":null,\"keyword\":[],\"class_name\":\"关于我们\"}', null, '1653644713', '2', null);
INSERT INTO `cd_log` VALUES ('310146', 'admin', 'admin', 'http://localhost:2010/admin/Login/index.html', '127.0.0.1', 'Mozilla/5.0 (Windows NT 10.0; Win64; x64; rv:100.0) Gecko/20100101 Firefox/100.0', null, null, '1653983923', '1', null);
INSERT INTO `cd_log` VALUES ('310147', 'admin', 'admin', 'http://localhost:2010/admin/Login/index.html', '127.0.0.1', 'Mozilla/5.0 (Windows NT 10.0; Win64; x64; rv:101.0) Gecko/20100101 Firefox/101.0', null, null, '1654499392', '1', null);
INSERT INTO `cd_log` VALUES ('310148', 'admin', 'admin', 'http://localhost:2010/admin/Cms.Catagory/update', '127.0.0.1', 'Mozilla/5.0 (Windows NT 10.0; Win64; x64; rv:101.0) Gecko/20100101 Firefox/101.0', '{\"class_id\":3,\"pid\":2,\"class_name\":\"关于我们\",\"subtitle\":null,\"type\":1,\"list_tpl\":\"\",\"detail_tpl\":\"\",\"pic\":null,\"keyword\":[],\"description\":null,\"jumpurl\":null,\"status\":1,\"sortid\":3,\"filepath\":null,\"filename\":\"index.html\",\"module_id\":1055,\"upload_config_id\":null}', null, '1654499891', '2', null);
INSERT INTO `cd_log` VALUES ('310149', 'admin', 'admin', 'http://localhost:2010/admin/Cms.Catagory/update', '127.0.0.1', 'Mozilla/5.0 (Windows NT 10.0; Win64; x64; rv:101.0) Gecko/20100101 Firefox/101.0', '{\"class_id\":3,\"pid\":2,\"class_name\":\"关于我们\",\"subtitle\":null,\"type\":1,\"list_tpl\":\"\",\"detail_tpl\":\"\",\"pic\":null,\"keyword\":[],\"description\":null,\"jumpurl\":null,\"status\":1,\"sortid\":3,\"filepath\":null,\"filename\":\"index.html\",\"module_id\":1056,\"upload_config_id\":null}', null, '1654499968', '2', null);
INSERT INTO `cd_log` VALUES ('310150', 'admin', 'admin', 'http://localhost:2010/admin/Cms.Catagory/add', '127.0.0.1', 'Mozilla/5.0 (Windows NT 10.0; Win64; x64; rv:101.0) Gecko/20100101 Firefox/101.0', '{\"class_id\":2,\"pid\":2,\"type\":1,\"list_tpl\":\"\",\"detail_tpl\":\"\",\"status\":1,\"filepath\":null,\"filename\":\"index.html\",\"module_id\":null,\"upload_config_id\":null,\"keyword\":[],\"class_name\":\"网站建设\"}', null, '1654499997', '2', null);
INSERT INTO `cd_log` VALUES ('310151', 'admin', 'admin', 'http://localhost:2010/admin/Cms.Catagory/update', '127.0.0.1', 'Mozilla/5.0 (Windows NT 10.0; Win64; x64; rv:101.0) Gecko/20100101 Firefox/101.0', '{\"class_id\":3,\"pid\":2,\"class_name\":\"关于我们\",\"subtitle\":null,\"type\":1,\"list_tpl\":\"\",\"detail_tpl\":\"\",\"pic\":null,\"keyword\":[],\"description\":null,\"jumpurl\":null,\"status\":1,\"sortid\":3,\"filepath\":null,\"filename\":\"index.html\",\"module_id\":\"\",\"upload_config_id\":null}', null, '1654500003', '2', null);
INSERT INTO `cd_log` VALUES ('310152', 'admin', 'admin', 'http://localhost:2010/admin/Cms.Catagory/update', '127.0.0.1', 'Mozilla/5.0 (Windows NT 10.0; Win64; x64; rv:101.0) Gecko/20100101 Firefox/101.0', '{\"class_id\":3,\"pid\":2,\"class_name\":\"关于我们\",\"subtitle\":null,\"type\":1,\"list_tpl\":\"list\",\"detail_tpl\":\"view\",\"pic\":null,\"keyword\":[],\"description\":null,\"jumpurl\":null,\"status\":1,\"sortid\":3,\"filepath\":null,\"filename\":\"index.html\",\"module_id\":0,\"upload_config_id\":null}', null, '1654500842', '2', null);
INSERT INTO `cd_log` VALUES ('310153', 'admin', 'admin', 'http://localhost:2010/admin/Cms.Catagory/update', '127.0.0.1', 'Mozilla/5.0 (Windows NT 10.0; Win64; x64; rv:101.0) Gecko/20100101 Firefox/101.0', '{\"class_id\":3,\"pid\":2,\"class_name\":\"关于我们\",\"subtitle\":null,\"type\":1,\"list_tpl\":\"\",\"detail_tpl\":\"\",\"pic\":null,\"keyword\":[],\"description\":null,\"jumpurl\":null,\"status\":1,\"sortid\":3,\"filepath\":null,\"filename\":\"index.html\",\"module_id\":0,\"upload_config_id\":null}', null, '1654500852', '2', null);
INSERT INTO `cd_log` VALUES ('310154', 'admin', 'admin', 'http://localhost:2010/admin/Cms.Catagory/update', '127.0.0.1', 'Mozilla/5.0 (Windows NT 10.0; Win64; x64; rv:101.0) Gecko/20100101 Firefox/101.0', '{\"class_id\":4,\"pid\":2,\"class_name\":\"网站建设\",\"subtitle\":null,\"type\":2,\"list_tpl\":\"list\",\"detail_tpl\":\"view\",\"pic\":null,\"keyword\":[],\"description\":null,\"jumpurl\":null,\"status\":1,\"sortid\":4,\"filepath\":null,\"filename\":\"index.html\",\"module_id\":null,\"upload_config_id\":null}', null, '1654500864', '2', null);
INSERT INTO `cd_log` VALUES ('310155', 'admin', 'admin', 'http://localhost:2010/admin/Cms.Catagory/add', '127.0.0.1', 'Mozilla/5.0 (Windows NT 10.0; Win64; x64; rv:101.0) Gecko/20100101 Firefox/101.0', '{\"class_id\":4,\"pid\":4,\"type\":2,\"list_tpl\":\"list\",\"detail_tpl\":\"view\",\"status\":1,\"filepath\":null,\"filename\":\"index.html\",\"module_id\":null,\"upload_config_id\":null,\"keyword\":[],\"class_name\":\"模板大全\"}', null, '1654501005', '2', null);
INSERT INTO `cd_log` VALUES ('310156', 'admin', 'admin', 'http://localhost:2010/admin/Cms.Catagory/update', '127.0.0.1', 'Mozilla/5.0 (Windows NT 10.0; Win64; x64; rv:101.0) Gecko/20100101 Firefox/101.0', '{\"class_id\":5,\"pid\":4,\"class_name\":\"模板大全\",\"subtitle\":null,\"type\":2,\"list_tpl\":\"list\",\"detail_tpl\":\"view\",\"pic\":null,\"keyword\":[],\"description\":null,\"jumpurl\":null,\"status\":1,\"sortid\":5,\"filepath\":null,\"filename\":\"index.html\",\"module_id\":1055,\"upload_config_id\":null}', null, '1654501020', '2', null);
INSERT INTO `cd_log` VALUES ('310157', 'admin', 'admin', 'http://localhost:2010/admin/Cms.Content/add', '127.0.0.1', 'Mozilla/5.0 (Windows NT 10.0; Win64; x64; rv:101.0) Gecko/20100101 Firefox/101.0', '{\"title\":\"【响应式模板】清新果汁\",\"pic\":\"\",\"detail\":\"\",\"status\":1,\"position\":[],\"jumpurl\":\"\",\"create_time\":\"\",\"keyword\":[],\"description\":\"\",\"views\":0,\"author\":\"\",\"subtitle\":\"\",\"class_id\":5,\"file\":\"\\/uploads\\/admin\\/202206\\/629daf9346e96.zip\"}', null, '1654501270', '2', null);
INSERT INTO `cd_log` VALUES ('310158', 'admin', 'admin', 'http://localhost:2010/admin/Cms.Catagory/update', '127.0.0.1', 'Mozilla/5.0 (Windows NT 10.0; Win64; x64; rv:101.0) Gecko/20100101 Firefox/101.0', '{\"class_id\":3,\"pid\":2,\"class_name\":\"关于我们\",\"subtitle\":null,\"type\":1,\"list_tpl\":\"about\",\"detail_tpl\":\"\",\"pic\":null,\"keyword\":[],\"description\":null,\"jumpurl\":null,\"status\":1,\"sortid\":3,\"filepath\":null,\"filename\":\"index.html\",\"module_id\":0,\"upload_config_id\":null}', null, '1654501504', '2', null);
INSERT INTO `cd_log` VALUES ('310159', 'admin', 'admin', 'http://localhost:2010/admin/Cms.Catagory/update', '127.0.0.1', 'Mozilla/5.0 (Windows NT 10.0; Win64; x64; rv:101.0) Gecko/20100101 Firefox/101.0', '{\"class_id\":1,\"pid\":null,\"class_name\":\"首页轮播图\",\"subtitle\":null,\"type\":1,\"list_tpl\":\"list\",\"detail_tpl\":\"view\",\"pic\":null,\"keyword\":[],\"description\":null,\"jumpurl\":null,\"status\":1,\"sortid\":1,\"filepath\":null,\"filename\":\"index.html\",\"module_id\":null,\"upload_config_id\":null}', null, '1654503784', '2', null);
INSERT INTO `cd_log` VALUES ('310160', 'admin', 'admin', 'http://localhost:2010/admin/Cms.Catagory/update', '127.0.0.1', 'Mozilla/5.0 (Windows NT 10.0; Win64; x64; rv:101.0) Gecko/20100101 Firefox/101.0', '{\"class_id\":2,\"pid\":null,\"class_name\":\"首页导航\",\"subtitle\":null,\"type\":2,\"list_tpl\":\"list\",\"detail_tpl\":\"view\",\"pic\":null,\"keyword\":[],\"description\":null,\"jumpurl\":null,\"status\":1,\"sortid\":2,\"filepath\":null,\"filename\":\"index.html\",\"module_id\":null,\"upload_config_id\":null}', null, '1654587364', '2', null);
INSERT INTO `cd_log` VALUES ('310161', 'admin', 'admin', 'http://localhost:2010/admin/Cms.Catagory/add', '127.0.0.1', 'Mozilla/5.0 (Windows NT 10.0; Win64; x64; rv:101.0) Gecko/20100101 Firefox/101.0', '{\"type\":1,\"status\":1,\"filename\":\"index.html\",\"list_tpl\":\"\",\"detail_tpl\":\"\",\"keyword\":[],\"class_name\":\"总栏目\"}', null, '1654587398', '2', null);
INSERT INTO `cd_log` VALUES ('310162', 'admin', 'admin', 'http://localhost:2010/admin/Cms.Catagory/update', '127.0.0.1', 'Mozilla/5.0 (Windows NT 10.0; Win64; x64; rv:101.0) Gecko/20100101 Firefox/101.0', '{\"class_id\":1,\"pid\":6,\"class_name\":\"首页轮播图\",\"subtitle\":null,\"type\":1,\"list_tpl\":\"list\",\"detail_tpl\":\"view\",\"pic\":null,\"keyword\":[],\"description\":null,\"jumpurl\":null,\"status\":1,\"sortid\":1,\"filepath\":null,\"filename\":\"index.html\",\"module_id\":null,\"upload_config_id\":null}', null, '1654587403', '2', null);
INSERT INTO `cd_log` VALUES ('310163', 'admin', 'admin', 'http://localhost:2010/admin/Cms.Catagory/update', '127.0.0.1', 'Mozilla/5.0 (Windows NT 10.0; Win64; x64; rv:101.0) Gecko/20100101 Firefox/101.0', '{\"class_id\":2,\"pid\":6,\"class_name\":\"首页导航\",\"subtitle\":null,\"type\":2,\"list_tpl\":\"list\",\"detail_tpl\":\"view\",\"pic\":null,\"keyword\":[],\"description\":null,\"jumpurl\":null,\"status\":1,\"sortid\":2,\"filepath\":null,\"filename\":\"index.html\",\"module_id\":null,\"upload_config_id\":null}', null, '1654587410', '2', null);
INSERT INTO `cd_log` VALUES ('310164', 'admin', 'admin', 'http://localhost:2010/admin/Cms.Catagory/update', '127.0.0.1', 'Mozilla/5.0 (Windows NT 10.0; Win64; x64; rv:101.0) Gecko/20100101 Firefox/101.0', '{\"class_id\":6,\"pid\":null,\"class_name\":\"总栏目\",\"subtitle\":null,\"type\":2,\"list_tpl\":\"\",\"detail_tpl\":\"\",\"pic\":null,\"keyword\":[],\"description\":null,\"jumpurl\":null,\"status\":1,\"sortid\":6,\"filepath\":null,\"filename\":\"index.html\",\"module_id\":null,\"upload_config_id\":null}', null, '1654587439', '2', null);
INSERT INTO `cd_log` VALUES ('310165', 'admin', 'admin', 'http://localhost:2010/admin/Cms.Catagory/update', '127.0.0.1', 'Mozilla/5.0 (Windows NT 10.0; Win64; x64; rv:101.0) Gecko/20100101 Firefox/101.0', '{\"class_id\":6,\"pid\":null,\"class_name\":\"总栏目\",\"subtitle\":null,\"type\":2,\"list_tpl\":\"list\",\"detail_tpl\":\"view\",\"pic\":null,\"keyword\":[],\"description\":null,\"jumpurl\":null,\"status\":1,\"sortid\":6,\"filepath\":null,\"filename\":\"index.html\",\"module_id\":null,\"upload_config_id\":null}', null, '1654587453', '2', null);
INSERT INTO `cd_log` VALUES ('310166', 'admin', 'admin', 'http://localhost:2010/admin/Cms.Catagory/update', '127.0.0.1', 'Mozilla/5.0 (Windows NT 10.0; Win64; x64; rv:101.0) Gecko/20100101 Firefox/101.0', '{\"class_id\":6,\"pid\":null,\"class_name\":\"搜索\",\"subtitle\":null,\"type\":2,\"list_tpl\":\"list\",\"detail_tpl\":\"view\",\"pic\":null,\"keyword\":[],\"description\":null,\"jumpurl\":null,\"status\":1,\"sortid\":6,\"filepath\":null,\"filename\":\"index.html\",\"module_id\":null,\"upload_config_id\":null}', null, '1654587499', '2', null);
INSERT INTO `cd_log` VALUES ('310167', 'admin', 'admin', 'http://localhost:2010/admin/Cms.Content/update', '127.0.0.1', 'Mozilla/5.0 (Windows NT 10.0; Win64; x64; rv:101.0) Gecko/20100101 Firefox/101.0', '{\"content_id\":5,\"title\":\"【响应式模板】清新果汁\",\"class_id\":5,\"pic\":\"\",\"detail\":\"\",\"status\":1,\"position\":[],\"jumpurl\":\"\",\"create_time\":\"2022-06-06 15:41:10\",\"author\":\"\",\"keyword\":[\"\"],\"description\":\"666666666666666666666\",\"sortid\":5,\"views\":17,\"keywords\":[],\"id\":2,\"wbk\":null,\"xlk\":null,\"xldx\":[],\"dxk\":null,\"dxka\":[],\"kg\":null,\"wby\":null,\"rqk\":0,\"rqfw\":[],\"dt\":null,\"dt2\":null,\"file\":\"\\/uploads\\/admin\\/202206\\/629daf9346e96.zip\",\"files\":[],\"jsq\":null,\"bq\":[],\"hk\":null,\"color\":null,\"jzd\":[],\"ssq\":[],\"dddt\":null,\"gddt\":null,\"txdt\":null,\"wangeditor\":null,\"tinymce\":null,\"images\":[]}', null, '1654588553', '2', null);
INSERT INTO `cd_log` VALUES ('310168', 'admin', 'admin', 'http://localhost:2010/admin/Cms.Catagory/update', '127.0.0.1', 'Mozilla/5.0 (Windows NT 10.0; Win64; x64; rv:101.0) Gecko/20100101 Firefox/101.0', '{\"class_id\":6,\"pid\":null,\"class_name\":\"搜索\",\"subtitle\":null,\"type\":2,\"list_tpl\":\"search\",\"detail_tpl\":\"view\",\"pic\":null,\"keyword\":[],\"description\":null,\"jumpurl\":null,\"status\":1,\"sortid\":6,\"filepath\":null,\"filename\":\"index.html\",\"module_id\":null,\"upload_config_id\":null}', null, '1654589201', '2', null);
INSERT INTO `cd_log` VALUES ('310169', 'admin', 'admin', 'http://localhost:2010/admin/Login/index.html', '127.0.0.1', 'Mozilla/5.0 (Windows NT 10.0; Win64; x64; rv:101.0) Gecko/20100101 Firefox/101.0', null, null, '1654652147', '1', null);
INSERT INTO `cd_log` VALUES ('310170', 'admin', 'admin', 'http://localhost:2010/admin/Node/add', '127.0.0.1', 'Mozilla/5.0 (Windows NT 10.0; Win64; x64; rv:101.0) Gecko/20100101 Firefox/101.0', '{\"title\":\"留言管理\",\"type\":1,\"path\":\"\",\"status\":1,\"icon\":\"\",\"pid\":46}', null, '1654654990', '2', null);
INSERT INTO `cd_log` VALUES ('310171', 'admin', 'admin', 'http://localhost:2010/admin/Node/update', '127.0.0.1', 'Mozilla/5.0 (Windows NT 10.0; Win64; x64; rv:101.0) Gecko/20100101 Firefox/101.0', '{\"node_id\":66,\"pid\":46,\"title\":\"留言管理\",\"type\":1,\"path\":\"\\/admin\\/Cms.Message\\/index.html\",\"status\":1,\"icon\":\"\",\"sortid\":66}', null, '1654655069', '2', null);
INSERT INTO `cd_log` VALUES ('310172', 'admin', 'admin', 'http://localhost:2010/admin/Login/index.html', '127.0.0.1', 'Mozilla/5.0 (Windows NT 10.0; Win64; x64; rv:101.0) Gecko/20100101 Firefox/101.0', null, null, '1654740501', '1', null);
INSERT INTO `cd_log` VALUES ('310173', 'admin', 'admin', 'http://localhost:2010/admin/Cms.message/delete', '127.0.0.1', 'Mozilla/5.0 (Windows NT 10.0; Win64; x64; rv:101.0) Gecko/20100101 Firefox/101.0', '{\"message_id\":1}', null, '1654741222', '2', null);
INSERT INTO `cd_log` VALUES ('310174', 'admin', 'admin', 'http://localhost:2010/admin/Cms.Catagory/add', '127.0.0.1', 'Mozilla/5.0 (Windows NT 10.0; Win64; x64; rv:101.0) Gecko/20100101 Firefox/101.0', '{\"class_id\":4,\"pid\":4,\"type\":2,\"list_tpl\":\"list\",\"detail_tpl\":\"view\",\"status\":1,\"filepath\":null,\"filename\":\"index.html\",\"module_id\":null,\"upload_config_id\":null,\"keyword\":[],\"class_name\":\"ces\"}', null, '1654765554', '2', null);
INSERT INTO `cd_log` VALUES ('310175', 'admin', 'admin', 'http://localhost:2010/admin/Login/index.html', '127.0.0.1', 'Mozilla/5.0 (Windows NT 10.0; Win64; x64; rv:101.0) Gecko/20100101 Firefox/101.0', null, null, '1654845965', '1', null);
INSERT INTO `cd_log` VALUES ('310176', 'admin', 'admin', 'http://localhost:2010/admin/Link.Link/add', '127.0.0.1', 'Mozilla/5.0 (Windows NT 10.0; Win64; x64; rv:101.0) Gecko/20100101 Firefox/101.0', '{\"title\":\"viewer.js\",\"url\":\"\",\"linkcata_id\":3,\"logo\":\"\",\"status\":1,\"create_time\":\"\"}', null, '1654854749', '2', null);
INSERT INTO `cd_log` VALUES ('310177', 'admin', 'admin', 'http://localhost:2010/admin/Login/index.html', '127.0.0.1', 'Mozilla/5.0 (Windows NT 10.0; Win64; x64; rv:101.0) Gecko/20100101 Firefox/101.0', null, null, '1655088224', '1', null);
INSERT INTO `cd_log` VALUES ('310178', 'admin', 'admin', 'http://localhost:2010/admin/Login/index.html', '127.0.0.1', 'Mozilla/5.0 (Windows NT 10.0; Win64; x64; rv:101.0) Gecko/20100101 Firefox/101.0', null, null, '1655261653', '1', null);
INSERT INTO `cd_log` VALUES ('310179', 'admin', 'admin', 'http://localhost:2010/admin/Cms.Catagory/update', '127.0.0.1', 'Mozilla/5.0 (Windows NT 10.0; Win64; x64; rv:101.0) Gecko/20100101 Firefox/101.0', '{\"class_id\":3,\"pid\":2,\"class_name\":\"关于我们\",\"subtitle\":null,\"type\":1,\"list_tpl\":\"about\",\"detail_tpl\":\"\",\"pic\":\"\\/uploads\\/admin\\/202203\\/622ab32554293.png\",\"keyword\":[],\"description\":null,\"jumpurl\":null,\"status\":1,\"sortid\":6,\"filepath\":null,\"filename\":\"index.html\",\"module_id\":0,\"upload_config_id\":null}', null, '1655261717', '2', null);
INSERT INTO `cd_log` VALUES ('310180', 'admin', 'admin', 'http://localhost:2010/admin/Cms.Catagory/update', '127.0.0.1', 'Mozilla/5.0 (Windows NT 10.0; Win64; x64; rv:101.0) Gecko/20100101 Firefox/101.0', '{\"class_id\":3,\"pid\":2,\"class_name\":\"关于我们\",\"subtitle\":\"666666666666666\",\"type\":1,\"list_tpl\":\"about\",\"detail_tpl\":\"\",\"pic\":\"\\/uploads\\/admin\\/202203\\/622ab32554293.png\",\"keyword\":[],\"description\":null,\"jumpurl\":null,\"status\":1,\"sortid\":6,\"filepath\":null,\"filename\":\"index.html\",\"module_id\":0,\"upload_config_id\":null}', null, '1655262268', '2', null);
INSERT INTO `cd_log` VALUES ('310181', 'admin', 'admin', 'http://localhost:2010/admin/Cms.Catagory/update', '127.0.0.1', 'Mozilla/5.0 (Windows NT 10.0; Win64; x64; rv:101.0) Gecko/20100101 Firefox/101.0', '{\"class_id\":3,\"pid\":2,\"class_name\":\"关于我们\",\"subtitle\":\"无子栏目\",\"type\":1,\"list_tpl\":\"about\",\"detail_tpl\":\"\",\"pic\":\"\\/uploads\\/admin\\/202203\\/622ab32554293.png\",\"keyword\":[],\"description\":null,\"jumpurl\":null,\"status\":1,\"sortid\":6,\"filepath\":null,\"filename\":\"index.html\",\"module_id\":0,\"upload_config_id\":null}', null, '1655262384', '2', null);
INSERT INTO `cd_log` VALUES ('310182', 'admin', 'admin', 'http://localhost:2010/admin/Map/add', '127.0.0.1', 'Mozilla/5.0 (Windows NT 10.0; Win64; x64; rv:101.0) Gecko/20100101 Firefox/101.0', '{\"title\":\"\",\"bddt\":\"{\\\"address\\\":\\\"广西壮族自治区南宁市青秀区嘉宾路\\\",\\\"lng\\\":108.372843,\\\"lat\\\":22.823215}\",\"gddt\":\"\",\"txdt\":\"\"}', null, '1655262951', '2', null);
INSERT INTO `cd_log` VALUES ('310183', 'admin', 'admin', 'http://localhost:2010/admin/Cms.Catagory/update', '127.0.0.1', 'Mozilla/5.0 (Windows NT 10.0; Win64; x64; rv:101.0) Gecko/20100101 Firefox/101.0', '{\"class_id\":7,\"pid\":4,\"class_name\":\"成品案例\",\"subtitle\":null,\"type\":2,\"list_tpl\":\"list\",\"detail_tpl\":\"view\",\"pic\":null,\"keyword\":[],\"description\":null,\"jumpurl\":null,\"status\":1,\"sortid\":7,\"filepath\":null,\"filename\":\"index.html\",\"module_id\":null,\"upload_config_id\":null}', null, '1655275897', '2', null);
INSERT INTO `cd_log` VALUES ('310184', 'admin', 'admin', 'http://localhost:2010/admin/Cms.Content/add', '127.0.0.1', 'Mozilla/5.0 (Windows NT 10.0; Win64; x64; rv:101.0) Gecko/20100101 Firefox/101.0', '{\"title\":\"服装商城网站php+mysql\",\"pic\":\"\\/uploads\\/admin\\/202206\\/62a985d95c8f7.png\",\"status\":1,\"position\":[],\"jumpurl\":\"\",\"create_time\":\"\",\"keyword\":[],\"description\":\"\",\"views\":0,\"author\":\"\",\"subtitle\":\"\",\"class_id\":7}', null, '1655277133', '2', null);
INSERT INTO `cd_log` VALUES ('310185', 'admin', 'admin', 'http://localhost:2010/admin/Cms.Content/update', '127.0.0.1', 'Mozilla/5.0 (Windows NT 10.0; Win64; x64; rv:101.0) Gecko/20100101 Firefox/101.0', '{\"content_id\":6,\"title\":\"服装商城网站php+mysql\",\"class_id\":7,\"pic\":\"\\/uploads\\/admin\\/202206\\/62a985d95c8f7.png\",\"status\":1,\"position\":[],\"jumpurl\":\"\",\"create_time\":\"2022-06-15 15:12:13\",\"author\":\"\",\"keyword\":[\"\"],\"description\":\"\",\"sortid\":6,\"views\":1,\"keywords\":[]}', null, '1655277161', '2', null);
INSERT INTO `cd_log` VALUES ('310186', 'admin', 'admin', 'http://localhost:2010/admin/Cms.Content/update', '127.0.0.1', 'Mozilla/5.0 (Windows NT 10.0; Win64; x64; rv:101.0) Gecko/20100101 Firefox/101.0', '{\"content_id\":6,\"title\":\"服装商城网站php+mysql\",\"class_id\":7,\"pic\":\"\\/uploads\\/admin\\/202206\\/62a985d95c8f7.png\",\"status\":1,\"position\":[],\"jumpurl\":\"\",\"create_time\":\"2022-06-15 15:12:13\",\"author\":\"\",\"keyword\":[\"\"],\"description\":\"\",\"sortid\":6,\"views\":2,\"keywords\":[]}', null, '1655277173', '2', null);
INSERT INTO `cd_log` VALUES ('310187', 'admin', 'admin', 'http://localhost:2010/admin/Cms.Content/update', '127.0.0.1', 'Mozilla/5.0 (Windows NT 10.0; Win64; x64; rv:101.0) Gecko/20100101 Firefox/101.0', '{\"content_id\":6,\"title\":\"服装商城网站php+mysql\",\"class_id\":7,\"pic\":\"\\/uploads\\/admin\\/202206\\/62a985cf33b19.png\",\"status\":1,\"position\":[],\"jumpurl\":\"\",\"create_time\":\"2022-06-15 15:12:13\",\"author\":\"\",\"keyword\":[\"\"],\"description\":\"\",\"sortid\":6,\"views\":3,\"keywords\":[]}', null, '1655277185', '2', null);
INSERT INTO `cd_log` VALUES ('310188', 'admin', 'admin', 'http://localhost:2010/admin/Cms.Catagory/add', '127.0.0.1', 'Mozilla/5.0 (Windows NT 10.0; Win64; x64; rv:101.0) Gecko/20100101 Firefox/101.0', '{\"class_id\":2,\"pid\":2,\"type\":1,\"list_tpl\":\"list\",\"detail_tpl\":\"view\",\"status\":1,\"filepath\":null,\"filename\":\"index.html\",\"module_id\":null,\"upload_config_id\":null,\"keyword\":[],\"class_name\":\"技术分享\"}', null, '1655277620', '2', null);
INSERT INTO `cd_log` VALUES ('310189', 'admin', 'admin', 'http://localhost:2010/admin/Cms.Catagory/add', '127.0.0.1', 'Mozilla/5.0 (Windows NT 10.0; Win64; x64; rv:101.0) Gecko/20100101 Firefox/101.0', '{\"class_id\":8,\"pid\":8,\"type\":2,\"list_tpl\":\"list\",\"detail_tpl\":\"view\",\"status\":1,\"filepath\":null,\"filename\":\"index.html\",\"module_id\":null,\"upload_config_id\":null,\"keyword\":[],\"class_name\":\"前端技术\"}', null, '1655277694', '2', null);
INSERT INTO `cd_log` VALUES ('310190', 'admin', 'admin', 'http://localhost:2010/admin/Cms.Catagory/update', '127.0.0.1', 'Mozilla/5.0 (Windows NT 10.0; Win64; x64; rv:101.0) Gecko/20100101 Firefox/101.0', '{\"class_id\":8,\"pid\":2,\"class_name\":\"技术分享\",\"subtitle\":null,\"type\":2,\"list_tpl\":\"list\",\"detail_tpl\":\"view\",\"pic\":null,\"keyword\":[],\"description\":null,\"jumpurl\":null,\"status\":1,\"sortid\":6,\"filepath\":null,\"filename\":\"index.html\",\"module_id\":null,\"upload_config_id\":null}', null, '1655277703', '2', null);
INSERT INTO `cd_log` VALUES ('310191', 'admin', 'admin', 'http://localhost:2010/admin/Cms.Content/update', '127.0.0.1', 'Mozilla/5.0 (Windows NT 10.0; Win64; x64; rv:101.0) Gecko/20100101 Firefox/101.0', '{\"content_id\":6,\"title\":\"服装商城网站php+mysql\",\"class_id\":7,\"pic\":\"\\/uploads\\/admin\\/202206\\/62a985cf33b19.png\",\"status\":1,\"position\":[],\"jumpurl\":\"\",\"create_time\":\"2022-06-15 15:12:13\",\"author\":\"呵呵哒\",\"keyword\":[\"\"],\"description\":\"\",\"sortid\":6,\"views\":18,\"keywords\":[]}', null, '1655281286', '2', null);
INSERT INTO `cd_log` VALUES ('310192', 'admin', 'admin', 'http://localhost:2010/admin/Login/index.html', '127.0.0.1', 'Mozilla/5.0 (Windows NT 10.0; Win64; x64; rv:101.0) Gecko/20100101 Firefox/101.0', null, null, '1655948673', '1', null);
INSERT INTO `cd_log` VALUES ('310193', 'admin', 'admin', 'http://localhost:2010/admin/Batch/delete', '127.0.0.1', 'Mozilla/5.0 (Windows NT 10.0; Win64; x64; rv:101.0) Gecko/20100101 Firefox/101.0', '{\"batch_id\":10}', null, '1655948947', '2', null);
INSERT INTO `cd_log` VALUES ('310194', 'admin', 'admin', 'http://localhost:2010/admin/Download/add', '127.0.0.1', 'Mozilla/5.0 (Windows NT 10.0; Win64; x64; rv:101.0) Gecko/20100101 Firefox/101.0', '{\"title\":\"534\",\"status\":1,\"file\":\"\",\"bq\":[]}', null, '1655949143', '2', null);
INSERT INTO `cd_log` VALUES ('310195', 'admin', 'admin', 'http://localhost:2010/admin/Login/index.html', '127.0.0.1', 'Mozilla/5.0 (Windows NT 10.0; Win64; x64; rv:101.0) Gecko/20100101 Firefox/101.0', null, null, '1656399460', '1', null);
INSERT INTO `cd_log` VALUES ('310196', 'admin', 'admin', 'http://localhost:2010/admin/Cms.Catagory/add', '127.0.0.1', 'Mozilla/5.0 (Windows NT 10.0; Win64; x64; rv:101.0) Gecko/20100101 Firefox/101.0', '{\"type\":1,\"status\":1,\"filename\":\"index.html\",\"list_tpl\":\"\",\"detail_tpl\":\"\",\"keyword\":[],\"class_name\":\"酒店预订系统banner图\"}', null, '1656399516', '2', null);
INSERT INTO `cd_log` VALUES ('310197', 'admin', 'admin', 'http://localhost:2010/admin/Cms.Content/add', '127.0.0.1', 'Mozilla/5.0 (Windows NT 10.0; Win64; x64; rv:101.0) Gecko/20100101 Firefox/101.0', '{\"title\":\"banner1\",\"pic\":\"\\/uploads\\/admin\\/202206\\/62baa6edcdefc.jpg\",\"detail\":\"\",\"status\":1,\"position\":[],\"jumpurl\":\"\",\"create_time\":\"\",\"keyword\":[],\"description\":\"\",\"views\":0,\"author\":\"\",\"subtitle\":\"\",\"class_id\":10}', null, '1656399609', '2', null);
INSERT INTO `cd_log` VALUES ('310198', 'admin', 'admin', 'http://localhost:2010/admin/Cms.Content/add', '127.0.0.1', 'Mozilla/5.0 (Windows NT 10.0; Win64; x64; rv:101.0) Gecko/20100101 Firefox/101.0', '{\"title\":\"banner2\",\"pic\":\"\\/uploads\\/admin\\/202206\\/62baa705d6242.jpg\",\"detail\":\"\",\"status\":1,\"position\":[],\"jumpurl\":\"\",\"create_time\":\"\",\"keyword\":[],\"description\":\"\",\"views\":0,\"author\":\"\",\"subtitle\":\"\",\"class_id\":10}', null, '1656399623', '2', null);
INSERT INTO `cd_log` VALUES ('310199', 'admin', 'admin', 'http://localhost:2010/admin/Cms.Content/update', '127.0.0.1', 'Mozilla/5.0 (Windows NT 10.0; Win64; x64; rv:101.0) Gecko/20100101 Firefox/101.0', '{\"content_id\":8,\"title\":\"banner2\",\"class_id\":10,\"pic\":\"\\/uploads\\/admin\\/202206\\/62baad8f5e187.jpg\",\"detail\":\"\",\"status\":1,\"position\":[],\"jumpurl\":\"\",\"create_time\":\"2022-06-28 15:00:23\",\"author\":\"\",\"keyword\":[\"\"],\"description\":\"\",\"sortid\":8,\"views\":0,\"keywords\":[]}', null, '1656401296', '2', null);
INSERT INTO `cd_log` VALUES ('310200', 'admin', 'admin', 'http://localhost:2010/admin/Cms.Content/update', '127.0.0.1', 'Mozilla/5.0 (Windows NT 10.0; Win64; x64; rv:101.0) Gecko/20100101 Firefox/101.0', '{\"content_id\":7,\"title\":\"banner1\",\"class_id\":10,\"pic\":\"\\/uploads\\/admin\\/202206\\/62baad99198d8.jpg\",\"detail\":\"\",\"status\":1,\"position\":[],\"jumpurl\":\"\",\"create_time\":\"2022-06-28 15:00:09\",\"author\":\"\",\"keyword\":[\"\"],\"description\":\"\",\"sortid\":7,\"views\":0,\"keywords\":[]}', null, '1656401306', '2', null);
INSERT INTO `cd_log` VALUES ('310201', 'admin', 'admin', 'http://localhost:2010/admin/Cms.Content/update', '127.0.0.1', 'Mozilla/5.0 (Windows NT 10.0; Win64; x64; rv:101.0) Gecko/20100101 Firefox/101.0', '{\"content_id\":7,\"title\":\"banner1\",\"class_id\":10,\"pic\":\"\\/uploads\\/admin\\/202206\\/62baa6edcdefc.jpg\",\"detail\":\"\",\"status\":1,\"position\":[],\"jumpurl\":\"\",\"create_time\":\"2022-06-28 15:00:09\",\"author\":\"\",\"keyword\":[\"\"],\"description\":\"\",\"sortid\":7,\"views\":0,\"keywords\":[]}', null, '1656403097', '2', null);
INSERT INTO `cd_log` VALUES ('310202', 'admin', 'admin', 'http://localhost:2010/admin/Cms.Content/update', '127.0.0.1', 'Mozilla/5.0 (Windows NT 10.0; Win64; x64; rv:101.0) Gecko/20100101 Firefox/101.0', '{\"content_id\":8,\"title\":\"banner2\",\"class_id\":10,\"pic\":\"\\/uploads\\/admin\\/202206\\/62bab4a89e6e8.jpg\",\"detail\":\"\",\"status\":1,\"position\":[],\"jumpurl\":\"\",\"create_time\":\"2022-06-28 15:00:23\",\"author\":\"\",\"keyword\":[\"\"],\"description\":\"\",\"sortid\":8,\"views\":0,\"keywords\":[]}', null, '1656403113', '2', null);
INSERT INTO `cd_log` VALUES ('310203', 'admin', 'admin', 'http://localhost:2010/admin/Node/add', '127.0.0.1', 'Mozilla/5.0 (Windows NT 10.0; Win64; x64; rv:101.0) Gecko/20100101 Firefox/101.0', '{\"title\":\"酒店预订管理\",\"type\":1,\"path\":\"\",\"status\":1,\"icon\":\"\"}', null, '1656403754', '2', null);
INSERT INTO `cd_log` VALUES ('310204', 'admin', 'admin', 'http://localhost:2010/admin/Node/add', '127.0.0.1', 'Mozilla/5.0 (Windows NT 10.0; Win64; x64; rv:101.0) Gecko/20100101 Firefox/101.0', '{\"title\":\"房间管理\",\"type\":1,\"path\":\"\",\"status\":1,\"icon\":\"\",\"pid\":67}', null, '1656403811', '2', null);
INSERT INTO `cd_log` VALUES ('310205', 'admin', 'admin', 'http://localhost:2010/admin/Node/add', '127.0.0.1', 'Mozilla/5.0 (Windows NT 10.0; Win64; x64; rv:101.0) Gecko/20100101 Firefox/101.0', '{\"title\":\"房型管理\",\"type\":1,\"path\":\"\",\"status\":1,\"icon\":\"\",\"pid\":67}', null, '1656403849', '2', null);
INSERT INTO `cd_log` VALUES ('310206', 'admin', 'admin', 'http://localhost:2010/admin/Node/update', '127.0.0.1', 'Mozilla/5.0 (Windows NT 10.0; Win64; x64; rv:101.0) Gecko/20100101 Firefox/101.0', '{\"node_id\":67,\"title\":\"酒店预订管理\",\"type\":1,\"path\":\"\",\"status\":1,\"icon\":\"el-icon-office-building\",\"sortid\":67}', null, '1656403891', '2', null);
INSERT INTO `cd_log` VALUES ('310207', 'index', null, 'http://127.0.0.1:2010/index/weapp/details?rid=7', '127.0.0.1', 'Mozilla/5.0 (Windows NT 10.0; Win64; x64; rv:102.0) Gecko/20100101 Firefox/102.0', '{\"rid\":\"7\"}', 'SQLSTATE[42S02]: Base table or view not found: 1146 Table \'vuecms.cd_hotel_rooms_types\' doesn\'t exist', '1656988002', '3', null);
INSERT INTO `cd_log` VALUES ('310208', 'index', null, 'http://127.0.0.1:2010/index/weapp/room?startTime=2022-07-05&endTime=2022-07-06', '127.0.0.1', 'Mozilla/5.0 (iPhone; CPU iPhone OS 11_0 like Mac OS X) AppleWebKit/604.1.38 (KHTML, like Gecko) Version/11.0 Mobile/15A372 Safari/604.1 wechatdevtools/1.05.2204180 MicroMessenger/8.0.5 Language/zh_CN webview/', '{\"startTime\":\"2022-07-05\",\"endTime\":\"2022-07-06\"}', 'SQLSTATE[42S22]: Column not found: 1054 Unknown column \'status\' in \'where clause\'', '1657008477', '3', null);
INSERT INTO `cd_log` VALUES ('310209', 'index', null, 'http://127.0.0.1:2010/index/weapp/room?startTime=2022-07-05&endTime=2022-07-06', '127.0.0.1', 'Mozilla/5.0 (iPhone; CPU iPhone OS 11_0 like Mac OS X) AppleWebKit/604.1.38 (KHTML, like Gecko) Version/11.0 Mobile/15A372 Safari/604.1 wechatdevtools/1.05.2204180 MicroMessenger/8.0.5 Language/zh_CN webview/', '{\"startTime\":\"2022-07-05\",\"endTime\":\"2022-07-06\"}', 'SQLSTATE[42S22]: Column not found: 1054 Unknown column \'a.room_type_id\' in \'on clause\'', '1657008743', '3', null);
INSERT INTO `cd_log` VALUES ('310210', 'index', null, 'http://127.0.0.1:2010/index/weapp/room?startTime=2022-07-05&endTime=2022-07-06', '127.0.0.1', 'Mozilla/5.0 (Windows NT 10.0; Win64; x64; rv:102.0) Gecko/20100101 Firefox/102.0', '{\"startTime\":\"2022-07-05\",\"endTime\":\"2022-07-06\"}', 'SQLSTATE[42S22]: Column not found: 1054 Unknown column \'title\' in \'field list\'', '1657013279', '3', null);
INSERT INTO `cd_log` VALUES ('310211', 'index', null, 'http://127.0.0.1:2010/index/weapp/room?startTime=2022-07-05&endTime=2022-07-06', '127.0.0.1', 'Mozilla/5.0 (Windows NT 10.0; Win64; x64; rv:102.0) Gecko/20100101 Firefox/102.0', '{\"startTime\":\"2022-07-05\",\"endTime\":\"2022-07-06\"}', 'SQLSTATE[42S22]: Column not found: 1054 Unknown column \'ud.name\' in \'field list\'', '1657014866', '3', null);
INSERT INTO `cd_log` VALUES ('310212', 'admin', 'admin', 'http://localhost:2010/admin/Login/index.html', '127.0.0.1', 'Mozilla/5.0 (Windows NT 10.0; Win64; x64; rv:102.0) Gecko/20100101 Firefox/102.0', null, null, '1657070702', '1', null);
INSERT INTO `cd_log` VALUES ('310213', 'index', null, 'http://127.0.0.1:2010/index/weapp/buy?id=14&startTime=2022-07-06&endTime=2022-07-07', '127.0.0.1', 'Mozilla/5.0 (iPhone; CPU iPhone OS 11_0 like Mac OS X) AppleWebKit/604.1.38 (KHTML, like Gecko) Version/11.0 Mobile/15A372 Safari/604.1 wechatdevtools/1.05.2204180 MicroMessenger/8.0.5 Language/zh_CN webview/', '{\"id\":\"14\",\"startTime\":\"2022-07-06\",\"endTime\":\"2022-07-07\"}', 'SQLSTATE[23000]: Integrity constraint violation: 1052 Column \'id\' in where clause is ambiguous', '1657077881', '3', null);
INSERT INTO `cd_log` VALUES ('310214', 'index', null, 'http://127.0.0.1:2010/index/weapp/order', '127.0.0.1', 'Mozilla/5.0 (iPhone; CPU iPhone OS 11_0 like Mac OS X) AppleWebKit/604.1.38 (KHTML, like Gecko) Version/11.0 Mobile/15A372 Safari/604.1 wechatdevtools/1.05.2204180 MicroMessenger/8.0.5 Language/zh_CN webview/', '{\"typeId\":\"14\",\"start_time\":\"2022-07-07\",\"end_time\":\"2022-07-15\",\"people\":\"\\u82cf\\u82cf\",\"people_mobile\":\"13977964836\",\"content\":\"1\",\"roomNum\":1}', 'SQLSTATE[42S02]: Base table or view not found: 1146 Table \'vuecms.cd_video\' doesn\'t exist', '1657178265', '3', null);
INSERT INTO `cd_log` VALUES ('310215', 'index', null, 'http://127.0.0.1:2010/index/weapp/order/statistics', '127.0.0.1', 'Mozilla/5.0 (iPhone; CPU iPhone OS 11_0 like Mac OS X) AppleWebKit/604.1.38 (KHTML, like Gecko) Version/11.0 Mobile/15A372 Safari/604.1 wechatdevtools/1.05.2204180 MicroMessenger/8.0.5 Language/zh_CN webview/', '[]', 'SQLSTATE[42S02]: Base table or view not found: 1146 Table \'vuecms.cd_video\' doesn\'t exist', '1657178568', '3', null);
INSERT INTO `cd_log` VALUES ('310216', 'index', null, 'http://127.0.0.1:2010/index/weapp/order/statistics', '127.0.0.1', 'Mozilla/5.0 (iPhone; CPU iPhone OS 11_0 like Mac OS X) AppleWebKit/604.1.38 (KHTML, like Gecko) Version/11.0 Mobile/15A372 Safari/604.1 wechatdevtools/1.05.2204180 MicroMessenger/8.0.5 Language/zh_CN webview/', '[]', 'SQLSTATE[42S02]: Base table or view not found: 1146 Table \'vuecms.cd_video\' doesn\'t exist', '1657178595', '3', null);
INSERT INTO `cd_log` VALUES ('310217', 'index', null, 'http://127.0.0.1:2010/index/weapp/order', '127.0.0.1', 'Mozilla/5.0 (iPhone; CPU iPhone OS 11_0 like Mac OS X) AppleWebKit/604.1.38 (KHTML, like Gecko) Version/11.0 Mobile/15A372 Safari/604.1 wechatdevtools/1.05.2204180 MicroMessenger/8.0.5 Language/zh_CN webview/', '{\"typeId\":\"14\",\"start_time\":\"2022-07-07\",\"end_time\":\"2022-07-08\",\"people\":\"ss\",\"people_mobile\":\"13977964836\",\"content\":\"22\",\"roomNum\":1,\"uid\":\"olXiw5KZUebMUb-b4DAiHSGUujxs\"}', 'SQLSTATE[42S02]: Base table or view not found: 1146 Table \'vuecms.cd_video\' doesn\'t exist', '1657178772', '3', null);
INSERT INTO `cd_log` VALUES ('310218', 'index', null, 'http://127.0.0.1:2010/index/weapp/order/statistics', '127.0.0.1', 'Mozilla/5.0 (iPhone; CPU iPhone OS 11_0 like Mac OS X) AppleWebKit/604.1.38 (KHTML, like Gecko) Version/11.0 Mobile/15A372 Safari/604.1 wechatdevtools/1.05.2204180 MicroMessenger/8.0.5 Language/zh_CN webview/', '[]', 'SQLSTATE[23000]: Integrity constraint violation: 1048 Column \'end_time\' cannot be null', '1657181080', '3', null);
INSERT INTO `cd_log` VALUES ('310219', 'index', null, 'http://127.0.0.1:2010/index/weapp/order/statistics', '127.0.0.1', 'Mozilla/5.0 (iPhone; CPU iPhone OS 11_0 like Mac OS X) AppleWebKit/604.1.38 (KHTML, like Gecko) Version/11.0 Mobile/15A372 Safari/604.1 wechatdevtools/1.05.2204180 MicroMessenger/8.0.5 Language/zh_CN webview/', '[]', 'SQLSTATE[23000]: Integrity constraint violation: 1048 Column \'end_time\' cannot be null', '1657181336', '3', null);
INSERT INTO `cd_log` VALUES ('310220', 'index', null, 'http://127.0.0.1:2010/index/weapp/order/statistics', '127.0.0.1', 'Mozilla/5.0 (iPhone; CPU iPhone OS 11_0 like Mac OS X) AppleWebKit/604.1.38 (KHTML, like Gecko) Version/11.0 Mobile/15A372 Safari/604.1 wechatdevtools/1.05.2204180 MicroMessenger/8.0.5 Language/zh_CN webview/', '[]', 'SQLSTATE[23000]: Integrity constraint violation: 1048 Column \'end_time\' cannot be null', '1657182191', '3', null);
INSERT INTO `cd_log` VALUES ('310221', 'index', null, 'http://127.0.0.1:2010/index/weapp/order/statistics', '127.0.0.1', 'Mozilla/5.0 (iPhone; CPU iPhone OS 11_0 like Mac OS X) AppleWebKit/604.1.38 (KHTML, like Gecko) Version/11.0 Mobile/15A372 Safari/604.1 wechatdevtools/1.05.2204180 MicroMessenger/8.0.5 Language/zh_CN webview/', '[]', 'SQLSTATE[23000]: Integrity constraint violation: 1048 Column \'end_time\' cannot be null', '1657183834', '3', null);
INSERT INTO `cd_log` VALUES ('310222', 'index', null, 'http://127.0.0.1:2010/index/weapp/order/statistics', '127.0.0.1', 'Mozilla/5.0 (iPhone; CPU iPhone OS 11_0 like Mac OS X) AppleWebKit/604.1.38 (KHTML, like Gecko) Version/11.0 Mobile/15A372 Safari/604.1 wechatdevtools/1.05.2204180 MicroMessenger/8.0.5 Language/zh_CN webview/', '[]', 'SQLSTATE[23000]: Integrity constraint violation: 1048 Column \'end_time\' cannot be null', '1657183929', '3', null);
INSERT INTO `cd_log` VALUES ('310223', 'index', null, 'http://127.0.0.1:2010/index/weapp/order/list', '127.0.0.1', 'Mozilla/5.0 (iPhone; CPU iPhone OS 11_0 like Mac OS X) AppleWebKit/604.1.38 (KHTML, like Gecko) Version/11.0 Mobile/15A372 Safari/604.1 wechatdevtools/1.05.2204180 MicroMessenger/8.0.5 Language/zh_CN webview/', '[]', 'SQLSTATE[23000]: Integrity constraint violation: 1048 Column \'end_time\' cannot be null', '1657184381', '3', null);
INSERT INTO `cd_log` VALUES ('310224', 'index', null, 'http://127.0.0.1:2010/index/weapp/order/list?pay_status=0&status=2', '127.0.0.1', 'Mozilla/5.0 (iPhone; CPU iPhone OS 11_0 like Mac OS X) AppleWebKit/604.1.38 (KHTML, like Gecko) Version/11.0 Mobile/15A372 Safari/604.1 wechatdevtools/1.05.2204180 MicroMessenger/8.0.5 Language/zh_CN webview/', '{\"pay_status\":\"0\",\"status\":\"2\"}', 'SQLSTATE[23000]: Integrity constraint violation: 1048 Column \'end_time\' cannot be null', '1657184381', '3', null);
INSERT INTO `cd_log` VALUES ('310225', 'index', null, 'http://127.0.0.1:2010/index/weapp/order/list?status=3', '127.0.0.1', 'Mozilla/5.0 (iPhone; CPU iPhone OS 11_0 like Mac OS X) AppleWebKit/604.1.38 (KHTML, like Gecko) Version/11.0 Mobile/15A372 Safari/604.1 wechatdevtools/1.05.2204180 MicroMessenger/8.0.5 Language/zh_CN webview/', '{\"status\":\"3\"}', 'SQLSTATE[23000]: Integrity constraint violation: 1048 Column \'end_time\' cannot be null', '1657184381', '3', null);
INSERT INTO `cd_log` VALUES ('310226', 'index', null, 'http://127.0.0.1:2010/index/weapp/order/list?pay_status=1&status=2', '127.0.0.1', 'Mozilla/5.0 (iPhone; CPU iPhone OS 11_0 like Mac OS X) AppleWebKit/604.1.38 (KHTML, like Gecko) Version/11.0 Mobile/15A372 Safari/604.1 wechatdevtools/1.05.2204180 MicroMessenger/8.0.5 Language/zh_CN webview/', '{\"pay_status\":\"1\",\"status\":\"2\"}', 'SQLSTATE[23000]: Integrity constraint violation: 1048 Column \'end_time\' cannot be null', '1657184381', '3', null);
INSERT INTO `cd_log` VALUES ('310227', 'index', null, 'http://127.0.0.1:2010/index/weapp/order/list?status=4', '127.0.0.1', 'Mozilla/5.0 (iPhone; CPU iPhone OS 11_0 like Mac OS X) AppleWebKit/604.1.38 (KHTML, like Gecko) Version/11.0 Mobile/15A372 Safari/604.1 wechatdevtools/1.05.2204180 MicroMessenger/8.0.5 Language/zh_CN webview/', '{\"status\":\"4\"}', 'SQLSTATE[23000]: Integrity constraint violation: 1048 Column \'end_time\' cannot be null', '1657184381', '3', null);
INSERT INTO `cd_log` VALUES ('310228', 'index', null, 'http://127.0.0.1:2010/index/weapp/order/list', '127.0.0.1', 'Mozilla/5.0 (iPhone; CPU iPhone OS 11_0 like Mac OS X) AppleWebKit/604.1.38 (KHTML, like Gecko) Version/11.0 Mobile/15A372 Safari/604.1 wechatdevtools/1.05.2204180 MicroMessenger/8.0.5 Language/zh_CN webview/', '[]', 'SQLSTATE[23000]: Integrity constraint violation: 1048 Column \'end_time\' cannot be null', '1657184636', '3', null);
INSERT INTO `cd_log` VALUES ('310229', 'index', null, 'http://127.0.0.1:2010/index/weapp/order/list?pay_status=1&status=2', '127.0.0.1', 'Mozilla/5.0 (iPhone; CPU iPhone OS 11_0 like Mac OS X) AppleWebKit/604.1.38 (KHTML, like Gecko) Version/11.0 Mobile/15A372 Safari/604.1 wechatdevtools/1.05.2204180 MicroMessenger/8.0.5 Language/zh_CN webview/', '{\"pay_status\":\"1\",\"status\":\"2\"}', 'SQLSTATE[23000]: Integrity constraint violation: 1048 Column \'end_time\' cannot be null', '1657184636', '3', null);
INSERT INTO `cd_log` VALUES ('310230', 'index', null, 'http://127.0.0.1:2010/index/weapp/order/list?pay_status=0&status=2', '127.0.0.1', 'Mozilla/5.0 (iPhone; CPU iPhone OS 11_0 like Mac OS X) AppleWebKit/604.1.38 (KHTML, like Gecko) Version/11.0 Mobile/15A372 Safari/604.1 wechatdevtools/1.05.2204180 MicroMessenger/8.0.5 Language/zh_CN webview/', '{\"pay_status\":\"0\",\"status\":\"2\"}', 'SQLSTATE[23000]: Integrity constraint violation: 1048 Column \'end_time\' cannot be null', '1657184636', '3', null);
INSERT INTO `cd_log` VALUES ('310231', 'index', null, 'http://127.0.0.1:2010/index/weapp/order/list?status=4', '127.0.0.1', 'Mozilla/5.0 (iPhone; CPU iPhone OS 11_0 like Mac OS X) AppleWebKit/604.1.38 (KHTML, like Gecko) Version/11.0 Mobile/15A372 Safari/604.1 wechatdevtools/1.05.2204180 MicroMessenger/8.0.5 Language/zh_CN webview/', '{\"status\":\"4\"}', 'SQLSTATE[23000]: Integrity constraint violation: 1048 Column \'end_time\' cannot be null', '1657184636', '3', null);
INSERT INTO `cd_log` VALUES ('310232', 'index', null, 'http://127.0.0.1:2010/index/weapp/order/list?status=3', '127.0.0.1', 'Mozilla/5.0 (iPhone; CPU iPhone OS 11_0 like Mac OS X) AppleWebKit/604.1.38 (KHTML, like Gecko) Version/11.0 Mobile/15A372 Safari/604.1 wechatdevtools/1.05.2204180 MicroMessenger/8.0.5 Language/zh_CN webview/', '{\"status\":\"3\"}', 'SQLSTATE[23000]: Integrity constraint violation: 1048 Column \'end_time\' cannot be null', '1657184636', '3', null);
INSERT INTO `cd_log` VALUES ('310233', 'index', null, 'http://127.0.0.1:2010/index/weapp/order/list?pay_status=1&status=2', '127.0.0.1', 'Mozilla/5.0 (iPhone; CPU iPhone OS 11_0 like Mac OS X) AppleWebKit/604.1.38 (KHTML, like Gecko) Version/11.0 Mobile/15A372 Safari/604.1 wechatdevtools/1.05.2204180 MicroMessenger/8.0.5 Language/zh_CN webview/', '{\"pay_status\":\"1\",\"status\":\"2\"}', 'SQLSTATE[23000]: Integrity constraint violation: 1048 Column \'end_time\' cannot be null', '1657184643', '3', null);
INSERT INTO `cd_log` VALUES ('310234', 'index', null, 'http://127.0.0.1:2010/index/weapp/order/list?pay_status=0&status=2', '127.0.0.1', 'Mozilla/5.0 (iPhone; CPU iPhone OS 11_0 like Mac OS X) AppleWebKit/604.1.38 (KHTML, like Gecko) Version/11.0 Mobile/15A372 Safari/604.1 wechatdevtools/1.05.2204180 MicroMessenger/8.0.5 Language/zh_CN webview/', '{\"pay_status\":\"0\",\"status\":\"2\"}', 'SQLSTATE[23000]: Integrity constraint violation: 1048 Column \'end_time\' cannot be null', '1657184643', '3', null);
INSERT INTO `cd_log` VALUES ('310235', 'index', null, 'http://127.0.0.1:2010/index/weapp/order/list', '127.0.0.1', 'Mozilla/5.0 (iPhone; CPU iPhone OS 11_0 like Mac OS X) AppleWebKit/604.1.38 (KHTML, like Gecko) Version/11.0 Mobile/15A372 Safari/604.1 wechatdevtools/1.05.2204180 MicroMessenger/8.0.5 Language/zh_CN webview/', '[]', 'SQLSTATE[23000]: Integrity constraint violation: 1048 Column \'end_time\' cannot be null', '1657184643', '3', null);
INSERT INTO `cd_log` VALUES ('310236', 'index', null, 'http://127.0.0.1:2010/index/weapp/order/list?status=4', '127.0.0.1', 'Mozilla/5.0 (iPhone; CPU iPhone OS 11_0 like Mac OS X) AppleWebKit/604.1.38 (KHTML, like Gecko) Version/11.0 Mobile/15A372 Safari/604.1 wechatdevtools/1.05.2204180 MicroMessenger/8.0.5 Language/zh_CN webview/', '{\"status\":\"4\"}', 'SQLSTATE[23000]: Integrity constraint violation: 1048 Column \'end_time\' cannot be null', '1657184643', '3', null);
INSERT INTO `cd_log` VALUES ('310237', 'index', null, 'http://127.0.0.1:2010/index/weapp/order/list?status=3', '127.0.0.1', 'Mozilla/5.0 (iPhone; CPU iPhone OS 11_0 like Mac OS X) AppleWebKit/604.1.38 (KHTML, like Gecko) Version/11.0 Mobile/15A372 Safari/604.1 wechatdevtools/1.05.2204180 MicroMessenger/8.0.5 Language/zh_CN webview/', '{\"status\":\"3\"}', 'SQLSTATE[23000]: Integrity constraint violation: 1048 Column \'end_time\' cannot be null', '1657184643', '3', null);
INSERT INTO `cd_log` VALUES ('310238', 'index', null, 'http://127.0.0.1:2010/index/weapp/order/details/1', '127.0.0.1', 'Mozilla/5.0 (iPhone; CPU iPhone OS 11_0 like Mac OS X) AppleWebKit/604.1.38 (KHTML, like Gecko) Version/11.0 Mobile/15A372 Safari/604.1 wechatdevtools/1.05.2204180 MicroMessenger/8.0.5 Language/zh_CN webview/', '{\"details\":\"1\"}', 'SQLSTATE[23000]: Integrity constraint violation: 1048 Column \'end_time\' cannot be null', '1657186381', '3', null);
INSERT INTO `cd_log` VALUES ('310239', 'index', null, 'http://127.0.0.1:2010/index/weapp/order/details/1', '127.0.0.1', 'Mozilla/5.0 (iPhone; CPU iPhone OS 11_0 like Mac OS X) AppleWebKit/604.1.38 (KHTML, like Gecko) Version/11.0 Mobile/15A372 Safari/604.1 wechatdevtools/1.05.2204180 MicroMessenger/8.0.5 Language/zh_CN webview/', '{\"details\":\"1\"}', 'SQLSTATE[23000]: Integrity constraint violation: 1048 Column \'end_time\' cannot be null', '1657186397', '3', null);
INSERT INTO `cd_log` VALUES ('310240', 'index', null, 'http://127.0.0.1:2010/index/weapp/order/details/1', '127.0.0.1', 'Mozilla/5.0 (iPhone; CPU iPhone OS 11_0 like Mac OS X) AppleWebKit/604.1.38 (KHTML, like Gecko) Version/11.0 Mobile/15A372 Safari/604.1 wechatdevtools/1.05.2204180 MicroMessenger/8.0.5 Language/zh_CN webview/', '{\"details\":\"1\"}', 'SQLSTATE[23000]: Integrity constraint violation: 1048 Column \'end_time\' cannot be null', '1657186551', '3', null);
INSERT INTO `cd_log` VALUES ('310241', 'index', null, 'http://127.0.0.1:2010/index/weapp/order/details/1', '127.0.0.1', 'Mozilla/5.0 (iPhone; CPU iPhone OS 11_0 like Mac OS X) AppleWebKit/604.1.38 (KHTML, like Gecko) Version/11.0 Mobile/15A372 Safari/604.1 wechatdevtools/1.05.2204180 MicroMessenger/8.0.5 Language/zh_CN webview/', '{\"details\":\"1\"}', 'SQLSTATE[23000]: Integrity constraint violation: 1048 Column \'end_time\' cannot be null', '1657245307', '3', null);
INSERT INTO `cd_log` VALUES ('310242', 'index', null, 'http://127.0.0.1:2010/index/weapp/order/details/1', '127.0.0.1', 'Mozilla/5.0 (iPhone; CPU iPhone OS 11_0 like Mac OS X) AppleWebKit/604.1.38 (KHTML, like Gecko) Version/11.0 Mobile/15A372 Safari/604.1 wechatdevtools/1.05.2204180 MicroMessenger/8.0.5 Language/zh_CN webview/', '{\"details\":\"1\"}', 'SQLSTATE[23000]: Integrity constraint violation: 1048 Column \'end_time\' cannot be null', '1657245525', '3', null);
INSERT INTO `cd_log` VALUES ('310243', 'index', null, 'http://127.0.0.1:2010/index/weapp/order/details/1', '127.0.0.1', 'Mozilla/5.0 (iPhone; CPU iPhone OS 11_0 like Mac OS X) AppleWebKit/604.1.38 (KHTML, like Gecko) Version/11.0 Mobile/15A372 Safari/604.1 wechatdevtools/1.05.2204180 MicroMessenger/8.0.5 Language/zh_CN webview/', '{\"details\":\"1\"}', 'SQLSTATE[23000]: Integrity constraint violation: 1048 Column \'end_time\' cannot be null', '1657248433', '3', null);
INSERT INTO `cd_log` VALUES ('310244', 'index', null, 'http://127.0.0.1:2010/index/weapp/order/cancel', '127.0.0.1', 'Mozilla/5.0 (iPhone; CPU iPhone OS 11_0 like Mac OS X) AppleWebKit/604.1.38 (KHTML, like Gecko) Version/11.0 Mobile/15A372 Safari/604.1 wechatdevtools/1.05.2204180 MicroMessenger/8.0.5 Language/zh_CN webview/', '{\"id\":3}', 'SQLSTATE[23000]: Integrity constraint violation: 1048 Column \'end_time\' cannot be null', '1657249083', '3', null);
INSERT INTO `cd_log` VALUES ('310245', 'index', null, 'http://127.0.0.1:2010/index/weapp/order/cancel', '127.0.0.1', 'Mozilla/5.0 (iPhone; CPU iPhone OS 11_0 like Mac OS X) AppleWebKit/604.1.38 (KHTML, like Gecko) Version/11.0 Mobile/15A372 Safari/604.1 wechatdevtools/1.05.2204180 MicroMessenger/8.0.5 Language/zh_CN webview/', '{\"id\":1}', 'SQLSTATE[23000]: Integrity constraint violation: 1048 Column \'end_time\' cannot be null', '1657608172', '3', null);
INSERT INTO `cd_log` VALUES ('310246', 'admin', 'admin', 'http://localhost:2010/admin/Login/index.html', '127.0.0.1', 'Mozilla/5.0 (Windows NT 10.0; Win64; x64; rv:102.0) Gecko/20100101 Firefox/102.0', null, null, '1657611195', '1', null);
INSERT INTO `cd_log` VALUES ('310247', 'admin', 'admin', 'http://localhost:2010/admin/Cms.Catagory/delete', '127.0.0.1', 'Mozilla/5.0 (Windows NT 10.0; Win64; x64; rv:102.0) Gecko/20100101 Firefox/102.0', '{\"class_id\":9}', null, '1657613362', '2', null);
INSERT INTO `cd_log` VALUES ('310248', 'admin', 'admin', 'http://localhost:2010/admin/Cms.Catagory/add', '127.0.0.1', 'Mozilla/5.0 (Windows NT 10.0; Win64; x64; rv:102.0) Gecko/20100101 Firefox/102.0', '{\"class_id\":8,\"pid\":8,\"type\":2,\"list_tpl\":\"list\",\"detail_tpl\":\"view\",\"status\":1,\"filepath\":null,\"filename\":\"index.html\",\"module_id\":null,\"upload_config_id\":null,\"keyword\":[],\"class_name\":\"webpack\"}', null, '1657613444', '2', null);
INSERT INTO `cd_log` VALUES ('310249', 'admin', 'admin', 'http://localhost:2010/admin/Cms.Content/add', '127.0.0.1', 'Mozilla/5.0 (Windows NT 10.0; Win64; x64; rv:102.0) Gecko/20100101 Firefox/102.0', '{\"title\":\"创建一个新的项目\",\"pic\":\"\",\"status\":1,\"position\":[],\"jumpurl\":\"\",\"create_time\":\"\",\"keyword\":[],\"description\":\"\",\"views\":0,\"author\":\"\",\"subtitle\":\"\",\"class_id\":11}', null, '1657614498', '2', null);
INSERT INTO `cd_log` VALUES ('310250', 'admin', 'admin', 'http://localhost:2010/admin/Cms.Content/add', '127.0.0.1', 'Mozilla/5.0 (Windows NT 10.0; Win64; x64; rv:102.0) Gecko/20100101 Firefox/102.0', '{\"title\":\"在项目中安装webpack\",\"pic\":\"\",\"status\":1,\"position\":[],\"jumpurl\":\"\",\"create_time\":\"\",\"keyword\":[],\"description\":\"\",\"views\":0,\"author\":\"\",\"subtitle\":\"\",\"class_id\":11}', null, '1657614988', '2', null);
INSERT INTO `cd_log` VALUES ('310251', 'admin', 'admin', 'http://localhost:2010/admin/Cms.Content/add', '127.0.0.1', 'Mozilla/5.0 (Windows NT 10.0; Win64; x64; rv:102.0) Gecko/20100101 Firefox/102.0', '{\"title\":\"配置打包的出口与入口\",\"pic\":\"\",\"status\":1,\"position\":[],\"jumpurl\":\"\",\"create_time\":\"\",\"keyword\":[],\"description\":\"\",\"views\":0,\"author\":\"\",\"subtitle\":\"\",\"class_id\":11}', null, '1657615418', '2', null);
INSERT INTO `cd_log` VALUES ('310252', 'admin', 'admin', 'http://localhost:2010/admin/Cms.Content/update', '127.0.0.1', 'Mozilla/5.0 (Windows NT 10.0; Win64; x64; rv:102.0) Gecko/20100101 Firefox/102.0', '{\"content_id\":11,\"title\":\"配置打包的出口与入口\",\"class_id\":11,\"pic\":\"\",\"detail\":\"<p>webpack的4.x版本中默认约定;<\\/p><p>&nbsp;&nbsp;&nbsp;&nbsp;&nbsp; 打包的入口文件为 src&nbsp; -&gt; index.js<\\/p>\",\"status\":1,\"position\":[],\"jumpurl\":\"\",\"create_time\":\"2022-07-12 16:43:38\",\"author\":\"\",\"keyword\":[\"\"],\"description\":\"\",\"sortid\":11,\"views\":0,\"keywords\":[]}', null, '1657615427', '2', null);
INSERT INTO `cd_log` VALUES ('310253', 'admin', 'admin', 'http://localhost:2010/admin/Cms.Content/update', '127.0.0.1', 'Mozilla/5.0 (Windows NT 10.0; Win64; x64; rv:102.0) Gecko/20100101 Firefox/102.0', '{\"content_id\":11,\"title\":\"配置打包的出口与入口\",\"class_id\":11,\"pic\":\"\",\"status\":1,\"position\":[],\"jumpurl\":\"\",\"create_time\":\"2022-07-12 16:43:38\",\"author\":\"\",\"keyword\":[\"\"],\"description\":\"\",\"sortid\":11,\"views\":0,\"keywords\":[]}', null, '1657615789', '2', null);
INSERT INTO `cd_log` VALUES ('310254', 'admin', 'admin', 'http://localhost:2010/admin/Cms.Content/add', '127.0.0.1', 'Mozilla/5.0 (Windows NT 10.0; Win64; x64; rv:102.0) Gecko/20100101 Firefox/102.0', '{\"title\":\"配置webpack的自动打包功能\",\"pic\":\"\",\"status\":1,\"position\":[],\"jumpurl\":\"\",\"create_time\":\"\",\"keyword\":[],\"description\":\"\",\"views\":0,\"author\":\"\",\"subtitle\":\"\",\"class_id\":11}', null, '1657616432', '2', null);
INSERT INTO `cd_log` VALUES ('310255', 'admin', 'admin', 'http://localhost:2010/admin/Cms.Content/update', '127.0.0.1', 'Mozilla/5.0 (Windows NT 10.0; Win64; x64; rv:102.0) Gecko/20100101 Firefox/102.0', '{\"content_id\":12,\"title\":\"配置webpack的自动打包功能\",\"class_id\":11,\"pic\":\"\",\"status\":1,\"position\":[],\"jumpurl\":\"\",\"create_time\":\"2022-07-12 17:00:32\",\"author\":\"\",\"keyword\":[\"\"],\"description\":\"\",\"sortid\":12,\"views\":1,\"keywords\":[]}', null, '1657617648', '2', null);
INSERT INTO `cd_log` VALUES ('310256', 'admin', 'admin', 'http://localhost:2010/admin/Cms.Content/add', '127.0.0.1', 'Mozilla/5.0 (Windows NT 10.0; Win64; x64; rv:102.0) Gecko/20100101 Firefox/102.0', '{\"title\":\"配置html-webpack-plugin生成预览页面\",\"pic\":\"\",\"status\":1,\"position\":[],\"jumpurl\":\"\",\"create_time\":\"\",\"keyword\":[],\"description\":\"\",\"views\":0,\"author\":\"\",\"subtitle\":\"\",\"class_id\":11}', null, '1657618627', '2', null);
INSERT INTO `cd_log` VALUES ('310257', 'admin', 'admin', 'http://localhost:2010/admin/Cms.Content/delete', '127.0.0.1', 'Mozilla/5.0 (Windows NT 10.0; Win64; x64; rv:102.0) Gecko/20100101 Firefox/102.0', '{\"content_id\":8}', null, '1657619286', '2', null);
INSERT INTO `cd_log` VALUES ('310258', 'admin', 'admin', 'http://localhost:2010/admin/Cms.Content/delete', '127.0.0.1', 'Mozilla/5.0 (Windows NT 10.0; Win64; x64; rv:102.0) Gecko/20100101 Firefox/102.0', '{\"content_id\":7}', null, '1657619288', '2', null);
INSERT INTO `cd_log` VALUES ('310259', 'admin', 'admin', 'http://localhost:2010/admin/Cms.Catagory/delete', '127.0.0.1', 'Mozilla/5.0 (Windows NT 10.0; Win64; x64; rv:102.0) Gecko/20100101 Firefox/102.0', '{\"class_id\":10}', null, '1657619294', '2', null);
INSERT INTO `cd_log` VALUES ('310260', 'admin', 'admin', 'http://localhost:2010/admin/Login/index.html', '127.0.0.1', 'Mozilla/5.0 (Windows NT 10.0; Win64; x64; rv:102.0) Gecko/20100101 Firefox/102.0', null, null, '1657674740', '1', null);
INSERT INTO `cd_log` VALUES ('310261', 'admin', 'admin', 'http://localhost:2010/admin/Cms.Content/add', '127.0.0.1', 'Mozilla/5.0 (Windows NT 10.0; Win64; x64; rv:102.0) Gecko/20100101 Firefox/102.0', '{\"title\":\"通过 loader 打包非 js 模块\",\"pic\":\"\\/uploads\\/admin\\/202207\\/62ce225ba0cb5.png\",\"status\":1,\"position\":[],\"jumpurl\":\"\",\"create_time\":\"\",\"keyword\":[],\"description\":\"\",\"views\":0,\"author\":\"\",\"subtitle\":\"\",\"class_id\":11}', null, '1657676595', '2', null);
INSERT INTO `cd_log` VALUES ('310262', 'admin', 'admin', 'http://localhost:2010/admin/Cms.Content/add', '127.0.0.1', 'Mozilla/5.0 (Windows NT 10.0; Win64; x64; rv:102.0) Gecko/20100101 Firefox/102.0', '{\"title\":\"打包处理 css 文件\",\"pic\":\"\",\"status\":1,\"position\":[],\"jumpurl\":\"\",\"create_time\":\"\",\"keyword\":[],\"description\":\"\",\"views\":0,\"author\":\"\",\"subtitle\":\"\",\"class_id\":11}', null, '1657678397', '2', null);
INSERT INTO `cd_log` VALUES ('310263', 'admin', 'admin', 'http://localhost:2010/admin/Cms.Content/add', '127.0.0.1', 'Mozilla/5.0 (Windows NT 10.0; Win64; x64; rv:102.0) Gecko/20100101 Firefox/102.0', '{\"title\":\"打包处理less文件\",\"pic\":\"\",\"detail\":\"<p>① 运行<font color=\\\"#c24f4a\\\">npm i less-loader less -D<\\/font> 命令<\\/p>\",\"status\":1,\"position\":[],\"jumpurl\":\"\",\"create_time\":\"\",\"keyword\":[],\"description\":\"\",\"views\":0,\"author\":\"\",\"subtitle\":\"\",\"class_id\":11}', null, '1657678567', '2', null);
INSERT INTO `cd_log` VALUES ('310264', 'admin', 'admin', 'http://localhost:2010/admin/Cms.Content/update', '127.0.0.1', 'Mozilla/5.0 (Windows NT 10.0; Win64; x64; rv:102.0) Gecko/20100101 Firefox/102.0', '{\"content_id\":16,\"title\":\"打包处理less文件\",\"class_id\":11,\"pic\":\"\",\"status\":1,\"position\":[],\"jumpurl\":\"\",\"create_time\":\"2022-07-13 10:16:07\",\"author\":\"\",\"keyword\":[\"\"],\"description\":\"\",\"sortid\":16,\"views\":0,\"keywords\":[]}', null, '1657678649', '2', null);
INSERT INTO `cd_log` VALUES ('310265', 'admin', 'admin', 'http://localhost:2010/admin/Cms.Content/add', '127.0.0.1', 'Mozilla/5.0 (Windows NT 10.0; Win64; x64; rv:102.0) Gecko/20100101 Firefox/102.0', '{\"title\":\"打包处理 scss 文件\",\"pic\":\"\",\"status\":1,\"position\":[],\"jumpurl\":\"\",\"create_time\":\"\",\"keyword\":[],\"description\":\"\",\"views\":0,\"author\":\"\",\"subtitle\":\"\",\"class_id\":11}', null, '1657678742', '2', null);
INSERT INTO `cd_log` VALUES ('310266', 'admin', 'admin', 'http://localhost:2010/admin/Cms.Content/add', '127.0.0.1', 'Mozilla/5.0 (Windows NT 10.0; Win64; x64; rv:102.0) Gecko/20100101 Firefox/102.0', '{\"title\":\"配置 postCSS 自动添加 css 的兼容前缀\",\"pic\":\"\",\"status\":1,\"position\":[],\"jumpurl\":\"\",\"create_time\":\"\",\"keyword\":[],\"description\":\"\",\"views\":0,\"author\":\"\",\"subtitle\":\"\",\"class_id\":11}', null, '1657679118', '2', null);
INSERT INTO `cd_log` VALUES ('310267', 'admin', 'admin', 'http://localhost:2010/admin/Cms.Content/update', '127.0.0.1', 'Mozilla/5.0 (Windows NT 10.0; Win64; x64; rv:102.0) Gecko/20100101 Firefox/102.0', '{\"content_id\":18,\"title\":\"配置 postCSS 自动添加 css 的兼容前缀\",\"class_id\":11,\"pic\":\"\",\"status\":1,\"position\":[],\"jumpurl\":\"\",\"create_time\":\"2022-07-13 10:25:18\",\"author\":\"\",\"keyword\":[\"\"],\"description\":\"\",\"sortid\":18,\"views\":0,\"keywords\":[]}', null, '1657679216', '2', null);
INSERT INTO `cd_log` VALUES ('310268', 'admin', 'admin', 'http://localhost:2010/admin/Cms.Content/add', '127.0.0.1', 'Mozilla/5.0 (Windows NT 10.0; Win64; x64; rv:102.0) Gecko/20100101 Firefox/102.0', '{\"title\":\"打包样式表中的图片和文字文件\",\"pic\":\"\",\"status\":1,\"position\":[],\"jumpurl\":\"\",\"create_time\":\"\",\"keyword\":[],\"description\":\"\",\"views\":0,\"author\":\"\",\"subtitle\":\"\",\"class_id\":11}', null, '1657679384', '2', null);
INSERT INTO `cd_log` VALUES ('310269', 'admin', 'admin', 'http://localhost:2010/admin/Cms.Content/update', '127.0.0.1', 'Mozilla/5.0 (Windows NT 10.0; Win64; x64; rv:102.0) Gecko/20100101 Firefox/102.0', '{\"content_id\":19,\"title\":\"打包样式表中的图片和文字文件\",\"class_id\":11,\"pic\":\"\",\"status\":1,\"position\":[],\"jumpurl\":\"\",\"create_time\":\"2022-07-13 10:29:44\",\"author\":\"\",\"keyword\":[\"\"],\"description\":\"\",\"sortid\":19,\"views\":0,\"keywords\":[]}', null, '1657679690', '2', null);
INSERT INTO `cd_log` VALUES ('310270', 'admin', 'admin', 'http://localhost:2010/admin/Cms.Content/update', '127.0.0.1', 'Mozilla/5.0 (Windows NT 10.0; Win64; x64; rv:102.0) Gecko/20100101 Firefox/102.0', '{\"content_id\":19,\"title\":\"打包样式表中的图片和文字文件\",\"class_id\":11,\"pic\":\"\",\"status\":1,\"position\":[],\"jumpurl\":\"\",\"create_time\":\"2022-07-13 10:29:44\",\"author\":\"\",\"keyword\":[\"\"],\"description\":\"\",\"sortid\":19,\"views\":0,\"keywords\":[]}', null, '1657679701', '2', null);
INSERT INTO `cd_log` VALUES ('310271', 'admin', 'admin', 'http://localhost:2010/admin/Login/index.html', '127.0.0.1', 'Mozilla/5.0 (Windows NT 10.0; Win64; x64; rv:102.0) Gecko/20100101 Firefox/102.0', null, null, '1657695369', '1', null);
INSERT INTO `cd_log` VALUES ('310272', 'admin', 'admin', 'http://localhost:2010/admin/Cms.Content/add', '127.0.0.1', 'Mozilla/5.0 (Windows NT 10.0; Win64; x64; rv:102.0) Gecko/20100101 Firefox/102.0', '{\"title\":\"webpack 打包发布\",\"pic\":\"\",\"status\":1,\"position\":[],\"jumpurl\":\"\",\"create_time\":\"\",\"keyword\":[],\"description\":\"\",\"views\":0,\"author\":\"\",\"subtitle\":\"\",\"class_id\":11}', null, '1657695606', '2', null);
INSERT INTO `cd_log` VALUES ('310273', 'admin', 'admin', 'http://localhost:2010/admin/Cms.Content/add', '127.0.0.1', 'Mozilla/5.0 (Windows NT 10.0; Win64; x64; rv:102.0) Gecko/20100101 Firefox/102.0', '{\"title\":\"webpack 中配置 vue 组件的加载器\",\"pic\":\"\",\"status\":1,\"position\":[],\"jumpurl\":\"\",\"create_time\":\"\",\"keyword\":[],\"description\":\"\",\"views\":0,\"author\":\"\",\"subtitle\":\"\",\"class_id\":11}', null, '1657698707', '2', null);
INSERT INTO `cd_log` VALUES ('310274', 'admin', 'admin', 'http://localhost:2010/admin/Cms.Content/update', '127.0.0.1', 'Mozilla/5.0 (Windows NT 10.0; Win64; x64; rv:102.0) Gecko/20100101 Firefox/102.0', '{\"content_id\":21,\"title\":\"webpack 中配置 vue 组件的加载器\",\"class_id\":11,\"pic\":\"\",\"status\":1,\"position\":[],\"jumpurl\":\"\",\"create_time\":\"2022-07-13 15:51:47\",\"author\":\"\",\"keyword\":[\"\"],\"description\":\"\",\"sortid\":8,\"views\":0,\"keywords\":[]}', null, '1657699414', '2', null);
INSERT INTO `cd_log` VALUES ('310275', 'admin', 'admin', 'http://localhost:2010/admin/Cms.Content/add', '127.0.0.1', 'Mozilla/5.0 (Windows NT 10.0; Win64; x64; rv:102.0) Gecko/20100101 Firefox/102.0', '{\"title\":\"在 webpack 项目中使用vue\",\"pic\":\"\",\"status\":1,\"position\":[],\"jumpurl\":\"\",\"create_time\":\"\",\"keyword\":[],\"description\":\"\",\"views\":0,\"author\":\"\",\"subtitle\":\"\",\"class_id\":11}', null, '1657699928', '2', null);
INSERT INTO `cd_log` VALUES ('310276', 'admin', 'admin', 'http://localhost:2010/admin/Cms.Content/update', '127.0.0.1', 'Mozilla/5.0 (Windows NT 10.0; Win64; x64; rv:102.0) Gecko/20100101 Firefox/102.0', '{\"content_id\":5,\"title\":\"【响应式模板】清新果汁\",\"class_id\":5,\"pic\":\"\",\"detail\":\"\",\"status\":1,\"position\":[],\"jumpurl\":\"\",\"create_time\":\"2022-06-06 15:41:10\",\"author\":\"\",\"keyword\":[\"\"],\"description\":\"\",\"sortid\":5,\"views\":42,\"keywords\":[],\"id\":2,\"wbk\":null,\"xlk\":null,\"xldx\":[],\"dxk\":null,\"dxka\":[],\"kg\":null,\"wby\":null,\"rqk\":0,\"rqfw\":[],\"dt\":null,\"dt2\":null,\"file\":\"\\/uploads\\/admin\\/202206\\/629daf9346e96.zip\",\"files\":[],\"jsq\":null,\"bq\":[],\"hk\":null,\"color\":null,\"jzd\":[],\"ssq\":[],\"dddt\":null,\"gddt\":null,\"txdt\":null,\"wangeditor\":null,\"tinymce\":null,\"images\":[]}', null, '1657704504', '2', null);
INSERT INTO `cd_log` VALUES ('310277', 'admin', 'admin', 'http://localhost:2010/admin/Login/index.html', '127.0.0.1', 'Mozilla/5.0 (Windows NT 10.0; Win64; x64; rv:102.0) Gecko/20100101 Firefox/102.0', null, null, '1657854546', '1', null);
INSERT INTO `cd_log` VALUES ('310278', 'admin', 'admin', 'http://localhost:2010/admin/Cms.Content/update', '127.0.0.1', 'Mozilla/5.0 (Windows NT 10.0; Win64; x64; rv:102.0) Gecko/20100101 Firefox/102.0', '{\"content_id\":5,\"title\":\"【响应式模板】清新果汁\",\"class_id\":5,\"pic\":\"\\/uploads\\/admin\\/202207\\/62d0dabdbd387.png\",\"detail\":\"<p><img src=\\\"\\/uploads\\/admin\\/202207\\/62d0dabdbd387.png\\\" style=\\\"max-width:100%;\\\"\\/><\\/p>\",\"status\":1,\"position\":[],\"jumpurl\":\"\",\"create_time\":\"2022-06-06 15:41:10\",\"author\":\"\",\"keyword\":[\"\"],\"description\":\"\",\"sortid\":5,\"views\":44,\"keywords\":[],\"id\":2,\"wbk\":null,\"xlk\":null,\"xldx\":[],\"dxk\":null,\"dxka\":[],\"kg\":null,\"wby\":null,\"rqk\":0,\"rqfw\":[],\"dt\":null,\"dt2\":null,\"file\":\"\\/uploads\\/admin\\/202206\\/629daf9346e96.zip\",\"files\":[],\"jsq\":null,\"bq\":[],\"hk\":null,\"color\":null,\"jzd\":[],\"ssq\":[],\"dddt\":null,\"gddt\":null,\"txdt\":null,\"wangeditor\":null,\"tinymce\":null,\"images\":[]}', null, '1657854662', '2', null);
INSERT INTO `cd_log` VALUES ('310279', 'admin', 'admin', 'http://localhost:2010/admin/Cms.Catagory/update', '127.0.0.1', 'Mozilla/5.0 (Windows NT 10.0; Win64; x64; rv:102.0) Gecko/20100101 Firefox/102.0', '{\"class_id\":5,\"pid\":4,\"class_name\":\"模板大全\",\"subtitle\":null,\"type\":2,\"list_tpl\":\"list\",\"detail_tpl\":\"view_templat\",\"pic\":null,\"keyword\":[],\"description\":null,\"jumpurl\":null,\"status\":1,\"sortid\":5,\"filepath\":null,\"filename\":\"index.html\",\"module_id\":1055,\"upload_config_id\":null}', null, '1657854752', '2', null);
INSERT INTO `cd_log` VALUES ('310280', 'admin', 'admin', 'http://localhost:2010/admin/Cms.Content/add', '127.0.0.1', 'Mozilla/5.0 (Windows NT 10.0; Win64; x64; rv:102.0) Gecko/20100101 Firefox/102.0', '{\"title\":\"【响应式模板】清新蔬果\",\"pic\":\"\\/uploads\\/admin\\/202207\\/62d0e21216208.png\",\"detail\":\"<p><img src=\\\"\\/uploads\\/admin\\/202207\\/62d0e21216208.png\\\" style=\\\"max-width:100%;\\\"\\/><\\/p>\",\"status\":1,\"position\":[],\"jumpurl\":\"\",\"create_time\":\"\",\"keyword\":[],\"description\":\"\",\"views\":0,\"author\":\"\",\"subtitle\":\"\",\"class_id\":5,\"file\":\"\\/uploads\\/admin\\/202207\\/62d0e25598a7a.zip\"}', null, '1657856599', '2', null);
INSERT INTO `cd_log` VALUES ('310281', 'admin', 'admin', 'http://localhost:2010/admin/Cms.Content/add', '127.0.0.1', 'Mozilla/5.0 (Windows NT 10.0; Win64; x64; rv:102.0) Gecko/20100101 Firefox/102.0', '{\"title\":\"【响应式模板】黑色游戏PSP\",\"pic\":\"\\/uploads\\/admin\\/202207\\/62d0e37e0162b.png\",\"detail\":\"<p><img src=\\\"\\/uploads\\/admin\\/202207\\/62d0e37e0162b.png\\\" style=\\\"max-width:100%;\\\"\\/><\\/p>\",\"status\":1,\"position\":[],\"jumpurl\":\"\",\"create_time\":\"\",\"keyword\":[],\"description\":\"\",\"views\":0,\"author\":\"\",\"subtitle\":\"\",\"class_id\":5,\"file\":\"\\/uploads\\/admin\\/202207\\/62d0e38096526.zip\"}', null, '1657856903', '2', null);
INSERT INTO `cd_log` VALUES ('310282', 'admin', 'admin', 'http://localhost:2010/admin/Cms.Content/add', '127.0.0.1', 'Mozilla/5.0 (Windows NT 10.0; Win64; x64; rv:102.0) Gecko/20100101 Firefox/102.0', '{\"title\":\"【响应式模板】鸡尾酒公司\",\"pic\":\"\\/uploads\\/admin\\/202207\\/62d0e445015da.png\",\"detail\":\"<p><img src=\\\"\\/uploads\\/admin\\/202207\\/62d0e445015da.png\\\" style=\\\"max-width:100%;\\\"\\/><\\/p>\",\"status\":1,\"position\":[],\"jumpurl\":\"\",\"create_time\":\"\",\"keyword\":[],\"description\":\"\",\"views\":0,\"author\":\"\",\"subtitle\":\"\",\"class_id\":5,\"file\":\"\\/uploads\\/admin\\/202207\\/62d0e4472f1c3.zip\"}', null, '1657857101', '2', null);
INSERT INTO `cd_log` VALUES ('310283', 'admin', 'admin', 'http://localhost:2010/admin/Cms.Content/add', '127.0.0.1', 'Mozilla/5.0 (Windows NT 10.0; Win64; x64; rv:102.0) Gecko/20100101 Firefox/102.0', '{\"title\":\"【响应式模板】模拟淘宝商城\",\"pic\":\"\\/uploads\\/admin\\/202207\\/62d0e54e4dc06.png\",\"detail\":\"<p><img src=\\\"\\/uploads\\/admin\\/202207\\/62d0e54e4dc06.png\\\" style=\\\"max-width:100%;\\\"\\/><\\/p>\",\"status\":1,\"position\":[],\"jumpurl\":\"\",\"create_time\":\"\",\"keyword\":[],\"description\":\"\",\"views\":0,\"author\":\"\",\"subtitle\":\"\",\"class_id\":5,\"file\":\"\\/uploads\\/admin\\/202207\\/62d0e550c2c74.zip\"}', null, '1657857366', '2', null);
INSERT INTO `cd_log` VALUES ('310284', 'admin', 'admin', 'http://localhost:2010/admin/Cms.Content/add', '127.0.0.1', 'Mozilla/5.0 (Windows NT 10.0; Win64; x64; rv:102.0) Gecko/20100101 Firefox/102.0', '{\"title\":\"【响应式模板】装修风格\",\"pic\":\"\\/uploads\\/admin\\/202207\\/62d0e61d4673c.png\",\"detail\":\"<p><img src=\\\"\\/uploads\\/admin\\/202207\\/62d0e61d4673c.png\\\" style=\\\"max-width:100%;\\\"\\/><\\/p>\",\"status\":1,\"position\":[],\"jumpurl\":\"\",\"create_time\":\"\",\"keyword\":[],\"description\":\"\",\"views\":0,\"author\":\"\",\"subtitle\":\"\",\"class_id\":5,\"file\":\"\\/uploads\\/admin\\/202207\\/62d0e6251b2f0.zip\"}', null, '1657857573', '2', null);
INSERT INTO `cd_log` VALUES ('310285', 'admin', 'admin', 'http://localhost:2010/admin/Login/index.html', '127.0.0.1', 'Mozilla/5.0 (Windows NT 10.0; Win64; x64; rv:102.0) Gecko/20100101 Firefox/102.0', null, null, '1658124954', '1', null);

-- ----------------------------
-- Table structure for cd_map
-- ----------------------------
DROP TABLE IF EXISTS `cd_map`;
CREATE TABLE `cd_map` (
  `map_id` int(11) NOT NULL AUTO_INCREMENT COMMENT '编号',
  `title` varchar(250) DEFAULT NULL COMMENT '标题',
  `bddt` text COMMENT '百度地图',
  `gddt` text COMMENT '高德地图',
  `txdt` text COMMENT '腾讯地图',
  PRIMARY KEY (`map_id`) USING BTREE
) ENGINE=InnoDB AUTO_INCREMENT=4 DEFAULT CHARSET=utf8 ROW_FORMAT=DYNAMIC;

-- ----------------------------
-- Records of cd_map
-- ----------------------------
INSERT INTO `cd_map` VALUES ('1', '这是生成的地图组件', '{\"address\":\"武汉市武昌区梅园一路/梅园二路(路口)\",\"lng\":114.37015,\"lat\":30.540872}', '{\"address\":\"湖北省武汉市洪山区洪山街道保利中央公馆4期\",\"lng\":114.319124,\"lat\":30.494455}', '{\"address\":\"湖北省武汉市武昌区珞珈山16号武汉大学武汉大学-鉴湖\",\"lng\":114.363274,\"lat\":30.537601}');
INSERT INTO `cd_map` VALUES ('2', '', '{\"address\":\"广西壮族自治区南宁市青秀区嘉宾路\",\"lng\":108.372876,\"lat\":22.823739}', '', '');
INSERT INTO `cd_map` VALUES ('3', '', '{\"address\":\"广西壮族自治区南宁市青秀区嘉宾路\",\"lng\":108.372843,\"lat\":22.823215}', '', '');

-- ----------------------------
-- Table structure for cd_membe
-- ----------------------------
DROP TABLE IF EXISTS `cd_membe`;
CREATE TABLE `cd_membe` (
  `membe_id` int(11) NOT NULL AUTO_INCREMENT COMMENT '编号',
  `username` varchar(250) DEFAULT NULL COMMENT '用户名',
  `sex` smallint(6) DEFAULT NULL COMMENT '性别',
  `pic` varchar(250) DEFAULT NULL COMMENT '头像',
  `mobile` varchar(250) DEFAULT NULL COMMENT '手机号',
  `email` varchar(250) DEFAULT NULL COMMENT '邮箱',
  `password` varchar(250) DEFAULT NULL COMMENT '密码',
  `amount` decimal(10,2) DEFAULT NULL COMMENT '积分',
  `status` tinyint(4) DEFAULT NULL COMMENT '状态',
  `create_time` int(11) DEFAULT NULL COMMENT '创建时间',
  `ssq` varchar(250) DEFAULT NULL COMMENT '省市区',
  PRIMARY KEY (`membe_id`) USING BTREE
) ENGINE=InnoDB AUTO_INCREMENT=31 DEFAULT CHARSET=utf8 ROW_FORMAT=DYNAMIC;

-- ----------------------------
-- Records of cd_membe
-- ----------------------------
INSERT INTO `cd_membe` VALUES ('25', '韩梅梅', '1', 'http://vue.whpj.vip/uploads/admin/202105/60af8d8de9d0f.jpg', '13545028657', '274363574@qq.com', '978655f0ed9a6c3a33f104d64a2481a9', '22.00', '1', '1620211664', '山西省-大同市-城区');
INSERT INTO `cd_membe` VALUES ('26', '李磊', '2', 'http://vue.whpj.vip/uploads/admin/202105/60af8d85f101d.jpg', '13545098761', '36732767@qq.com', '', '99.00', '1', '1620211664', '山东省-青岛市-市南区');
INSERT INTO `cd_membe` VALUES ('27', '王五', '2', 'http://vue.whpj.vip/uploads/admin/202105/60af8d7d47a10.jpg', '13545098761', '36732767@qq.com', 'dfb32a9216356c14d12f162bfce8b35b', '102.00', '1', '1620211677', '山东省-青岛市-市南区');
INSERT INTO `cd_membe` VALUES ('28', '李四a', '2', 'http://vue.whpj.vip/uploads/admin/202105/60af8d752fe38.jpg', '13545028657', '274363574@qq.com', 'f588c178d94d0bd418ba8ddfbff84184', '20.00', '1', '1620211677', '山西省-大同市-城区');
INSERT INTO `cd_membe` VALUES ('29', '赵六', '1', 'http://vue.whpj.vip/uploads/admin/202105/60af9200b555c.jpg', '13545026847', '454512@qq.com', '6a5888d05ceb8033ebf0a3dfbf2b416e', '25.00', '1', '1633573323', '河北省-秦皇岛市-北戴河区');
INSERT INTO `cd_membe` VALUES ('30', '赵莎莎', '2', '/uploads/admin/202110/61627c797917c.png', '13546985741', '784411414@qq.com', '6a5888d05ceb8033ebf0a3dfbf2b416e', '90.00', '1', '1633573412', '天津市-市辖区-河东区');

-- ----------------------------
-- Table structure for cd_menu
-- ----------------------------
DROP TABLE IF EXISTS `cd_menu`;
CREATE TABLE `cd_menu` (
  `menu_id` int(11) NOT NULL AUTO_INCREMENT,
  `pid` mediumint(9) DEFAULT '0' COMMENT '父级id',
  `controller_name` varchar(32) DEFAULT NULL COMMENT '模块名称',
  `title` varchar(64) DEFAULT NULL COMMENT '模块标题',
  `pk` varchar(36) DEFAULT NULL COMMENT '主键名',
  `table_name` varchar(32) DEFAULT NULL COMMENT '模块数据库表',
  `create_code` tinyint(4) DEFAULT NULL COMMENT '是否允许生成模块',
  `status` tinyint(4) DEFAULT '1' COMMENT '0隐藏 1显示',
  `sortid` mediumint(9) DEFAULT '0' COMMENT '排序号',
  `create_table` tinyint(4) DEFAULT NULL COMMENT '是否生成数据库表',
  `url` varchar(64) DEFAULT NULL COMMENT '组件路径',
  `icon` varchar(32) DEFAULT NULL COMMENT 'icon字体图标',
  `tab_config` varchar(250) DEFAULT NULL COMMENT 'tab选项卡菜单配置',
  `app_id` int(11) DEFAULT NULL COMMENT '所属模块',
  `is_post` tinyint(4) DEFAULT NULL COMMENT '是否允许投稿',
  `upload_config_id` smallint(5) DEFAULT NULL COMMENT '上传配置id',
  `connect` varchar(20) DEFAULT NULL COMMENT '数据库连接',
  `page_type` tinyint(4) DEFAULT NULL COMMENT '页面类型',
  `home_show` tinyint(4) DEFAULT '0' COMMENT '首页快捷导航显示状态',
  `menu_pic` varchar(250) DEFAULT NULL COMMENT '快捷导航的图片',
  PRIMARY KEY (`menu_id`) USING BTREE,
  KEY `controller_name` (`controller_name`) USING BTREE,
  KEY `module_id` (`app_id`) USING BTREE,
  KEY `pid` (`pid`) USING BTREE
) ENGINE=MyISAM AUTO_INCREMENT=1057 DEFAULT CHARSET=utf8 ROW_FORMAT=DYNAMIC;

-- ----------------------------
-- Records of cd_menu
-- ----------------------------
INSERT INTO `cd_menu` VALUES ('1055', '0', null, '产品', 'id', 'pro', null, '1', '1055', '1', null, null, null, '0', null, null, null, '1', '0', null);

-- ----------------------------
-- Table structure for cd_message
-- ----------------------------
DROP TABLE IF EXISTS `cd_message`;
CREATE TABLE `cd_message` (
  `message_id` int(10) NOT NULL AUTO_INCREMENT,
  `name` varchar(50) DEFAULT NULL COMMENT '姓名',
  `email` varchar(50) DEFAULT NULL COMMENT '邮箱',
  `phone` varchar(50) DEFAULT NULL COMMENT '手机号',
  `content` varchar(255) DEFAULT NULL COMMENT '留言内容',
  PRIMARY KEY (`message_id`) USING BTREE
) ENGINE=InnoDB DEFAULT CHARSET=utf8 ROW_FORMAT=DYNAMIC;

-- ----------------------------
-- Records of cd_message
-- ----------------------------

-- ----------------------------
-- Table structure for cd_node
-- ----------------------------
DROP TABLE IF EXISTS `cd_node`;
CREATE TABLE `cd_node` (
  `node_id` int(11) NOT NULL AUTO_INCREMENT,
  `title` varchar(250) DEFAULT NULL COMMENT '节点名称',
  `type` smallint(6) DEFAULT NULL COMMENT '类型',
  `path` varchar(250) DEFAULT NULL COMMENT '节点路径',
  `status` tinyint(4) DEFAULT NULL COMMENT '状态',
  `icon` varchar(250) DEFAULT NULL COMMENT '图标',
  `pid` smallint(6) DEFAULT '0' COMMENT '所属父类',
  `sortid` int(11) DEFAULT NULL COMMENT '排序',
  PRIMARY KEY (`node_id`) USING BTREE
) ENGINE=InnoDB AUTO_INCREMENT=70 DEFAULT CHARSET=utf8 ROW_FORMAT=DYNAMIC;

-- ----------------------------
-- Records of cd_node
-- ----------------------------
INSERT INTO `cd_node` VALUES ('22', '首页', '1', '/admin/Index/main.html', '1', 'el-icon-s-home', '0', '0');
INSERT INTO `cd_node` VALUES ('29', '表单输入框', '1', '/admin/Form', '1', 'el-icon-s-cooperation', '0', '29');
INSERT INTO `cd_node` VALUES ('30', '编辑器', '1', '/admin/Editor/index.html', '1', '', '29', '30');
INSERT INTO `cd_node` VALUES ('31', '地图组件', '1', '/admin/Map/index.html', '1', '', '29', '31');
INSERT INTO `cd_node` VALUES ('32', '上传组件', '1', '/admin/Uploadfile/index.html', '1', '', '29', '32');
INSERT INTO `cd_node` VALUES ('33', '其他组件', '1', '/admin/Other/index.html', '1', '', '29', '33');
INSERT INTO `cd_node` VALUES ('34', '时间格式', '1', '/admin/Times/index.html', '1', '', '29', '34');
INSERT INTO `cd_node` VALUES ('35', '下拉框分页', '1', '/admin/Selectpage/index.html', '1', '', '29', '35');
INSERT INTO `cd_node` VALUES ('36', '商品管理', '1', '/admin/Goods', '1', 'el-icon-s-goods', '0', '36');
INSERT INTO `cd_node` VALUES ('37', '商品分类', '1', '/admin/Goodscata/index.html', '1', '', '36', '37');
INSERT INTO `cd_node` VALUES ('38', '供应商管理', '1', '/admin/Supplier/index.html', '1', '', '36', '38');
INSERT INTO `cd_node` VALUES ('39', '商品管理', '1', '/admin/Goods/index.html', '1', '', '36', '39');
INSERT INTO `cd_node` VALUES ('41', '前端笔记', '1', '/admin/Font', '1', 'el-icon-link', '0', '41');
INSERT INTO `cd_node` VALUES ('42', '前端技术分类', '1', '/admin/Link.Linkcata/index.html', '1', '', '41', '42');
INSERT INTO `cd_node` VALUES ('43', '前端技术', '1', '/admin/Link.Link/index.html', '1', '', '41', '43');
INSERT INTO `cd_node` VALUES ('44', '操作笔记', '1', '/admin/Batch/index.html', '1', 'dripicons-wallet', '0', '44');
INSERT INTO `cd_node` VALUES ('45', '字段联动演示', '1', '/admin/Liandong/index.html', '0', 'el-icon-s-order', '0', '45');
INSERT INTO `cd_node` VALUES ('46', 'CMS管理', '1', '/admin/Cms', '1', '', '0', '46');
INSERT INTO `cd_node` VALUES ('47', '栏目管理', '1', '/admin/Cms.Catagory/index.html', '1', '', '46', '47');
INSERT INTO `cd_node` VALUES ('48', '文章管理', '1', '/admin/Cms.Content/index.html', '1', '', '46', '48');
INSERT INTO `cd_node` VALUES ('49', '碎片管理', '1', '/admin/Cms.Frament/index.html', '1', '', '46', '49');
INSERT INTO `cd_node` VALUES ('50', '推荐位管理', '1', '/admin/Cms.Position/index.html', '1', '', '46', '50');
INSERT INTO `cd_node` VALUES ('51', '配置管理', '1', '/admin/Config', '1', 'el-icon-s-data', '0', '51');
INSERT INTO `cd_node` VALUES ('52', '基本配置', '1', '/admin/Baseconfig/index.html', '1', '', '51', '52');
INSERT INTO `cd_node` VALUES ('53', '缩略图配置', '1', '/admin/Uploadconfig/index.html', '1', '', '51', '53');
INSERT INTO `cd_node` VALUES ('54', '节点管理', '1', '/admin/Node/index.html', '1', '', '55', '59');
INSERT INTO `cd_node` VALUES ('55', '系统管理', '1', '/admin/Sys', '1', 'el-icon-s-data', '0', '55');
INSERT INTO `cd_node` VALUES ('56', '用户管理', '1', '/admin/Adminuser/index.html', '1', '', '55', '56');
INSERT INTO `cd_node` VALUES ('57', '角色管理', '1', '/admin/Role/index.html', '1', '', '55', '57');
INSERT INTO `cd_node` VALUES ('58', '日志管理', '1', '/admin/Log/index.html', '1', '', '55', '58');
INSERT INTO `cd_node` VALUES ('59', '添加', '2', '/admin/Membe/add.html', '1', '', '28', '59');
INSERT INTO `cd_node` VALUES ('60', '修改', '2', '/admin/Membe/update.html', '1', '', '28', '60');
INSERT INTO `cd_node` VALUES ('61', '删除', '2', '/admin/Membe/delete.html', '1', '', '28', '61');
INSERT INTO `cd_node` VALUES ('62', '内容模型', '1', '/admin/Sys.Base/menu', '1', '', '46', '62');
INSERT INTO `cd_node` VALUES ('64', '公司信息管理', '1', '/admin/Company/index.html', '1', 'el-icon-tickets', '63', '64');
INSERT INTO `cd_node` VALUES ('65', '资源下载', '1', '/admin/Download/index.html', '1', '', '0', '45');
INSERT INTO `cd_node` VALUES ('66', '留言管理', '1', '/admin/Cms.Message/index.html', '1', '', '46', '66');
INSERT INTO `cd_node` VALUES ('67', '酒店预订管理', '1', '', '1', 'el-icon-office-building', '0', '67');
INSERT INTO `cd_node` VALUES ('68', '房间管理', '1', '', '1', '', '67', '68');
INSERT INTO `cd_node` VALUES ('69', '房型管理', '1', '', '1', '', '67', '69');

-- ----------------------------
-- Table structure for cd_other
-- ----------------------------
DROP TABLE IF EXISTS `cd_other`;
CREATE TABLE `cd_other` (
  `other_id` int(11) NOT NULL AUTO_INCREMENT COMMENT '编号',
  `title` varchar(250) DEFAULT NULL COMMENT '标题',
  `jsq` varchar(250) DEFAULT NULL COMMENT '计数器',
  `tags` varchar(250) DEFAULT NULL COMMENT '标签',
  `hk` smallint(6) DEFAULT NULL COMMENT '滑块',
  `color` varchar(250) DEFAULT NULL COMMENT '颜色选择器',
  `jzd` text COMMENT '键值对',
  `ssq` varchar(250) DEFAULT NULL COMMENT '省市区联动',
  PRIMARY KEY (`other_id`) USING BTREE
) ENGINE=InnoDB AUTO_INCREMENT=6 DEFAULT CHARSET=utf8 ROW_FORMAT=DYNAMIC;

-- ----------------------------
-- Records of cd_other
-- ----------------------------
INSERT INTO `cd_other` VALUES ('1', '这是系统生成的常用组件测试', '11', 'xhadmin,快速生成,低代码平台', '14', 'rgba(82, 57, 57, 1)', '[{\"key\":\"A\",\"val\":\"中国\"},{\"key\":\"B\",\"val\":\"法国\"}]', '河北省-石家庄市-长安区');
INSERT INTO `cd_other` VALUES ('2', '测试西悉尼', '11', 'xhadmin,xhcms,vue', '28', 'rgba(188, 63, 63, 1)', '[{\"key\":\"A\",\"val\":\"中国\"},{\"key\":\"B\",\"val\":\"发过\"},{\"key\":\"C\",\"val\":\"德国\"}]', '天津市-市辖区-和平区');
INSERT INTO `cd_other` VALUES ('4', '测试', '11', 'vue,git', '11', 'rgba(102, 83, 83, 1)', '[{\"key\":\"A\",\"val\":\"测试\"}]', '天津市-市辖区-河西区');
INSERT INTO `cd_other` VALUES ('5', '地方的', '100', 'heyingm ', '44', 'rgba(79, 146, 188, 1)', '[{\"key\":\"1\",\"val\":\"12\"}]', '山西省-阳泉市-郊区');

-- ----------------------------
-- Table structure for cd_position
-- ----------------------------
DROP TABLE IF EXISTS `cd_position`;
CREATE TABLE `cd_position` (
  `position_id` int(10) NOT NULL AUTO_INCREMENT,
  `title` varchar(250) DEFAULT NULL COMMENT '标题',
  `sortid` int(10) DEFAULT NULL COMMENT '排序',
  PRIMARY KEY (`position_id`) USING BTREE
) ENGINE=InnoDB AUTO_INCREMENT=3 DEFAULT CHARSET=utf8 ROW_FORMAT=DYNAMIC;

-- ----------------------------
-- Records of cd_position
-- ----------------------------
INSERT INTO `cd_position` VALUES ('1', '推荐', '100');
INSERT INTO `cd_position` VALUES ('2', '置顶', '100');

-- ----------------------------
-- Table structure for cd_pro
-- ----------------------------
DROP TABLE IF EXISTS `cd_pro`;
CREATE TABLE `cd_pro` (
  `id` int(11) NOT NULL AUTO_INCREMENT COMMENT '编号',
  `content_id` int(11) NOT NULL,
  `wbk` varchar(250) DEFAULT NULL COMMENT '文本框',
  `xlk` smallint(6) DEFAULT NULL COMMENT '下拉框',
  `xldx` varchar(250) DEFAULT NULL COMMENT '下拉多选',
  `dxk` smallint(6) DEFAULT NULL COMMENT '单选框',
  `dxka` varchar(250) DEFAULT NULL COMMENT '多选框',
  `kg` tinyint(4) DEFAULT NULL COMMENT '开关按钮',
  `wby` text COMMENT '文本域',
  `rqk` int(11) DEFAULT NULL COMMENT '日期框',
  `rqfw` varchar(250) DEFAULT NULL COMMENT '日期范围',
  `dt` varchar(250) DEFAULT NULL COMMENT '单图上传',
  `dt2` varchar(250) DEFAULT NULL COMMENT '单图2',
  `file` varchar(250) DEFAULT NULL COMMENT '单文件',
  `files` text COMMENT '多文件',
  `jsq` decimal(10,2) DEFAULT NULL COMMENT '计数器',
  `bq` varchar(250) DEFAULT NULL COMMENT '标签',
  `hk` smallint(6) DEFAULT NULL COMMENT '滑块',
  `color` varchar(250) DEFAULT NULL COMMENT '颜色选择器',
  `jzd` text COMMENT '键值对',
  `ssq` varchar(250) DEFAULT NULL COMMENT '省市区',
  `dddt` text COMMENT '百度地图',
  `gddt` text COMMENT '高德地图',
  `txdt` text COMMENT '腾讯地图',
  `wangeditor` text COMMENT 'wangeditor',
  `tinymce` longtext COMMENT 'tinymce',
  `images` text COMMENT '多图',
  PRIMARY KEY (`id`) USING BTREE
) ENGINE=InnoDB AUTO_INCREMENT=8 DEFAULT CHARSET=utf8 ROW_FORMAT=DYNAMIC;

-- ----------------------------
-- Records of cd_pro
-- ----------------------------
INSERT INTO `cd_pro` VALUES ('1', '75', '文本框', '1', '1,2', '1', '', '1', '文本与测试', '1634659200', '2021-10-20T16:00:00.000Z,2021-10-29T16:00:00.000Z', 'http://vue.whpj.vip/uploads/admin/202105/60af91ffbd6f8.jpg', 'http://vue.whpj.vip/uploads/admin/202105/60afbe5f64890.jpg', 'http://vue.whpj.vip/uploads/admin/202105/60af94abc6d3a.jpg', '[{\"url\":\"http:\\/\\/vue.whpj.vip\\/uploads\\/admin\\/202105\\/60af94abc6d3a.jpg\",\"name\":\"a4 - 副本.jpg\"},{\"url\":\"http:\\/\\/vue.whpj.vip\\/uploads\\/admin\\/202105\\/60af8d85f101d.jpg\",\"name\":\"a5 - 副本 (2).jpg\"}]', '23.00', 'vueamdin,快速生成,不写代码', '22', 'rgba(193, 57, 57, 1)', '[{\"key\":\"A\",\"val\":\"中国\"},{\"key\":\"B\",\"val\":\"美国\"},{\"key\":\"C\",\"val\":\"法国\"}]', '天津市,市辖区,河东区', '{\"address\":\"武汉市江岸区沿江大道兰陵路-公交车站\",\"lng\":114.307996,\"lat\":30.589417}', '{\"address\":\"湖北省武汉市江岸区一元街街道诚昌里\",\"lng\":114.2978,\"lat\":30.585191}', '{\"address\":\"湖北省武汉市洪山区珞狮路北港村公交站珞狮路北港村公交站\",\"lng\":114.343628,\"lat\":30.498732}', '<p>测试1</p>', '<p>测试2<img src=\"http://vue.whpj.vip/uploads/admin/202105/60af8d85f101d.jpg\" alt=\"\" width=\"200\" height=\"200\" /></p>', '[{\"url\":\"http:\\/\\/vue.whpj.vip\\/uploads\\/admin\\/202105\\/60af8d85f101d.jpg\",\"name\":\"a5 - 副本 (2).jpg\"},{\"url\":\"http:\\/\\/vue.whpj.vip\\/uploads\\/admin\\/202105\\/60af94abc6d3a.jpg\",\"name\":\"a4 - 副本.jpg\"},{\"url\":\"http:\\/\\/vue.whpj.vip\\/uploads\\/admin\\/202105\\/60af8d752fe38.jpg\",\"name\":\"a3 - 副本 (2).jpg\"}]');
INSERT INTO `cd_pro` VALUES ('2', '5', null, null, '', null, '', null, null, '0', '', null, null, '/uploads/admin/202206/629daf9346e96.zip', '', null, '', null, null, '', '', null, null, null, null, null, '');
INSERT INTO `cd_pro` VALUES ('3', '23', null, null, null, null, null, null, null, '0', null, null, null, '/uploads/admin/202207/62d0e25598a7a.zip', '', null, null, null, null, '', null, null, null, null, null, null, '');
INSERT INTO `cd_pro` VALUES ('4', '24', null, null, null, null, null, null, null, '0', null, null, null, '/uploads/admin/202207/62d0e38096526.zip', '', null, null, null, null, '', null, null, null, null, null, null, '');
INSERT INTO `cd_pro` VALUES ('5', '25', null, null, null, null, null, null, null, '0', null, null, null, '/uploads/admin/202207/62d0e4472f1c3.zip', '', null, null, null, null, '', null, null, null, null, null, null, '');
INSERT INTO `cd_pro` VALUES ('6', '26', null, null, null, null, null, null, null, '0', null, null, null, '/uploads/admin/202207/62d0e550c2c74.zip', '', null, null, null, null, '', null, null, null, null, null, null, '');
INSERT INTO `cd_pro` VALUES ('7', '27', null, null, null, null, null, null, null, '0', null, null, null, '/uploads/admin/202207/62d0e6251b2f0.zip', '', null, null, null, null, '', null, null, null, null, null, null, '');

-- ----------------------------
-- Table structure for cd_role
-- ----------------------------
DROP TABLE IF EXISTS `cd_role`;
CREATE TABLE `cd_role` (
  `role_id` int(11) NOT NULL AUTO_INCREMENT COMMENT '编号',
  `name` varchar(36) DEFAULT NULL COMMENT '分组名称',
  `status` tinyint(4) DEFAULT NULL COMMENT '状态',
  `pid` smallint(6) DEFAULT NULL COMMENT '所属父类',
  `description` text COMMENT '描述',
  `access` longtext COMMENT '权限节点',
  PRIMARY KEY (`role_id`) USING BTREE
) ENGINE=MyISAM AUTO_INCREMENT=51 DEFAULT CHARSET=utf8 ROW_FORMAT=DYNAMIC;

-- ----------------------------
-- Records of cd_role
-- ----------------------------
INSERT INTO `cd_role` VALUES ('1', '超级管理员', '1', '0', '超级管理员', '');

-- ----------------------------
-- Table structure for cd_selectpage
-- ----------------------------
DROP TABLE IF EXISTS `cd_selectpage`;
CREATE TABLE `cd_selectpage` (
  `selectpage_id` int(11) NOT NULL AUTO_INCREMENT,
  `title` varchar(250) DEFAULT NULL COMMENT '标题',
  `member_id` smallint(6) DEFAULT NULL COMMENT '下拉分页',
  PRIMARY KEY (`selectpage_id`) USING BTREE
) ENGINE=InnoDB AUTO_INCREMENT=3 DEFAULT CHARSET=utf8 ROW_FORMAT=DYNAMIC;

-- ----------------------------
-- Records of cd_selectpage
-- ----------------------------
INSERT INTO `cd_selectpage` VALUES ('1', '这是测试下拉框分页', '28');
INSERT INTO `cd_selectpage` VALUES ('2', '测试2', '26');

-- ----------------------------
-- Table structure for cd_service
-- ----------------------------
DROP TABLE IF EXISTS `cd_service`;
CREATE TABLE `cd_service` (
  `service_id` int(11) NOT NULL AUTO_INCREMENT,
  `service_content` varchar(250) DEFAULT NULL COMMENT '服务内容',
  `start_time` int(11) DEFAULT NULL COMMENT '开始时间',
  `end_time` int(11) DEFAULT NULL COMMENT '结束时间',
  `sign_time` int(11) DEFAULT NULL COMMENT '签约时间',
  `status` tinyint(4) DEFAULT NULL COMMENT '服务状态',
  `company_id` int(11) DEFAULT NULL COMMENT '公司编号',
  PRIMARY KEY (`service_id`) USING BTREE
) ENGINE=InnoDB DEFAULT CHARSET=utf8mb4 ROW_FORMAT=DYNAMIC;

-- ----------------------------
-- Records of cd_service
-- ----------------------------

-- ----------------------------
-- Table structure for cd_supplier
-- ----------------------------
DROP TABLE IF EXISTS `cd_supplier`;
CREATE TABLE `cd_supplier` (
  `supplier_id` int(11) NOT NULL AUTO_INCREMENT,
  `supplier_name` varchar(250) DEFAULT NULL COMMENT '供应商名称',
  `status` tinyint(4) DEFAULT NULL COMMENT '状态',
  `create_time` int(11) DEFAULT NULL COMMENT '创建时间',
  `username` varchar(250) DEFAULT NULL COMMENT '用户名',
  `password` varchar(250) DEFAULT NULL COMMENT '密码',
  PRIMARY KEY (`supplier_id`) USING BTREE
) ENGINE=InnoDB AUTO_INCREMENT=5 DEFAULT CHARSET=utf8 ROW_FORMAT=DYNAMIC;

-- ----------------------------
-- Records of cd_supplier
-- ----------------------------
INSERT INTO `cd_supplier` VALUES ('1', '仟吉', '1', '1622120604', 'qianji', '6a5888d05ceb8033ebf0a3dfbf2b416e');
INSERT INTO `cd_supplier` VALUES ('2', '周黑鸭', '1', '1622120611', 'zhouheiya', '6a5888d05ceb8033ebf0a3dfbf2b416e');
INSERT INTO `cd_supplier` VALUES ('3', '皇冠蛋糕', '1', '1622120618', 'huangguan', '6a5888d05ceb8033ebf0a3dfbf2b416e');
INSERT INTO `cd_supplier` VALUES ('4', '精武鸭脖', '1', '1622120630', 'jingwu', '6a5888d05ceb8033ebf0a3dfbf2b416e');

-- ----------------------------
-- Table structure for cd_times
-- ----------------------------
DROP TABLE IF EXISTS `cd_times`;
CREATE TABLE `cd_times` (
  `times_id` int(11) NOT NULL AUTO_INCREMENT,
  `a` int(10) DEFAULT NULL COMMENT '普通',
  `b` int(10) DEFAULT NULL COMMENT '年月日',
  `year` varchar(250) DEFAULT NULL COMMENT '年',
  `month` varchar(250) DEFAULT NULL COMMENT '月',
  `sfm` varchar(250) DEFAULT NULL COMMENT '时分秒',
  `d` datetime DEFAULT NULL COMMENT 'datetime格式',
  PRIMARY KEY (`times_id`) USING BTREE
) ENGINE=InnoDB AUTO_INCREMENT=2 DEFAULT CHARSET=utf8 ROW_FORMAT=DYNAMIC;

-- ----------------------------
-- Records of cd_times
-- ----------------------------
INSERT INTO `cd_times` VALUES ('1', '1622520000', '1624550400', '2022', '06', '10:19:16', '2021-10-01 00:00:00');

-- ----------------------------
-- Table structure for cd_uploadfile
-- ----------------------------
DROP TABLE IF EXISTS `cd_uploadfile`;
CREATE TABLE `cd_uploadfile` (
  `uploadfile_id` int(11) NOT NULL AUTO_INCREMENT COMMENT '编号',
  `title` varchar(250) DEFAULT NULL COMMENT '标题',
  `pic` varchar(250) DEFAULT NULL COMMENT '单图上传',
  `pic_2` varchar(250) DEFAULT NULL COMMENT '单图2',
  `pics` text COMMENT '多图上传',
  `file` varchar(250) DEFAULT NULL COMMENT '单文件',
  `files` text COMMENT '多文件',
  PRIMARY KEY (`uploadfile_id`) USING BTREE
) ENGINE=InnoDB DEFAULT CHARSET=utf8 ROW_FORMAT=DYNAMIC;

-- ----------------------------
-- Records of cd_uploadfile
-- ----------------------------

-- ----------------------------
-- Table structure for cd_upload_config
-- ----------------------------
DROP TABLE IF EXISTS `cd_upload_config`;
CREATE TABLE `cd_upload_config` (
  `id` int(11) NOT NULL AUTO_INCREMENT,
  `title` varchar(250) DEFAULT NULL COMMENT '配置名称',
  `upload_replace` tinyint(4) DEFAULT NULL COMMENT '覆盖同名文件',
  `thumb_status` tinyint(4) DEFAULT NULL COMMENT '缩图开关',
  `thumb_width` varchar(250) DEFAULT NULL COMMENT '缩放宽度',
  `thumb_height` varchar(250) DEFAULT NULL COMMENT '缩放高度',
  `thumb_type` smallint(6) DEFAULT NULL COMMENT '缩图方式',
  PRIMARY KEY (`id`) USING BTREE
) ENGINE=InnoDB AUTO_INCREMENT=2 DEFAULT CHARSET=utf8 ROW_FORMAT=DYNAMIC;

-- ----------------------------
-- Records of cd_upload_config
-- ----------------------------
INSERT INTO `cd_upload_config` VALUES ('1', '默认配置', '1', '1', '600', '400', '1');
